
> klol-gg-v2@0.1.0 check
> npm run lint && npm run typecheck && npm run db:erd:check && npm test && npm run verify:home-guide-art && npm run build


> klol-gg-v2@0.1.0 lint
> eslint


E:\k-LOL.GG\worktrees\ux-discoverability-20261002\integrations\messengerbot-r\KLOL_KAKAO_BOT_V41_MESSENGERBOT_R.js
   1:838   warning  'e' is defined but never used  @typescript-eslint/no-unused-vars
   5:130   warning  'e' is defined but never used  @typescript-eslint/no-unused-vars
  32:231   warning  'e' is defined but never used  @typescript-eslint/no-unused-vars
  33:79    warning  'e' is defined but never used  @typescript-eslint/no-unused-vars
  33:196   warning  'e' is defined but never used  @typescript-eslint/no-unused-vars
  34:274   warning  'e' is defined but never used  @typescript-eslint/no-unused-vars
  35:200   warning  'e' is defined but never used  @typescript-eslint/no-unused-vars
  36:66    warning  'e' is defined but never used  @typescript-eslint/no-unused-vars
  44:347   warning  'n' is defined but never used  @typescript-eslint/no-unused-vars
  54:409   warning  'e' is defined but never used  @typescript-eslint/no-unused-vars
  56:71    warning  'e' is defined but never used  @typescript-eslint/no-unused-vars
  59:168   warning  'e' is defined but never used  @typescript-eslint/no-unused-vars
  60:318   warning  'e' is defined but never used  @typescript-eslint/no-unused-vars
  65:1002  warning  'e' is defined but never used  @typescript-eslint/no-unused-vars
  74:403   warning  'e' is defined but never used  @typescript-eslint/no-unused-vars
  75:151   warning  'e' is defined but never used  @typescript-eslint/no-unused-vars
  75:216   warning  'e' is defined but never used  @typescript-eslint/no-unused-vars
  75:497   warning  'e' is defined but never used  @typescript-eslint/no-unused-vars
  78:2934  warning  'e' is defined but never used  @typescript-eslint/no-unused-vars
  79:8     warning  'e' is defined but never used  @typescript-eslint/no-unused-vars
  80:116   warning  'e' is defined but never used  @typescript-eslint/no-unused-vars
  81:378   warning  'e' is defined but never used  @typescript-eslint/no-unused-vars

E:\k-LOL.GG\worktrees\ux-discoverability-20261002\integrations\messengerbot-r\KLOL_KAKAO_BOT_V41_V1_COMPAT.js
  1:1  warning  Unused eslint-disable directive (no problems were reported)

E:\k-LOL.GG\worktrees\ux-discoverability-20261002\integrations\messengerbot-r\KLOL_KAKAO_BOT_V41_V2_COMPLETE.js
    2:5  warning  'KLOL_V41_BUNDLE_START_SENTINEL' is assigned a value but never used  @typescript-eslint/no-unused-vars
  369:1  warning  Unused eslint-disable directive (no problems were reported)

E:\k-LOL.GG\worktrees\ux-discoverability-20261002\integrations\messengerbot-r\v1-strict\KLOL_KAKAO_BOT_V1_STRICT_MESSENGERBOT_R.js
     1:5   warning  'KLOL_V1_SOURCE_SHA256' is assigned a value but never used           @typescript-eslint/no-unused-vars
     2:5   warning  'KLOL_V1_EXTRACTED_SHA256' is assigned a value but never used        @typescript-eslint/no-unused-vars
     3:5   warning  'KLOL_V1_SOURCE_FUNCTIONS' is assigned a value but never used        @typescript-eslint/no-unused-vars
     6:5   warning  'KLOL_V1_TRANSPORT_SEAMS' is assigned a value but never used         @typescript-eslint/no-unused-vars
    38:10  warning  'ignored' is defined but never used                                  @typescript-eslint/no-unused-vars
   131:10  warning  'ignored' is defined but never used                                  @typescript-eslint/no-unused-vars
   228:5   warning  'PARTY_RECRUIT_STATUS_API_URL' is assigned a value but never used    @typescript-eslint/no-unused-vars
   239:46  warning  'ignored' is defined but never used                                  @typescript-eslint/no-unused-vars
   304:10  warning  'ignoredJavaNormalizationError' is defined but never used            @typescript-eslint/no-unused-vars
   314:10  warning  'parsePartyMemberMutationCommand' is defined but never used          @typescript-eslint/no-unused-vars
   457:10  warning  'error' is defined but never used                                    @typescript-eslint/no-unused-vars
   476:10  warning  'error' is defined but never used                                    @typescript-eslint/no-unused-vars
   491:10  warning  'error' is defined but never used                                    @typescript-eslint/no-unused-vars
   529:10  warning  'error' is defined but never used                                    @typescript-eslint/no-unused-vars
   555:10  warning  'error' is defined but never used                                    @typescript-eslint/no-unused-vars
   567:10  warning  'error' is defined but never used                                    @typescript-eslint/no-unused-vars
   605:10  warning  'error' is defined but never used                                    @typescript-eslint/no-unused-vars
   609:29  warning  'room' is defined but never used                                     @typescript-eslint/no-unused-vars
   609:35  warning  'sender' is defined but never used                                   @typescript-eslint/no-unused-vars
   609:43  warning  'imageBase64' is defined but never used                              @typescript-eslint/no-unused-vars
   609:56  warning  'replier' is defined but never used                                  @typescript-eslint/no-unused-vars
   612:36  warning  'room' is defined but never used                                     @typescript-eslint/no-unused-vars
   612:42  warning  'sender' is defined but never used                                   @typescript-eslint/no-unused-vars
   612:50  warning  'replier' is defined but never used                                  @typescript-eslint/no-unused-vars
   754:77  warning  'packageName' is defined but never used                              @typescript-eslint/no-unused-vars
   765:10  warning  'ignoredImageError' is defined but never used                        @typescript-eslint/no-unused-vars
   769:10  warning  'ignoredImageBase64Error' is defined but never used                  @typescript-eslint/no-unused-vars
   782:10  warning  'ignoredImageBitmapError' is defined but never used                  @typescript-eslint/no-unused-vars
  1798:5   warning  'isOperationFormCompleteMessage' is assigned a value but never used  @typescript-eslint/no-unused-vars
  1800:5   warning  'isSeasonApplyCompleteMessage' is assigned a value but never used    @typescript-eslint/no-unused-vars
  1830:10  warning  'response' is defined but never used                                 @typescript-eslint/no-unused-vars
  1838:12  warning  'ignoredDiagnosticReply' is defined but never used                   @typescript-eslint/no-unused-vars

E:\k-LOL.GG\worktrees\ux-discoverability-20261002\src\modules\matches\infrastructure\postgres-match-transaction-authorizer.ts
  11:73  warning  '_now' is defined but never used  @typescript-eslint/no-unused-vars

✖ 58 problems (0 errors, 58 warnings)
  0 errors and 2 warnings potentially fixable with the `--fix` option.


> klol-gg-v2@0.1.0 typecheck
> tsc --noEmit


> klol-gg-v2@0.1.0 db:erd:check
> tsx scripts/database/generate-erd.ts --check

[db:erd] up to date: 111 tables, 173 foreign keys, schema sha256 0601644420b7cbdc056c1f307d67aec845c6190d005d31c5143cc44cb0d4baa2

> klol-gg-v2@0.1.0 test
> npm run test:contracts && npm run test:unit


> klol-gg-v2@0.1.0 test:contracts
> node --test tests/*.test.mjs

✔ public match and player detail use the same allowlisted champion portrait with a safe fallback (6.6697ms)
✔ my account connects bounded participation and current discipline status to details and evidence (3.4172ms)
✔ event and destruction details retain actions while exposing readable lifecycle and result hierarchy (1.2388ms)
✔ own player mutation keeps approval, origin, revision and idempotency guards (4.9594ms)
✔ own player form keeps one idempotency key for an uncertain retry and explains Riot relinking (4.0775ms)
✔ account pages reuse the account shell and avoid decorative English headings (2.5521ms)
✔ isolated account HTTP verification runs the real Chromium owner profile regression (5.054ms)
✔ 역할 변경 API는 same-origin 세션 검사 뒤 일반 ADMIN을 mutation parsing 전에 거부한다 (9.0952ms)
✔ 역할 관리 UI와 목록 진입점은 SUPER_ADMIN에게만 노출된다 (1.7222ms)
✔ 승인된 미삭제 USER의 ADMIN 승격은 플레이어 연결을 요구하지 않는다 (1.0665ms)
✔ 플레이어 상세는 연결 계정 revision으로 기존 SUPER_ADMIN 역할 API를 안전하게 재사용한다 (1.7044ms)
✔ administrator balance status uses readable Korean operational labels (3.5672ms)
✔ administrator balance navigation is a visible keyboard-focusable control (1.3526ms)
✔ MMR 수동 조정은 raw UUID 대신 bounded 플레이어 선택기를 사용한다 (1.3096ms)
✔ Riot 작업은 현재 목록에서 플레이어와 link를 선택하고 revision을 자동 계산한다 (1.6983ms)
✔ 징계 대상 선택은 관리자 전용 bounded endpoint의 allowlist metadata로 표시값을 채운다 (3.952ms)
✔ 공통 bounded picker는 원격 metadata를 문자열 allowlist로 제한한다 (0.6455ms)
✔ the contracted match edit page reuses the guarded editor and preserves the AI review alias (4.0584ms)
✔ season administration presents lifecycle, status, source, and position labels in Korean (3.7995ms)
✔ account and settings administration avoid decorative English labels (1.3021ms)
✔ admin HTTP guard matrix covers every canonical App Router page (85.7054ms)
✔ administrator team draft pages use the ADMIN viewer and administrator mutation boundary (3.9423ms)
✔ administrator recommendation aliases remain same-origin permanent redirects (0.9933ms)
✔ administrator drafts support recoverable archive and persisted match registration (2.5215ms)
✔ season, date and round changes replace application form state in both editable branches (367.2118ms)
✔ position-free rounds do not display a fabricated main/sub position in own or public status (89.9919ms)
✔ ranking view and applied criteria replace stale unsaved filter inputs (26.5978ms)
✔ capture fixture example resolves every repository page without placeholders (244.871ms)
✔ browser QA server emits setup credentials, actor identity and fail-fast dynamic source IDs (2.3368ms)
✔ browser quality boundary accepts WCAG and performance values at their budgets (4.9923ms)
✔ browser quality boundary reports semantic, keyboard, motion, axe and performance failures (1.2811ms)
✔ compact standalone auth pages do not require a skip link or a single h1 (0.3482ms)
✔ full-page capture uses stable light reduced-motion rendering and wakes lazy media (0.7419ms)
✔ full-page capture fails visible repository error states even when HTTP is 200 (0.1558ms)
✔ full-page capture accepts synthetic credentials through bounded stdin (0.1401ms)
✔ champion administrator pages reuse the highlight content shell and keep safe mutations (6.226ms)
✔ champion read APIs keep public and administrator namespaces separated (3.7279ms)
✔ Data Dragon version monitor discovers the upstream latest version without changing the pinned catalog (5.5896ms)
✔ only documentation changed since the actual successful deployment can skip (1.804ms)
✔ first deployments, manual redeploys, missing history and mismatched checkout build (0.186ms)
✔ 핵심 일반 텍스트 토큰은 밝은 배경에서 WCAG AA 4.5:1 이상이다 (4.5873ms)
✔ 기능 상태 패널의 홈 링크는 AA 대비 primary 토큰 쌍을 사용한다 (0.9863ms)
✔ public destruction detail keeps owner application, vote and explicit unavailable/error states (3.1797ms)
✔ administrator destruction workspaces expose the full staged lifecycle (9.0332ms)
✔ API source keeps account owner and ADMIN boundaries separate (1.7561ms)
✔ public discipline API exposes aggregate statistics only (4.5805ms)
✔ owner and admin evidence boundaries require session, revision, idempotency, and concealed reads (3.3536ms)
✔ regular administrators may read discipline details but only super administrators may mutate them (2.1724ms)
✔ asset jobs accept signed requests only and are durably replay-guarded (1.0334ms)
✔ discipline pages declare real empty, error, and unavailable states (1.3122ms)
✔ discipline administrator headings and status labels are readable Korean (1.0405ms)
✔ public competition pages expose list/detail/application states without administrator controls (4.7917ms)
✔ administrator event pages connect every lifecycle operation to protected canonical APIs (8.7138ms)
✔ legacy event routes reuse the common no-store same-origin redirect boundary (0.7681ms)
✔ full-page QA runner parses only tagged synthetic harness values (2.4803ms)
✔ full-page QA summary fails count drift and any route issue (0.241ms)
✔ capture credentials use bounded stdin instead of command-line secrets (5.0809ms)
✔ capture CLI rejects unknown stdin credential fields before opening files or Chromium (117.0835ms)
✔ 홈과 데스크톱 메뉴는 이미 구현된 경기·팀 밸런스를 준비 중으로 표시하지 않는다 (3.608ms)
✔ 홈 공개 집계는 활성 플레이어·시즌과 게시 경기만 센다 (3.952ms)
✔ 홈 공개 피드는 실제 구인·대회와 완료된 멸망전 우승 갤러리를 조회한다 (7.2008ms)
✔ 홈 피드 공개 projection은 소유자·회원·Discord 필드를 선택하지 않는다 (1.6358ms)
✔ 홈은 DB 전체 활성 챔피언을 읽되 여성 허용 목록에서 KST 일일 안내 챔피언을 선택한다 (8.156ms)
✔ 홈과 플레이어 찾기는 회원명 검색을 안내하되 회원명을 결과로 출력하지 않는다 (2.2476ms)
✔ 홈은 소개·랭킹·바로가기·소식·내 활동·기록 순서로 안내한다 (6.1179ms)
✔ Kakao admin API splits ADMIN reads from SUPER TOTP mutations (7.1657ms)
✔ legacy Kakao admin pages permanently redirect to canonical real-state tabs (18.3819ms)
✔ every canonical Kakao handler checks the stored feature policy (7.8729ms)
✔ owner image session creation honors site and Kakao feature switches (0.8903ms)
✔ Kakao assistant routes share raw-body HMAC and durable read receipts (4.9329ms)
✔ managed forms remain isolated while season snapshots and owner-bound images are durable (11.2224ms)
✔ legacy Kakao paths execute the signed canonical POST handlers without redirects (5.0153ms)
✔ Kakao route capability policy is explicit for every phone endpoint (15.0176ms)
✔ season member submissions and reads use the FEATURES room but force cancel has a trusted command gate (2.2496ms)
✔ normal room authorization uses only canonical registry state and keeps environment bootstrap explicit (1.0565ms)
✔ private installer generator preserves shared settings and creates one identity per Kakao room (460.0135ms)
✔ Kakao routes are explicitly isolated between recruit and features installations (6.0061ms)
✔ wrong-room failures remain short and actionable on the phone (1.465ms)
✔ recruit mutations expose PII-free stage timing for p50 and p95 aggregation (4.1455ms)
✔ companion is ES5 and below both editor character limits (35.5091ms)
✔ exact status/version commands are local and preserve OFF, settings and the registered target (2.1795ms)
✔ diagnostics ignore ordinary messages, slash variants and untrusted app callbacks (0.7908ms)
✔ registration results use fixed Korean replies and never poll or expose secrets (2.6477ms)
✔ OFF and repeated registration replies cannot enable polling or replace a session (0.9301ms)
✔ installed response callback reports status and registration without queue delivery (0.9317ms)
✔ no registration, disabled, wrong app/code, or another session cannot send (0.6829ms)
✔ ACK loss retries ACK without sending again, including after restart (1.3335ms)
✔ crash marker or ambiguous SDK result never resends automatically (1.216ms)
✔ ledger write failure, wrong target and stale lease fail closed before send (1.7918ms)
✔ explicit SDK rejection is retryable after manual session renewal (0.6823ms)
✔ whole installed runtime answers local diagnostics without credentials, network or registration (1.3961ms)
✔ initialization failures leave version and fixed failure-stage diagnostics available (2.7021ms)
✔ rejected callback contexts stay silent and record only fixed local diagnostic codes (0.7254ms)
✔ reply failure and SDK rejection produce fixed local evidence without leaking exceptions (1.2924ms)
✔ reported open-chat false group flag still answers version, diagnostics and status locally (2.3598ms)
✔ false group flag requires exact one-use code and retains only explicitly registered session (0.7955ms)
✔ false group flag never permits debug, missing-package or other-app registration (2.0445ms)
✔ the ADR freezes every non-negotiable V1-exact adapter constraint (5.3815ms)
✔ the reusable V4 text transport is one signed five-second request without bearer fallback (1.6821ms)
✔ the V1 strict phone installer uses the current private artifact and omits public-only provenance (2.1173ms)
✔ installation profiles, not callback room or sender role, form the V4 text authorization boundary (0.8464ms)
✔ V2 services can reserve a hidden DRAFT and legacy bearer routes remain closed (1.4894ms)
✔ the existing image service is separately signed, bounded, and session-backed (0.9271ms)
✔ canonical V40 R2 routes managed commands to site-first links, not the legacy image session creator (29.6759ms)
✔ a clean V1-strict install keeps imageDB silent instead of inventing an unreachable UUID flow (6.0534ms)
✔ the dormant legacy image receiver remains secure for non-strict clients without reopening bearer access (2.4524ms)
✔ builder pins the canonical V1 hash and produces an ES5/Rhino-safe artifact (312.1397ms)
✔ Rhino audit detects functions that mix value and bare returns (0.6211ms)
✔ V1 strict routes organizer-only metadata activation forms with or without one slash (27.5888ms)
✔ V1 strict routes scoped in-house finish commands as unchanged raw text (49.4127ms)
✔ R23 retired scrim commands and forms reply locally without an HTTP request (79.8043ms)
✔ R25 local help matches optional member linking, Rift lanes, protected editing and detail rereads (7.9634ms)
✔ R24 compact copy forms keep complete success and pending envelopes in one signed request (78.274ms)
✔ R24 compact form routing leaves malformed references to the server and ignores prose (33.7289ms)
✔ R24 actual server-rendered party and inhouse templates accept one name through the phone (371.3186ms)
✔ R23 copy-paste party and inhouse forms forward names and saved references unchanged (11.3173ms)
✔ V1 strict routes the full organizer-only template returned by the production server (4.6384ms)
✔ artifact excludes legacy HTTP, bearer, and embedded secret material (3.4223ms)
✔ all response-reachable non-transport V1 executable lines are preserved without comments or blank spacers (49.2579ms)
✔ strict adapter reuses the canonical V1 local dedupe storage keys (0.7253ms)
✔ local replies, echo rules, events, and no-reply behavior equal the canonical V1 (12.0287ms)
✔ R19 chooses one complete tone when the OpenChat entry guide appears (15.0126ms)
✔ R19 consumes the raw join event and accepts only the OpenChat entry heading (3.629ms)
✔ approved party member mutations parse safely and use one RECRUIT gateway request (14.8211ms)
✔ inhouse member shortcuts reach the matching profile gateway (26.4404ms)
✔ reported inhouse loading echo is ignored while user commands and explicit member edits keep one reply (6.1183ms)
✔ same MessengerBot logId replay suppresses only the duplicate visible reply (8.6795ms)
✔ ambiguous party member text never reaches the mutation gateway (17.8813ms)
✔ local recruit help documents member commands and keeps full-form guidance (17.3319ms)
✔ command and form predicates are byte-derived and behaviorally equal to V1 (11.5296ms)
✔ one public command performs one five-second signed gateway request without room binding (7.5382ms)
✔ recoverable season rows reach the gateway once even with whitespace numbering and partial fields (4.6054ms)
✔ completed augment-ARAM in-house forms reach the FEATURES gateway and always reply (4.0894ms)
✔ completed augment-ARAM metadata with ten empty name rows activates through FEATURES (8.8905ms)
✔ a complete empty season snapshot reaches the gateway once for authoritative cancellation (7.041ms)
✔ empty-snapshot gate rejects incomplete forms and ordinary conversation (12.8997ms)
✔ clean-session imageDB input preserves the active V40 R2 no-reply and no-HTTP behavior (3.5078ms)
✔ all seven active text seams preserve V1 success and empty replies while failures use safe common notices (56.0246ms)
✔ literal transport failures distinguish settings, input, and connection errors without exposing values (22.7447ms)
✔ both V40 R2 image seams stay inactive for every transport outcome (5.5247ms)
✔ R26 text commands never probe notification images before their response (13.0674ms)
✔ R26 speed diagnostic keeps the previous request timing across ordinary chat and bot echo (9.0662ms)
✔ R27 local diagnostics bypass request state, deduplication and notification image reads (1.7275ms)
✔ R27 diagnostic distinguishes reply failure and tolerates unavailable logging (1.3355ms)
✔ V1-strict keeps completion diagnostics but routes incomplete operation-form candidates (7.5776ms)
✔ V1-strict candidate routing ignores ordinary label discussion (5.8026ms)
✔ V1-strict ordinary label discussion performs no request or local dedupe write (5.4742ms)
✔ V1-strict accepts standalone wrapper titles but ignores wrappers embedded in prose (10.6294ms)
✔ V1-strict response forwards one incomplete form request to the FEATURES gateway (3.1669ms)
✔ V1-strict canonicalizes tolerant label spelling before gateway classification (3.1917ms)
✔ V1_STRICT fixture preserves the canonical V1 bytes across checkout line endings (1.6447ms)
✔ V1_STRICT fixture contains no hard-coded credential value (0.6128ms)
✔ V1_STRICT fixture remains ES5 and Rhino-static warning free (60.388ms)
✔ V1_STRICT executes the original bot-version reply with or without slash (6.8229ms)
✔ V1_STRICT executes the original user help exactly (4.0103ms)
✔ APPROVED_EXTENSIONS cannot be mislabeled as commands from the V1_STRICT oracle (9.3856ms)
✔ [A01] the unified phone artifact is a readable ES5 single file below 40,000 characters (23.6625ms)
✔ [A02] the final unified artifact has zero Rhino static warning candidates (20.0568ms)
✔ [A03] the generated artifact classifies each command into exactly one server profile (2.0255ms)
✔ [A04] callback room, channel and group values are neither read nor transmitted (4.6234ms)
✔ [A05] text transport timeout is no more than five seconds (0.9535ms)
✔ V4 source template is one thin command-family routing client (6.5592ms)
✔ the generated unified phone file is standalone ES5 with one callback (20.842ms)
✔ builder owns the unified output and refreshes deprecated split fixtures (1.1288ms)
✔ release docs lock one phone, one MessengerBot profile, and two Kakao rooms (2.1934ms)
✔ [C01] each entry sends its own static profile regardless of poisoned callback room values (15.3077ms)
✔ [C02] RECRUIT ignores FEATURES commands locally without a server call (1.3601ms)
✔ [C03] FEATURES ignores RECRUIT commands locally without a server call (1.5212ms)
✔ [C03A] one unified phone bot routes both room command families exactly once (6.6461ms)
✔ [C03C] party template commands including spaced aliases use exactly one server request for a V1 number (3.8979ms)
✔ [C03D] a copied V1 party form without its number returns the exact local guidance (1.8233ms)
✔ [C03B] unified bot version is one local reply and never reaches transport (2.1831ms)
✔ [C04] malformed slash, URLs and middle slash are rejected before transport (9.5218ms)
✔ [C05] no-logId boot counter gives every independent command a new event ID (1.3913ms)
✔ [C06] one command performs one HTTP execute with a five-second maximum (1.8994ms)
✔ [C05A] logId replay is stable in one boot and isolated across profiles and restarts (2.7392ms)
✔ [C05C] phone settings are read from MessengerBot storage once within one request cache (1.1881ms)
✔ [C05B] unified echo suppression checks both room-specific bot display names (1.1961ms)
✔ [C07] one scrim command performs exactly one client-to-server send (1.7607ms)
✔ [C08:WRONG_PROFILE] client exposes the WRONG_PROFILE error category (1.0158ms)
✔ [C08:INVALID_SIGNATURE] client exposes the INVALID_SIGNATURE error category (1.2605ms)
✔ [C08:REPLAY_CONFLICT] client exposes the REPLAY_CONFLICT error category (1.0658ms)
✔ [C08:SERVER_UNAVAILABLE] client exposes the SERVER_UNAVAILABLE error category (0.9179ms)
✔ [C08:INVALID_FORM] client exposes the INVALID_FORM error category (1.1405ms)
✔ [C08A] INVALID_FORM keeps the server parser detail and has a safe fallback (1.5506ms)
✔ [P3-C01] FEATURES entry sends one request for 내전구인 (7.7202ms)
✔ [P3-C02] FEATURES entry sends one request for 내전구인 협곡 2026-09-09 21:30 #2 10명 (1.2618ms)
✔ [P3-C03] FEATURES entry sends one request for 내전구인 칼바람 2026-09-09 21:30 #3 10명 (1.1118ms)
✔ [P3-C04] FEATURES entry sends one request for 내전구인 증바람 2026-09-09 21:30 #4 10명 (1.2806ms)
✔ [P3-C05] FEATURES entry sends one request for 내전현황 (4.3173ms)
✔ [P3-C06] FEATURES entry sends one request for 내전상세 2 (1.2749ms)
✔ [P3-C07] FEATURES entry sends one request for 📢 내전하실분 #2 (2.009ms)
✔ [P3-C08] RECRUIT entry sends one request for 스크림구인 (2.4704ms)
✔ [P3-C09] RECRUIT entry sends one request for [K-LOL.GG 스크림 구인 양식] (2.4569ms)
✔ [P3-C10] FEATURES entry sends one request for 지인 이름: 친구 (1.8877ms)
✔ [P3-C11] FEATURES entry sends one request for 본인 이름 및 닉네임: 홍길동/테스터 (1.1184ms)
✔ [P3-C12] FEATURES entry sends one request for 주최자 이름 및 닉네임: 홍길동/테스터 (6.1371ms)
✔ [P3-C13] FEATURES entry sends one request for 이름 및 닉네임: 신청자/닉 (2.3091ms)
✔ [P3-C14] FEATURES entry sends one request for 등록 (1.3755ms)
✔ [P3-C15] FEATURES entry sends one request for 내전등록 (1.2561ms)
✔ [P3-C16] FEATURES entry sends one request for 경고등록 (1.8102ms)
✔ [P3-C17] FEATURES entry sends one request for 인증 (0.8711ms)
✔ [P3-C18] FEATURES entry sends one request for 경고현황 (1.0364ms)
✔ [P3-C19] FEATURES entry sends one request for 결과현황 (1.1056ms)
✔ [P3-C20] FEATURES entry sends one request for 사진취소 (1.6268ms)
✔ [P3-C21] FEATURES entry sends one request for 자동공지 20 (1.4922ms)
✔ [P4-C01] unified 봇버전 is client-only with exact local content (16.6416ms)
✔ [P4-C02] unified 도움말 is client-only with exact local content (8.5933ms)
✔ [P4-C03] unified 구인도움말 is client-only with exact local content (1.9422ms)
✔ [P4-C04] unified 구인웹도우미 is client-only with exact local content (1.7557ms)
✔ [P4-C05] every V1 PUBLIC alias is classified by the unified phone with at most one send (54.2824ms)
✔ [P4-C06] malformed slash, URL and middle-slash inputs never enter public transport (45.1437ms)
✔ [P4-I01] V2도움말 never enters public V4 transport (7.1594ms)
✔ [P4-I02] V2진단 never enters public V4 transport (2.5146ms)
✔ [P4-I03] V2연동확인 never enters public V4 transport (8.2613ms)
✔ [P4-I04] 연동확인 never enters public V4 transport (12.9821ms)
✔ [P4-I05] V2모집 never enters public V4 transport (5.2103ms)
✔ [P4-I06] V2시즌 never enters public V4 transport (3.0344ms)
✔ [P4-I07] V2양식 never enters public V4 transport (2.5051ms)
✔ [P4-I08] V2사진세션 never enters public V4 transport (2.1532ms)
✔ [P4-I09] V2사진취소 never enters public V4 transport (3.1282ms)
✔ [P4-A01] final unified phone artifact is synchronized ES5, under 40k and Rhino-static clean (97.0107ms)
✔ [P4-C01] every public V1 alias passes the correct phone profile with zero-or-one slash (26.1632ms)
✔ [P4-C02] local public replies are exact and never include V2 operator commands (1.6591ms)
✔ [P4-C02A] all actual V41 public command samples pass the matching V4 phone profile (7.9663ms)
✔ [P4-C03] photo and retired preview commands reply locally with no server transmission (3.1286ms)
✔ [P4-C04] internal, unknown, and malformed inputs are rejected before transport (2.8502ms)
✔ [P4-C05] unified entry preserves one send site, five-second timeout, and dynamic family split (0.8207ms)
✔ [P4-C02B] member shortcuts tolerate mobile normalization and reject ambiguous mutations (3.0417ms)
✔ V4 private generator creates one ignored paste-ready file without printing secrets (804.013ms)
✔ [R01] V4 durable receipt and nonce schema is present in the ordered migration ledger (7.0593ms)
✔ [R02] installation, canonical room, key and capability migrations match the runtime schema (18.6266ms)
✔ [R03] V3 and V4 server intake coexist while one V4 entry binds profile-specific installation identity (3.3388ms)
✔ [RESOLVED R04] V4 uses deterministic installation scope without a pairing command (2.5731ms)
✔ [R05] documented Vercel variable names cover the V4 runtime without reading values (7.8592ms)
✔ contract fixture has traceable V1 evidence and all required domains (1.532ms)
✔ zero or exactly one leading slash routes to the same command (0.3773ms)
✔ double slash, URL slash, separated slash, and middle slash are not commands (0.1351ms)
✔ same installation scope members can edit and finish across sender identities (0.2032ms)
✔ initial party form exposes the three activation fields without participant rows (0.2292ms)
✔ full party forms are authoritative snapshots and allow A→B→A (0.2765ms)
✔ party member shortcuts retain the full-form workflow and current-scope mutation boundary (0.1843ms)
✔ Rift, ARAM, and Augment ARAM preserve their V1 field policies (1.7406ms)
✔ scrim keeps full-form editing and V1 disabled manual lifecycle replies (0.2208ms)
✔ operation forms retain V1 labels, wrappers, missing-field reply, and echo guard (0.1983ms)
✔ registration and warning guidance preserve exact V1 headings and destinations (0.2002ms)
✔ user-facing help excludes V2 diagnostics and raw JSON commands (0.2304ms)
✔ representative record, recent, and ranking replies remain exact V1 fixtures (0.0909ms)
✔ V40 구인도움말 문구와 줄바꿈을 그대로 유지한다 (15.1248ms)
✔ V40 5인파티 생성 응답에 모집번호가 있는 편집 가능한 전체 양식을 유지한다 (7.2405ms)
✔ V40 구인현황 제목과 상세 명령 CTA를 포함한 정확한 응답을 유지한다 (11.7926ms)
✔ V40 bare 멸망전스크림 입력을 스크림 명령으로 분류한다 (2.6295ms)
✔ V40 일반 도움말의 제목·항목·줄바꿈을 모든 별칭에서 그대로 유지한다 (20.6656ms)
✔ V40 구인 웹 도우미와 구인 도움말을 서로 다른 응답으로 유지한다 (20.5699ms)
✔ V40 등록 센터의 설명과 기존 링크를 모든 별칭에서 그대로 유지한다 (14.3216ms)
▶ V40 내전·경고·인증·현황 링크 응답을 그대로 유지한다
  ✔ 내전등록 (31.8945ms)
  ✔ 경고등록 (25.1074ms)
  ✔ 인증 (9.8398ms)
  ✔ 경고현황 (6.943ms)
  ✔ 결과현황 (13.3848ms)
✔ V40 내전·경고·인증·현황 링크 응답을 그대로 유지한다 (88.7208ms)
▶ V40 전적·최근·랭킹의 사용자 표시 정보를 잃지 않는다
  ✔ 전적 (16.9314ms)
  ✔ 최근 (5.2682ms)
  ✔ 랭킹 (3.9349ms)
✔ V40 전적·최근·랭킹의 사용자 표시 정보를 잃지 않는다 (26.7887ms)
✔ V40처럼 오픈채팅봇이 출력한 운영 양식은 재접수하지 않는다 (2.4444ms)
✔ V40 운영 양식은 서버가 만든 접수 문구를 그대로 전달한다 (5.6887ms)
✔ V40 사진취소 별칭의 사이트 우선 안내 동작을 그대로 유지한다 (7.9092ms)
✔ V40 입장·퇴장·초대·서버 echo 동작을 유지한다 (3.4791ms)
✔ V40 스크림구인은 자동배정 번호와 원래 줄바꿈을 가진 전체 양식을 반환한다 (17.9771ms)
✔ V40 스크림현황은 파티 현황과 섞지 않고 한글 상태와 상세 명령을 표시한다 (4.2551ms)
✔ V40 스크림현황 빈 상태 문구를 정확히 유지한다 (4.1464ms)
✔ V40 스크림상세는 복사 가능한 전체 양식과 수정 안내를 그대로 반환한다 (2.2494ms)
✔ V40 스크림 전체 양식 신규 제출은 즉시 한 번 저장하고 등록 완료만 응답한다 (14.3795ms)
✔ V40 원본 양식은 멸망전번호 없이 서버의 단일 활성 대회 자동 판별을 사용한다 (7.6856ms)
✔ V40 스크림 전체 양식 수정 제출은 별도 확인 없이 같은 번호를 교체 반영한다 (6.753ms)
✔ V40에서 사용 중단된 참가·확정·취소·수동 종료는 원래 안내만 하고 변경하지 않는다 (10.1974ms)
✔ paste-ready V41 bot routes major commands only through the signed V2 transport (8.3406ms)
✔ mobile installer has no Rhino CODE_HAS_NO_SIDE_EFFECTS statement candidates (79.3279ms)
✔ phone transport renders actionable HTTP failure categories (2.5592ms)
✔ Kakao pending slot lookup is lifecycle-neutral and only cancels ACTIVE rows (3.3496ms)
✔ 자동 수집한 전체 명령 계약은 slash/무슬래시를 하나의 canonical command로 만든다 (17.0475ms)
✔ V1 호환 파서는 모든 공개 V1 명령에서 slash/무슬래시 분류를 동일하게 유지한다 (17.9542ms)
✔ canonical command 경계는 본문과 Riot ID를 보존하고 slash 오인식을 막는다 (4.1931ms)
✔ 휴대폰 압축본의 V1 무통신 명령은 읽기 쉬운 전체본과 동일하게 응답한다 (18.0522ms)
✔ room and channel callback fields are not used for installation scope (13.8365ms)
✔ installation scope is stable across signing-key rotation and differs across installations (4.8012ms)
✔ delivery identity ignores raw room and channel while binding installation, sender, log, and message (5.4118ms)
✔ opaque sender uses userHash when available and display-name fallback is labeled (1.7455ms)
✔ field diagnostics explicitly use installation scope and retain opaque sender (2.8895ms)
✔ response stores a season preview and only the matching one-time code performs SYNC (15.4856ms)
✔ response requires a complete authoritative snapshot scope and supports preview cancellation (3.6398ms)
✔ response ignores server echoes and restores legacy guide aliases after full-width normalization (2.8349ms)
✔ response preserves V40 room events, missing-number guidance, and parameterized managed shortcuts (6.1384ms)
✔ response keeps an active image session when MessengerBot only exposes a placeholder (7.6578ms)
✔ response routes legacy record, recent, and ranking commands through V2 data while preserving V1 replies (3.2766ms)
✔ response formats scheduled notice aliases as read-only previews (2.5722ms)
✔ response accepts bitmap fallback, reports image progress, and clears terminal or cancelled sessions (3.9583ms)
✔ response exposes a secret-free V2 transport diagnostic (4.0594ms)
✔ response scopes different senders to one installation and ignores broken room parser fields (8.0284ms)
✔ response suppresses a duplicate callback with the same Kakao log identity (2.4049ms)
✔ response entry point keeps representative V1 and V2 replies identical with or without slash (31.4297ms)
✔ raw V2 recruiting JSON is explicitly marked for the server-side operator gate (2.1175ms)
✔ response entry point does not treat slash-only, URL, middle slash, double slash, or slash-space as commands (2.9344ms)
✔ V41 season output uses the site application fields and round-trips as bot input (15.9601ms)
✔ V41 season input accepts the labeled site form and rejects invalid sub positions (3.0338ms)
✔ V41 authoritative sync response reports create, update, cancel and review counts (2.0913ms)
✔ V1 compatibility parser stays ES5, transport-free, and rejects unsafe input (16.8016ms)
✔ all V40 party creation, finish, help, status, and detail aliases are classified (4.4504ms)
✔ party form parser preserves metadata, positions, numbered members, and substitutes (5.9032ms)
✔ party form metadata accepts line endings and colon variants without rewriting values (1.5857ms)
✔ party form tolerates clipped headers, Markdown escapes, attached values, and controlled line wraps (2.393ms)
✔ inhouse aliases parse mode, date, time, recruit number, and capacity (5.7582ms)
✔ scrim aliases and legacy full form are converted without a transport call (8.5728ms)
✔ four operation forms become exact V2 payload shapes with sender fallbacks (4.6328ms)
✔ four legacy 외출 wrappers parse identically and missing fields are explicit (2.5996ms)
✔ registration, warning, result, evidence, status, and photo-cancel aliases are classified (1.8067ms)
✔ V1: 내전구인만 입력하면 종목 선택 안내를 정확히 보낸다 (15.6875ms)
✔ V1: 알 수 없는 내전 종목에만 입력값을 포함한 오류와 선택 안내를 보낸다 (3.8989ms)
✔ V1: 협곡 내전구인은 티어·라인과 빈 칸을 포함한 전체 양식을 정확히 보낸다 (8.6147ms)
✔ V1: 칼바람 내전구인은 이름 전용 전체 양식을 정확히 보낸다 (2.3963ms)
✔ V1: 번호 없는 내전현황은 모든 회차 요약과 내전상세 명령을 정확히 보낸다 (2.4769ms)
✔ V1: 내전상세 번호는 참여자와 빈 칸을 포함한 편집 가능한 전체 양식을 정확히 보낸다 (3.03ms)
✔ V1: 작성한 전체 신청 양식은 확인 단계 없이 한 번 동기화하고 서버 답변을 그대로 보낸다 (6.0954ms)
✔ V1: 같은 전체 신청 양식이 연속 수신되면 첫 반영 뒤 중복 요청과 중복 답변을 내지 않는다 (3.7669ms)
✔ V1: 빈 전체 양식은 일반·ASCII slash·전각 slash 모두 0명 authoritative sync로 처리한다 (7.3737ms)
✔ V1: 불완전한 빈 양식과 double·URL·중간 slash는 authoritative sync를 실행하지 않는다 (12.9876ms)
✔ 외출 필수값 누락은 항목별 안내만 보내고 서버 제출을 실행하지 않는다 (3.1695ms)
✔ 오류 제목이 이미 포함된 서버 상세는 K-LOL.GG 요청 실패 제목을 중복하지 않는다 (3.0923ms)
✔ legacy party create suppresses a duplicate callback before a second V2 mutation (14.9923ms)
✔ legacy full party form maps positions to slots and synchronizes the existing V2 party (11.8812ms)
✔ slash and plain temporary/form flows share server-first metadata fallback and preserve free text (9.5065ms)
✔ 99 재현, 지오, 97 기용 fixtures complete public create, form, and finish flows with or without slash (31.3205ms)
✔ legacy party candidates stay separate from primary capacity (4.4935ms)
✔ legacy finish suppresses a duplicate callback after the party leaves active status (2.9621ms)
✔ same-room users can clear and finish another user's two-digit party while repeated forms stay idempotent (11.8675ms)
✔ failed party mutations return the cause without fetching or appending status (2.5565ms)
✔ successful sync, blank deletion, and finish explain a failed status refresh (10.5492ms)
✔ legacy operation form, inhouse template, and scrim template stay available (4.6814ms)
✔ legacy scrim full form is stored through the typed V2 mutation and replays safely (5.8716ms)
✔ 숫자형 플레이어·미디어 상세는 존재 확인 뒤 canonical UUID로 이동한다 (10.0451ms)
✔ 숫자형 이벤트전·멸망전은 존재 확인 뒤 canonical UUID로 이동한다 (8.1226ms)
✔ 관리자 직접 가져오기는 파일·붙여넣기·비공개 미리보기·재시도 복구를 제공한다 (7.2224ms)
✔ 관리자 로그아웃은 가져오기 복구 namespace만 best-effort로 지운다 (3.1701ms)
✔ 직접 가져오기 API는 예약→bounded body→work gate→private finalize 순서를 지킨다 (3.5892ms)
✔ 검토 UI는 fuzzy 자동 연결 없이 구조화 행별 사람 확인을 요구한다 (2.7331ms)
✔ admin import cancellation is authorized only for ADMIN-source rows (2.5229ms)
✔ match editor exposes only the structured form and traps the void confirmation dialog (9.7608ms)
✔ picker status copy is outside the listbox and visual active row matches aria active descendant (1.1799ms)
✔ submission reject dialog shares the accessible modal behavior (1.9236ms)
✔ submission conflict keeps component identity and adopts only a verified latest revision (6.4844ms)
✔ match editor conflict preserves local input and adopts only a verified latest aggregate (2.5407ms)
✔ match editor save action stays readable in enabled and disabled states (1.9184ms)
✔ OCR route reserves before the process gate and all external work (8.7859ms)
✔ OCR reservation is durable, single-image and replay-first (1.2782ms)
✔ submission approval durably transfers team-balance provenance into the match aggregate (0.6556ms)
✔ ordinary match amendments cannot clear immutable team-balance provenance (0.2581ms)
✔ web submission linkage revalidates draft ownership, lifecycle and selected layout in its transaction (0.2581ms)
✔ match changed outbox carries team-balance provenance in its typed row and payload (0.1733ms)
✔ public match detail returns a not-found contract instead of a blank success (2.8514ms)
✔ anonymous result continuation returns to the same submission after login (11.5038ms)
✔ changing a continuation code or draft resets form identity while same-context refresh preserves edits (29.781ms)
✔ pending, rejected, suspended and password-reset accounts get recovery before filling the submission form (89.8084ms)
✔ completed or rejected submissions show their result and recovery without impossible upload controls (5.5448ms)
✔ submission lookup failure keeps the code for retry and is distinct from a missing submission (32.2509ms)
✔ creating a submission locks mutations until the server route has committed and resets new-submission state (63.9541ms)
✔ match submission accepts only an owner-verified selected team-balance draft (0.7317ms)
✔ successful server selection remounts both draft workspaces without resetting local edits (0.1423ms)
✔ 홈과 이미지 상세은 같은 접근 가능한 수동 캐러셀을 사용한다 (6.1292ms)
✔ 캐러셀은 빈 상태를 안전하게 닫고 한 장에는 이동 컨트롤을 숨기며 여러 장에는 직접 이동을 제공한다 (6.8168ms)
✔ 캐러셀은 모바일 비율·44px 조작 영역·모션 감소 설정을 유지한다 (2.23ms)
✔ 홈 우승 사진은 FK 연결을 우선하고 엄격한 레거시 후보만 보강하며 실제 자산 URL을 사용한다 (7.1339ms)
✔ gallery image load failures keep a clear, accessible fallback in the reserved card area (7.9581ms)
✔ migration journal has contiguous indices, increasing timestamps, and matching SQL tags (2.2311ms)
✔ public MMR page exposes canonical allowlisted filters and bounded projection summaries (1.6903ms)
✔ admin MMR workspace connects protected recalculate, adjustment, players and review states (1.2526ms)
✔ team balance provider selects READY MMR before statistics fallback (1.15ms)
✔ MMR previous/next links reach later players and preserve validated search, position, and page size (15.0629ms)
✔ first and last MMR pages expose only valid directions (6.8648ms)
✔ selected position displays the score used to rank and that position's sample, including zero (6.165ms)
✔ empty projection, unmatched search, and out-of-range page have different recovery actions (5.0458ms)
✔ invalid MMR address is rejected before loading and has a clean recovery link (5.2933ms)
✔ MMR load failure retries the same bounded query without pretending the list is empty (1.46ms)
✔ signed operation-form submit retains raw-body HMAC and durable replay boundaries (4.3062ms)
✔ admin mutation requires ADMIN session, same-origin, If-Match and idempotency (1.3299ms)
✔ admin pages expose filtered empty/error/unavailable states and compatibility routes (2.6241ms)
✔ operational diagnostics remain admin-only server rendering with no polling or mutation (7.332ms)
✔ public operations endpoints expose bounded settings and minimum health only (9.6421ms)
✔ admin mutations and downloads retain strong server authorization boundaries (7.0514ms)
✔ internal maintenance requires a signed job and never accepts session authorization (1.9828ms)
✔ Vercel schedules destruction ratings, statistics, MMR, Riot and daily Kakao close through protected GET boundaries (3.1457ms)
✔ route groups are removed while concrete and dynamic segments become canonical URLs (36.6878ms)
✔ route fixtures override parameter fixtures and every missing dynamic fixture fails immediately (1.2109ms)
✔ recommendation query variants reject a malformed transcribed draft fixture (0.6869ms)
✔ capture sessions are isolated by authentication boundary (0.2921ms)
[capture-plan] 1 page files -> 4 capture targets at C:\Users\sjh11\AppData\Local\Temp\klol-capture-cli-VGRlGM\nested\capture-plan.json
✔ the CLI contract reads a fixtures JSON file and creates its output directory (15.9698ms)
✔ the repository plan covers every page once, resolves IDs and adds reviewed variants (274.6126ms)
✔ 사용자·관리자 상세 화면은 저장소 오류 상태에서도 페이지 제목과 상태 의미를 유지한다 (6.6997ms)
✔ 공용 미디어 편집 화면도 저장소 오류 상태에서 페이지 제목을 유지한다 (1.6251ms)
✔ 챔피언 이미지 projection은 0025 적용 전에도 공개 통계·목록 조회를 유지한다 (2.6678ms)
✔ 플레이어 공개 프로필은 실제 경기 KDA와 신청 포지션 배치·팀 밸런스 점수를 함께 설명한다 (12.226ms)
✔ 공개 Riot 읽기는 API·RSO 비밀 구성과 분리되고 UI가 미연동·대기·오류를 구분한다 (1.9374ms)
✔ 플레이어 검색어는 문자열·배열·미입력을 하나의 안전한 문자열로 정규화한다 (0.7508ms)
✔ 중복 q 파라미터 배열은 첫 값으로 정규화되어 trim 오류를 만들지 않는다 (0.2076ms)
✔ 검색 유스케이스는 PlayerRepository 포트를 통해 주입된 구현만 호출한다 (0.8196ms)
✔ PWA manifest and layout publish the expected install contract (5.1725ms)
✔ service worker caches static public assets only (1.1736ms)
✔ install icons exist and are not empty (1.203ms)
✔ 공개 구인 카드와 API DTO는 참여자 표시 정보만 노출한다 (5.4315ms)
✔ 내전 등록·상세 UI는 경기 시간을 입력하거나 표시하지 않는다 (3.1025ms)
✔ 이벤트 대회와 멸망전은 목록·필터·신청 CTA·관리 흐름을 독립 경로로 유지한다 (14.1199ms)
✔ account pagination reports the filtered total and page range while retaining filters and page size (33.899ms)
✔ first and last job pages expose only valid navigation and preserve the status filter (6.0071ms)
✔ log navigation retains its source and does not produce an incompatible account status (2.476ms)
✔ bulk preview remains a bounded first batch without ordinary page navigation or invented totals (1.601ms)
✔ a now-empty page can return to available results without displaying a nonexistent range (1.6715ms)
✔ navigation respects the query ceiling and unavailable data never pretends there are zero accounts (4.8195ms)
✔ history chart server output preserves tooltip text for every chart mode (159.3156ms)
✔ match growth server output preserves own and opponent tooltips without fabricated missing values (84.9915ms)
✔ match summaries render identical Korean clock text across server and browser locale data (243.7576ms)
✔ filter and chart date keys use fixed Korean calendar parts across locale data and year boundaries (81.905ms)
✔ Kakao pending API splits ADMIN reads from SUPER TOTP mutations (5.7786ms)
✔ pending operator UI uses bounded filters, a player picker and revision-safe commands (1.2264ms)
✔ public season applications expose Kakao-started recruit rounds without leaking pending identities (2.9796ms)
✔ feature-gated site assistant is mounted globally and uses protected AI contracts (5.0961ms)
✔ site feature access fails closed for missing or unreadable settings (1.8164ms)
✔ registration feature protects both its page and mutation before credential work (1.7134ms)
✔ match submission feature keeps reads available but guards every owner mutation (2.0298ms)
✔ Kakao help feature controls its public guide without exposing configuration (0.8696ms)
✔ recruit guide teaches participation and guarded edits before optional creation (5.7819ms)
✔ recommendation APIs keep owner/admin scope and the team-balance feature boundary (6.9126ms)
✔ team-balance pages expose recommendation views and fail closed with the site switch (3.7622ms)
✔ a lost create response retries the exact draft request with its original idempotency key (60.6899ms)
✔ editing an unresolved draft request uses a new key and returning to the original input retains its retry (40.7104ms)
✔ draft workspace retries an uncertain mutation before refresh and separates later revisions (34.5772ms)
✔ 랜덤 팀 화면은 도메인 계산과 입력·빈·오류·결과·복사·초기화 상태를 연결한다 (3.5638ms)
✔ 코인 토스 화면은 제작 영상과 상태머신·fallback 공개 경로를 함께 둔다 (22.9777ms)
✔ 공개 도구 페이지에는 상호 이동과 canonical metadata가 있다 (7.9962ms)
✔ 팀 밸런스 화면은 승인 계정, 10명 입력, V1 단일 추천·공유·수동·저장·재평가 수명주기를 연결한다 (9.4174ms)
✔ 팀 밸런스 후보 API는 승인 계정과 안전한 서버 검색·신청 그룹 경계를 사용한다 (7.368ms)
✔ 시작 페이지는 익명·계정 상태·승인 계정·관리자 진입을 구분한다 (6.9777ms)
✔ Riot 도움말은 직접 연결과 별도 본인 인증, 공개·비공개 범위를 안내한다 (2.6481ms)
✔ 설치 화면은 install prompt와 iOS·Android PWA·개인 캐시 금지를 구분한다 (2.6761ms)
✔ 사용자 shell은 skip target, landmark, modal search, 모바일 5개 진입점을 제공한다 (14.2176ms)
✔ 전체 메뉴는 목적별로 기능을 보여주고 필요한 계정 접근을 안내한다 (0.9391ms)
✔ 일반 로그인은 홈으로 돌아가고 로그인된 헤더·모바일 메뉴는 내 정보를 표시한다 (2.5072ms)
✔ V2 UI는 실제 운영 데이터가 없을 때 합성 샘플을 사용자 화면에 연결하지 않는다 (1.6854ms)
✔ 사용자와 관리자 로그아웃 UI는 세션 폐기 성공 뒤에만 로그인 화면으로 이동한다 (1.5783ms)
✔ 관리자 계정 상세는 저장소 장애를 존재하지 않음 404로 축소하지 않는다 (2.1168ms)
✔ 모바일 관리자 메뉴에서도 현재 역할과 안전한 로그아웃을 제공한다 (1.9732ms)
✔ 관리자 로그인은 비밀번호 후 원래 화면으로 이동하며 인증 코드 필드가 없다 (0.8169ms)
✔ 계정 작업 UI는 stale revision에서 최신 projection을 읽고 안내를 유지한다 (2.4672ms)
✔ 일회성 비밀번호는 숨김·BFCache 복귀·명시적 닫기에서 메모리와 안내를 함께 종료한다 (1.7397ms)
✔ 내 계정 플레이어 탭은 대기 claim과 거절 claim을 구분한다 (1.0232ms)
✔ 내 계정 상태 안내는 공개 사유가 없을 때도 상태별 기본 문구를 구분한다 (0.8465ms)
✔ 계정 시각은 공통 Asia/Seoul 24시간 포맷터를 사용한다 (2.2734ms)
✔ 가입·본인 비밀번호 변경 UI는 성공과 pagehide에서 비밀번호 fingerprint ref를 즉시 비운다 (5.4127ms)
✔ 정적 마감 대상의 native button은 submit 여부를 명시한다 (332.1205ms)
✔ 이벤트 운영 폼은 내부 UUID나 JSON 복사를 요구하지 않는다 (2.1321ms)
✔ 완성된 메뉴와 관리자 검색은 과거 단계 문구를 노출하지 않는다 (1.1669ms)
✔ Riot ID의 게임 이름과 태그는 각각 이름을 가진다 (0.5298ms)
✔ 화면 효과는 스트리밍 중인 React 하위 DOM을 변경하지 않는다 (4.2401ms)
✔ 전역 효과 CSS는 감속 모드·정밀 포인터·강제 색상 경계를 유지한다 (0.9532ms)
ℹ tests 463
ℹ suites 0
ℹ pass 463
ℹ fail 0
ℹ cancelled 0
ℹ skipped 0
ℹ todo 0
ℹ duration_ms 2317.3487

> klol-gg-v2@0.1.0 test:unit
> tsx --test tests/*.test.ts

✔ KST date-time formatting is deterministic and never uses AM/PM (1.0558ms)
✔ one-time secret response is discarded after any hidden-page boundary (0.1524ms)
✔ initial pageshow does not invalidate a request, while history restoration does (0.1131ms)
✔ every account conflict reason has an explicit safe actionable HTTP problem (0.6625ms)
✔ recovery response timing applies the same bounded floor with injectable time (0.2646ms)
✔ signup is an exact agreement-bound contract with NFKC lowercase identities (1.9895ms)
✔ login and password change reject extra keys, controls, reuse, and weak passwords (0.3404ms)
✔ own player edit retains compatibility with Riot ID and supported tier fields (0.7314ms)
✔ own player names are normalized, bounded and cannot target another account (0.2997ms)
✔ claim approval requires an exact explicit manual-review acknowledgement shape (0.3622ms)
✔ sensitive administrator mutations require an exact typed target login id (0.525ms)
✔ admin account list query is canonical, bounded, and rejects duplicates or controls (1.236ms)
✔ password verification identifies legacy bcrypt and new scrypt with dummy work for unusable hashes (194.6318ms)
✔ safe next accepts only normalized same-origin paths (2.5682ms)
✔ account next rejects ambiguity, browser normalization tricks, and administrator paths (0.2803ms)
✔ login limiter caps attempts by normalized login and resets after its window (1.0969ms)
✔ login work gate releases capacity exactly once (0.1972ms)
✔ rate-limit IP keys trust only Vercel's anti-spoofing header on Vercel (23.4315ms)
✔ mutation guard requires an exact same origin (2.9685ms)
✔ body guard stops reading after the byte limit (3.4168ms)
✔ invalid gallery files do not consume the five valid upload slots (1.7705ms)
✔ gallery file planning applies remaining capacity after validation (0.1828ms)
✔ short-lived gallery upload reports are bounded before display (0.3264ms)
✔ administrator parity ledger accounts for all 81 V1 pages exactly once (2.6634ms)
✔ administrator transition decisions preserve the approved totals (0.296ms)
✔ runtime parity ledger cannot drift from the reviewed route map (8.5077ms)
✔ every destination stays inside the reviewed administrator or operations-doc boundary (0.3773ms)
✔ legacy administrator routes resolve only to reviewed same-origin destinations (0.6296ms)
✔ target interpolation rejects missing parameters and non-local destinations (0.4392ms)
✔ 관리자 대상 선택기 검색은 bounded query와 선택 유지 ID만 허용한다 (1.4974ms)
✔ 관리자 대상 선택기는 짧은·중복·미허용·bidi·잘못된 include를 거부한다 (0.3335ms)
✔ TOTP lifecycle payloads are self-only and accept exactly one six-digit code (1.2114ms)
✔ generated TOTP secrets contain 160 random bits in canonical base32 form (0.4046ms)
✔ TOTP credential fingerprint binds every encrypted envelope field (2.6558ms)
✔ fixture authentication requires a live short-lived verifier proof on loopback (19.82ms)
✔ production session cookies are Secure even when transport inference is false (0.2091ms)
✔ account and administrator elevation cookies coexist with purpose-bound lifetimes (0.1596ms)
✔ JWT decode rejects oversized attacker input before JOSE parsing (0.3624ms)
✔ administrator IA exposes exactly ten unique protected workspaces (0.9312ms)
✔ every administrator workspace has a canonical App Router page (0.8587ms)
✔ active workspace matching does not make the dashboard match every route (0.184ms)
✔ dashboard leaves a real work destination available (0.1389ms)
✔ operations exposes all four existing form routes and selects their lists and details consistently (0.958ms)
✔ versioned keyrings require explicit current 32-byte keys (1.9596ms)
✔ database authentication fails closed when any required runtime value is missing (0.51ms)
✔ AES-256-GCM TOTP envelope binds ciphertext to account and key version (1.2394ms)
✔ session signing keyring writes current kid and still verifies retained prior keys (21.8071ms)
✔ session codec round-trips only the minimal signed claims (19.9076ms)
✔ session codec generates a unique required jti for every issuance (3.9283ms)
✔ session codec rejects tampering, expiry, and a different secret (8.622ms)
✔ session codec requires iat and enforces the 30 minute lifetime contract (3.9006ms)
✔ session codec pins issuer, audience, algorithm, and rejects future issuance (2.2523ms)
✔ authorization requires an administrator session and role without TOTP (0.2227ms)
✔ account sessions are limited by status and never become administrator elevation (0.1609ms)
✔ codec accepts seven-day ACCOUNT sessions but rejects seven-day ADMIN sessions (1.9954ms)
✔ session is revoked when account state, role, or authVersion changes (0.2802ms)
✔ approved administrators log in using only a password, regardless of legacy TOTP enrollment or keys (464.7344ms)
✔ administrator password login still rejects user roles, unapproved accounts and temporary passwords (450.3964ms)
✔ login input rejects control characters and invalid legacy OTP fields (38.7225ms)
✔ canonical selector parser preserves one reviewed value (1.3538ms)
✔ canonical selector parser rejects duplicates, unknown keys, and unreviewed values (0.1599ms)
✔ legacy application and season review destinations render distinct canonical states (1.8724ms)
✔ champion identity and public DTO are canonical and allowlisted (2.3542ms)
✔ ADMIN TOTP create, update and deactivate preserve history (3.7723ms)
✔ exact receipt replay returns before aggregate lock (0.5015ms)
✔ authorization and immutable body tampering fail closed (0.5855ms)
✔ outbox failure rolls aggregate, audit and receipt back together (0.358ms)
✔ champion HTTP boundary binds exact input, session, revision and idempotency (27.4502ms)
✔ 173-row V1 fixture maps every NULL portrait to a unique official URL (2.4348ms)
✔ backfill blocks duplicate identities and unmatched rows (0.4336ms)
✔ pinned Data Dragon catalog contains 173 unique official champions (0.9006ms)
✔ home splash chain keeps high-resolution artwork ahead of icon and stored fallback (0.8432ms)
✔ resolver uses official ids for canonical, legacy, numeric and Korean lookups (0.2007ms)
✔ all generated portrait URLs use the pinned official version (0.3612ms)
✔ candidate chain prefers official identity, then validated stored URL, then text fallback (0.2552ms)
✔ champion list query is strict, bounded, and public status cannot be overridden (2.1129ms)
✔ admin DTO exposes revision and status but no hidden account or storage fields (1.7643ms)
✔ event lifecycle follows its explicit path and restores only its recorded cancelled state (1.8433ms)
✔ event lifecycle cannot complete without a confirmed final or leave a terminal state (0.1578ms)
✔ destruction lifecycle gates auction, preliminary, four-team tournament, and final (0.2234ms)
✔ rosters enforce five unique players, positional coverage, ARAM semantics, and one captain (1.0751ms)
✔ best-of results require an exact clinching score and a consistent winner (0.4643ms)
✔ single elimination seeding is canonical and creates replayable bye/source-fixture structure (4.3847ms)
✔ bracket advancement is deterministic, idempotent, and rejects overwrites or premature results (0.5792ms)
✔ round robin schedules each pair exactly once without same-round double booking (0.8387ms)
✔ group round robin is group-key canonical and prevents cross-group duplicates (0.3804ms)
✔ standings rebuild from the full confirmed fixture set with V1-compatible canonical ties (0.6005ms)
✔ command envelope and receipt validators bind actor purpose, optimistic revision, and digests (3.8851ms)
✔ audit and outbox contracts reject secret-bearing or incoherent records (2.7125ms)
✔ competition display projections prefer human labels and never fall back to raw identifiers (0.7596ms)
✔ event result gallery can be linked only during or after play (5.9083ms)
✔ POSITION applications upsert, retain identity, cancel, and reactivate only inside recruitment (1.8666ms)
✔ ARAM applications reject position claims and accept positionless entries (0.3101ms)
✔ admin import is atomic at the aggregate boundary and recruitment closes with exactly ten active entries (0.4668ms)
✔ event consumes the S06 balance port shape and validates two complete five-person rosters (1.8557ms)
✔ seeded bracket derives the champion, supports correction, and completes with an event participant MVP (1.3789ms)
✔ correcting an upstream result preserves the other branch and explicitly invalidates downstream results (0.9742ms)
✔ cancellation recovery restores only the recorded phase and public DTOs omit private ownership data (0.9846ms)
✔ command handler rechecks authorization in-transaction and commits aggregate, audit, outbox, then receipt (2.6779ms)
✔ authorized idempotency replay skips aggregate work and a mismatched fingerprint fails closed (0.7503ms)
✔ command handler rejects stale expected revisions before any aggregate write (0.4515ms)
✔ command metadata cannot downgrade admin commands or detach owner intent from the player (0.5332ms)
✔ competition saved views only accept one allowlisted type (0.7818ms)
✔ event application deep link rejects unrelated and repeated values (0.2398ms)
✔ destruction detail deep links retain only valid section-bound values (0.8884ms)
✔ administrator live auction view requires the complete exact pair (0.2435ms)
✔ requires the exact destructive cutover acknowledgement and PostgreSQL URL (1.1727ms)
✔ orders read-only preflight, migration, and one repeatable-read import transaction (1.9711ms)
✔ rolls back the import transaction and closes the pool on phase failure (0.5231ms)
✔ rolls back read-only preflight before migration when the source check fails (0.281ms)
✔ V1 events preserve participant ownership, team membership and a canonical import revision (4.2087ms)
✔ V1 event winners are replayed through the deterministic V2 bracket (1.3047ms)
✔ V1 destruction preserves four validated rosters, applications and auction balances (1.5984ms)
✔ lossy cancellation and in-flight auction states fail closed while gallery linking is deferred (1.0021ms)
✔ empty source imports are rerunnable and never control the caller transaction (1.3135ms)
✔ core record import is externally transactional and idempotent (3.0753ms)
✔ core record import uses qualified V1 sources and the shared legacy UUID mapping (0.3401ms)
✔ core integrity sends an escaped Data Dragon allowlist to PostgreSQL (0.4995ms)
✔ integrity failure stops before the first write (0.484ms)
✔ imports supported discipline and public Riot projections (2.3149ms)
✔ a clean rerun inserts no rows and still reconciles (0.186ms)
✔ rejects an actor that cannot own imported discipline records before writes (0.3481ms)
✔ does not silently drop discipline task states that need evidence migration (0.1924ms)
✔ rejects Riot summaries that cannot be represented without a safe link (0.2399ms)
✔ throws when imported extension rows fail reconciliation (0.2794ms)
✔ imports V1 accounts and players through deterministic legacy mappings (1.9065ms)
✔ a clean rerun inserts nothing and still reconciles (0.2759ms)
✔ fails before writes when source identity data is unsafe (0.4757ms)
✔ throws on missing relationships so the caller transaction can roll back (0.2017ms)
✔ throws when target legacy IDs or core relationships do not reconcile (0.8539ms)
✔ imports public media URLs and inhouse private-asset metadata without secret blobs (2.3348ms)
✔ legacy public URLs remain visible through the V2 media projection (0.301ms)
✔ a clean rerun inserts or relinks nothing and still reconciles (0.3143ms)
✔ rejects unsafe gallery URLs before the first write (0.5456ms)
✔ throws when imported metadata does not reconcile (0.2653ms)
✔ projects only bounded Kakao feature settings and records excluded operational row counts (2.0865ms)
✔ a clean rerun does not rewrite the already reconciled settings projection (0.2423ms)
✔ rejects invalid_actor before any target mutation (0.4415ms)
✔ rejects invalid_settings_root before any target mutation (0.7146ms)
✔ rejects invalid_boolean_settings before any target mutation (0.1991ms)
✔ rejects invalid_max_message_length before any target mutation (0.1385ms)
✔ fails closed when the target does not exactly reconcile (0.2445ms)
✔ the preservation policy explicitly excludes logs, secrets, transient jobs and caches (0.1805ms)
✔ imports parties and normalized operation forms idempotently in the caller transaction (4.0537ms)
✔ uses qualified V1 sources, full target UUID kinds, and parameterized reviewer identity (0.9253ms)
✔ blocks malformed dates and members before any target write (0.6056ms)
✔ rejects invalid or non-SUPER cutover actors (0.3459ms)
✔ reconciliation failure asks the caller to roll back (0.3446ms)
✔ documents V1 party, operation-form, and scrim schema gaps (0.23ms)
✔ season applications, saved drafts, and MMR projections import idempotently (3.3222ms)
✔ uses fully-qualified source tables and deterministic full target UUID kinds (0.3069ms)
✔ unrepresentable source data fails before the first target write (0.5061ms)
✔ preflight explicitly covers missing draft owners, nullable legacy game IDs, and review provenance (0.2435ms)
✔ source/target count mismatch requests caller rollback (0.6919ms)
✔ complete uses ADMIN intent, expectedRevision, one atomic audit/outbox/receipt commit, and replay (6.028ms)
✔ idempotency conflicts, stale revisions, account sessions, and scope drift fail closed (1.0243ms)
✔ cancel and restore retain only the recorded lifecycle recovery state (0.7262ms)
✔ public DTO is an explicit allowlist without cancellation reason, raw votes, audit, or session material (0.3381ms)
✔ application port types retain JSON-safe public response material (0.2602ms)
✔ one-off auction tiers apply sample shrinkage and bind captain points to the same valuation (1.5241ms)
✔ Riot collection freezes the latest 100-ID window, resumes batches, excludes remakes and never mixes queues (37.3019ms)
✔ upstream failures and missing data never turn into zero-win ratings (4.7633ms)
✔ absolute lookup expands 90/180/365 days using valid games, fixed end and deduplicated details (1.2778ms)
✔ absolute empty results try all three windows before declaring missing data (0.3982ms)
✔ absolute collection stops expanding at twenty valid games and caps all windows at 100 details (21.1628ms)
✔ HTTP callers cannot supply fabricated Riot records, grades, or arbitrary modes (1.5109ms)
✔ verified input requires mode, bounded counts and evidence without caller-supplied pricing/source (0.6009ms)
✔ the eight preliminary configurations derive BO1/BO3 and enforce viable lane capacity (1.4249ms)
✔ captain points use the versioned arithmetic boundary: subtract, round to ten, clamp (0.1933ms)
✔ owner/admin cancellation intent is explicit and cannot cancel another user's application (0.3213ms)
✔ captain confirmation and seeded auction preserve draw, balance, roster, and position invariants (2.7138ms)
✔ preliminary standings always rebuild from the full fixture set and seed four finalists (1.7897ms)
✔ a replacement changes only the current roster and cannot rewrite an existing fixture snapshot (2.3862ms)
✔ match-wide MVP voting bans self votes, requires ten voters, and limits tie revotes (2.9752ms)
✔ the common bracket can finish semifinal and final fixtures for destruction completion (0.559ms)
✔ captain preference is boolean-only, optional for legacy callers, and part of idempotency (4.6949ms)
✔ destruction list query is an explicit single-value allowlist (1.4814ms)
✔ destruction list accepts blank native GET controls without accepting invalid filters (0.3386ms)
✔ admin parser covers lifecycle commands and rejects unknown or extra material (0.64ms)
✔ service binds owner identity, request fingerprint and SUPER-sensitive intent server-side (0.5194ms)
✔ HTTP mutation boundary requires same origin, If-Match and Idempotency-Key (39.846ms)
✔ agreed 30/50/10/5/5 formula uses fixed absolute cutoffs and no participant percentiles (1.5488ms)
✔ unknown data is neither a zero nor a redistributed weight; zero-weight components are excluded (0.917ms)
✔ solo rank bands and champion breadth avoid entrant-dependent ranks and cumulative-points dominance (0.4267ms)
✔ support and damage contributions use fixed role targets; absent statistics remain unknown (0.4169ms)
✔ automatic step persists partial collection, rate limits, missing data, and produces a score only when complete (1.8725ms)
✔ Riot facts request normal APIs, validate source rows and never infer unranked or missing challenges as zero (26.7228ms)
✔ challenge matching tolerates locale typography but rejects seasonal, inactive, duplicate and missing facts (10.6333ms)
✔ cron authentication rejects unauthorized requests before touching data and exposes only counters (2.8523ms)
✔ admin payload cannot inject weights, scores, source or arbitrary extra fields (1.0777ms)
✔ self-reported total games ignore win rate, cap at 300 and distinguish zero from missing (1.3581ms)
✔ new automatic evaluation combines numeric input with four sources without requesting ARAM (1.1214ms)
✔ unfrozen old formulas drop the proxy, preserve other facts and weights; frozen auctions never change (0.9984ms)
✔ recruitment counters exclude withdrawn and rejected applications; transition identifies a missing lane (2.3731ms)
✔ auction completion requires all five positions and refuses a paused auction (0.3367ms)
✔ preview generation retains every legacy format and produces no self matches or duplicate fixture IDs (1.5127ms)
✔ auction eligibility and server validation retain the minimum points for every unfilled slot (1.3494ms)
✔ public progress reveals totals and standings without exposing applicant ownership or raw ballots (15.4705ms)
✔ only a stale revision produces HTTP 412; business preconditions produce 409 (21.361ms)
✔ optional schedule preserves old snapshots and rejects reversed or invalid dates (1.6393ms)
✔ positionless recruitment and auction preserve headcount and money without imposing roles (1.5681ms)
✔ owner submission rechecks authorization and binds a READY private asset atomically (3.8871ms)
✔ exact replay returns the durable body without touching the task or asset (1.0293ms)
✔ missing private asset and failed authorization use existence-masked errors (0.8108ms)
✔ outbox failure rolls task, audit, outbox and receipt back together (0.6666ms)
✔ review requires an ADMIN-purpose TOTP recheck and approves the exact evidence batch (1.1946ms)
✔ tampered immutable request body fails before the transaction (0.4797ms)
✔ identity prioritizes account then player and normalizes direct identity (0.8983ms)
✔ warning policy preserves V1 counts and deterministic oldest-first conversion (3.6427ms)
✔ three active warnings create one review and an existing pending review suppresses duplicates (0.2313ms)
✔ owner evidence submission reaches review only at the exact required count (0.5313ms)
✔ rejection creates a batch boundary and requires a complete fresh batch (0.2537ms)
✔ stale, non-owner, duplicate, expired and invalid review operations fail closed (6.6136ms)
✔ public discipline DTO contains aggregate counts only (2.3732ms)
✔ discipline admin input parsers keep a closed field allowlist (1.4274ms)
✔ review and cancellation bodies reject ambiguous shapes (0.2003ms)
✔ event public query rejects duplicate and unknown filters (2.1012ms)
✔ event list accepts blank native GET controls without accepting invalid filters (0.3225ms)
✔ event service creates a server-fingerprinted command and rejects unstable identifiers or even BO (3.334ms)
✔ own application requires a stable participant UUID so retry fingerprints cannot drift (0.6898ms)
✔ ARAM application reaches the aggregate without fabricated position preferences (0.43ms)
✔ event gallery command accepts only an exact nullable gallery identifier (0.4536ms)
✔ 익명 검색에도 계정 기능을 발견할 수 있고 접근 필요 상태가 유지된다 (1.7371ms)
✔ 팔레트 바로 가기는 실제 canonical 사용자 페이지 안에서만 구성된다 (1.455ms)
✔ 로그인 전역 검색은 페이지·도구·콘텐츠·계정 키워드를 정규화해 찾는다 (2.7101ms)
✔ 플레이어 검색은 공백을 정리하고 URL 구성요소를 안전하게 인코딩한다 (0.4334ms)
✔ home prioritizes ongoing competitions before newer completed records without mutating input (22.4379ms)
✔ home omits only placeholder-only titles, retaining meaningful titles containing test (0.5328ms)
✔ 홈의 서로 다른 공개 피드는 시간 역순과 ID tie-break로 결정적으로 합쳐진다 (11.7695ms)
✔ 홈 피드 제한은 음수와 비정수 값을 거부하고 0은 빈 피드를 만든다 (0.5055ms)
✔ 홈 멸망전 우승 갤러리는 FK 연결을 우선해 중복 제거하고 게시일 역순과 최대 개수를 지킨다 (0.4588ms)
✔ 오늘의 챔피언은 KST 날짜·활성 목록에 대해 SSR에서도 결정적이고 다음 날 변경된다 (11.778ms)
✔ 오늘의 챔피언 문구와 챔피언별 개별 재구성 이미지를 연결한다 (0.4106ms)
✔ 홈 안내 허용 목록은 공식 매핑을 통과한 여성 챔피언 68명과 고유 문구를 갖는다 (0.3306ms)
✔ 특례 네 챔피언은 포함하고 Kindred와 남성·미확인 후보는 기본 거부한다 (0.202ms)
✔ 레거시 키는 표시 이름으로 canonicalize하며 같은 공식 챔피언을 한 번만 선택한다 (0.2505ms)
✔ trace IDs accept only non-zero 32-digit hexadecimal values (1.3448ms)
✔ traceparent parsing pins version 00 and rejects ambiguous or zero identifiers (0.2366ms)
✔ validated trace extraction does not fall back around a malformed traceparent (25.1447ms)
✔ public problem definitions reject unsafe public fields (0.4645ms)
✔ problem responses expose only the fixed public contract and validated trace ID (3.4381ms)
✔ forged problem objects fall back without leaking stack, SQL, or extra fields (0.8137ms)
✔ no-store response helpers enforce API security headers over caller overrides (0.5034ms)
✔ JSON content types allow UTF-8 JSON and structured +json only (0.2911ms)
✔ JSON body reader preserves split UTF-8 code points and reports actual bytes (2.7645ms)
✔ JSON body reader separates media type, empty body, UTF-8, and JSON errors (1.4891ms)
✔ JSON body reader rejects duplicate decoded object keys at every nesting level (1.1292ms)
✔ JSON body reader enforces declared and streamed byte limits (1.5416ms)
✔ JSON body reader rejects malformed and mismatched Content-Length (0.4433ms)
✔ JSON body reader reports stream failures and rejects unsafe limit configuration (0.5933ms)
✔ JSON body reader cancels a rejected unread stream without exposing its data (0.2088ms)
✔ problem mappings keep parser failures on the reviewed public catalog (0.1625ms)
✔ Idempotency-Key parsing is strict, bounded, and case preserving (0.2365ms)
✔ idempotency hash material is deterministic and domain separated (0.771ms)
✔ revision parsing accepts canonical non-negative safe integers including schema default 0 (0.2686ms)
✔ If-Match parsing requires one strong integer revision ETag (0.3377ms)
✔ pagination parsing applies defaults and explicit upper bounds (0.2747ms)
✔ pagination rejects duplicate, ambiguous, oversized, and attack-shaped values (0.4078ms)
✔ pagination rejects unsafe parser configuration (0.6265ms)
✔ every application icon import resolves to a generated image, including shared UI controls (4411.5717ms)
✔ image icons preserve size, accessible names and decorative semantics (0.714ms)
✔ artwork files match their provenance, alpha grids and transfer budget (85.2465ms)
✔ Kakao operation settings accept only bounded secret-free fields (1.4257ms)
✔ Kakao runtime configuration exposes booleans, never secret values (0.2799ms)
✔ Kakao message policy normalizes before applying the stored length limit (0.1531ms)
✔ Kakao admin tab query accepts only allowlisted keys for the selected tab (0.2025ms)
✔ sensitive Kakao admin tabs require SUPER_ADMIN while operating tabs remain ADMIN (0.1506ms)
✔ party member statistics search is normalized and bounded (0.345ms)
✔ Kakao assistant accepts only exact bounded search and read commands (2.3822ms)
✔ Kakao season snapshots require exact bounded participant slots and positions (2.3759ms)
✔ Kakao season command access keeps submit and status member-safe while force cancel stays trusted (0.1564ms)
✔ managed forms route only the explicit operation-form command (0.1992ms)
✔ Kakao image receive requires an owner-created opaque session and exact bounded fields (0.4278ms)
✔ player search DTO is an explicit public allowlist (0.1587ms)
✔ form codes are readable ASCII and normalize mobile fullwidth/lowercase input (0.7768ms)
✔ snapshot expiry is precisely the next 06:00 KST, including month/year boundaries (3.0051ms)
✔ identical canonical snapshot objects reuse their hash while row order remains significant (1.0255ms)
✔ snapshot storage rejects non-JSON, oversize and pathological nested originals before querying (6.4174ms)
✔ old-day, invalid scope and invalid code cannot read or issue snapshots (0.6913ms)
✔ guarded old name-only rows reach snapshot validation while new forms still require lanes (15.0197ms)
✔ legacy copies preserve current lanes and protected rows and do not resurrect removed entries (1.7865ms)
✔ name-only additions, replacements, moves and stale draft guesses never bypass mandatory lanes (0.3028ms)
✔ legacy compatibility retains explicit deletion, replacement protection and field conflicts (0.6312ms)
✔ latest formatter sorts reserve gaps, prints one start phrase and makes no-change distinct from new registration (1.9902ms)
✔ modern form round-trips empty metadata and all requested Rift line syntaxes (14.4607ms)
✔ Rift missing lines, duplicate names and incomplete copies never become mutations (9.43ms)
✔ detail preserves aliases and reserve gaps and closed details cannot act as editable forms (0.8474ms)
✔ member guidance distinguishes no match, many matches and unverified match without claiming nonmembership (0.4298ms)
✔ overview stays a list for one round, counts guests, and filled message uses mutation result only (1.0405ms)
✔ copy merge preserves concurrent additions, applies deletion and field edits, and protects SITE entries (2.0953ms)
✔ editing a participant added after an empty form reports stale form, while latest form edits preserve other people (1.2953ms)
✔ line errors are actionable without calling storage; saved result survives overview read failure (2.1366ms)
✔ each inhouse mode saves once then returns all active modes instead of its copy form (6.6868ms)
✔ inhouse description accepts editable labels, preserves omission and rejects conflicting metadata (15.9739ms)
✔ R24 compact party form keeps the complete saved-result envelope copyable with one new name (19.6182ms)
✔ R24 fresh party templates need only a name and retain unknown time explicitly (21.4282ms)
✔ compact forms preserve jamo through parsing and storage and sort sparse reserve display slots (2.8337ms)
✔ R24 compact party forms cannot fall back to unguarded legacy parsing when the code is removed (1.3202ms)
✔ the full legacy party detail can add a name without changing existing members or its saved identity (1.8704ms)
✔ copyable forms retain literal metadata, sparse reserve slots, and reserve display names (1.0863ms)
✔ resubmitting the current unchanged full form preserves the aggregate and revision (2.0568ms)
✔ line-party copies preserve stored slot names when old position metadata is missing or inconsistent (7.6781ms)
✔ metadata mentioning another recruitment title does not become a second form title (1.3743ms)
✔ custom stored titles remain visible in status while copy forms use the stored party type and capacity (2.7226ms)
✔ detail header and summary identity conflicts are ambiguous and never canonicalize (8.9807ms)
✔ out-of-range detail identifiers and capacities are rejected (1.8952ms)
✔ ADR0011 overview includes all 99 numbers, bounds only summaries and keeps drafts private (9.9087ms)
✔ ADR0011 blank numbered draft round-trips CRLF and an optional display separator (5.3927ms)
✔ party parser keeps raw slot intent across Kakao punctuation variants (6.1998ms)
✔ party parser accepts clipped headers and an adjacent wrapped slot value (1.0984ms)
✔ display values keep compatibility jamo while form numbers and codes retain width compatibility (0.6659ms)
✔ display separators never become metadata or a participant and blank rows remain explicit (1.182ms)
✔ metadata is order independent, multiline, and keeps absent separate from empty (0.9746ms)
✔ V1 line-party position fixtures keep canonical positions (0.3625ms)
✔ duplicate, merged, missing, and multiple-number structures are diagnosed without last-wins parsing (2.3993ms)
✔ recoverable, rejected, and ordinary text decisions remain distinct (4.8238ms)
✔ numbered primary rows must stay within the submitted capacity even when empty (9.5564ms)
✔ saved form references require one concrete recruit number and cannot request automatic creation (13.62ms)
✔ only EXACT party forms become SYNC while parsed title and slot states reach canonical payload (4.1922ms)
✔ metadata-only party activation forms accept slash and keep organizer separate from members (2.8177ms)
✔ the reported #11 party template classifies as one metadata activation snapshot (3.3337ms)
✔ generated operating day wins across the 06:00 boundary while legacy forms keep fallback behavior (0.7669ms)
✔ 내전/스크림 번호ㅉ 명령은 slash 유무와 관계없이 현재 운영일 FINISH로 canonicalize된다 (9.9328ms)
✔ 다른 sender도 같은 installation/room의 내전 번호를 마감하고 최신 내전현황을 받는다 (1.0117ms)
✔ 다른 sender도 같은 installation/room의 스크림 번호를 마감하고 최신 스크림현황을 받는다 (1.0615ms)
✔ 동일 event replay는 내전 마감 한 번과 스크림 종료 안내를 재사용한다 (0.9335ms)
✔ room capability profiles are exclusive and exposed as authorization policies (1.4858ms)
✔ site notices are OFF by default and require an explicit target and identity (1.0539ms)
✔ notice source scope matches the real FEATURES inhouse router and rejects PARTY scope (1.028ms)
✔ notice signatures bind action, exact target and installation with a separate protocol (0.4212ms)
✔ bounded envelope rejects arbitrary payload, room names and malformed ACK (0.4026ms)
✔ site notices expire by recruiting-day rollover and unverified filter is distinct (1.8219ms)
✔ HTTP boundary authenticates before DB access, rejects replay and never caches (36.9911ms)
✔ V1 strict record always shows season/tier and the canonical multi-game recent line (0.9788ms)
✔ V1 strict recent, missing player, and empty ranking preserve the canonical copy (0.2879ms)
✔ V1 strict operation and season empty replies keep public V1 labels (2.1891ms)
✔ V1 strict season STATUS keeps canonical zero, one, and multiple-round results (0.2705ms)
✔ V1 strict season DETAIL keeps the full existing form and empty missing result (0.9791ms)
✔ V1 strict scrim time keeps an explicit M/D instead of forcing the operation date (4.6334ms)
✔ V1 strict scrim time accepts 오전/오후 and H시 forms (1.296ms)
✔ V1 strict scrim time preserves free text without exposing its internal memo carrier (0.4114ms)
✔ strict V1 and ordinary V4 reserve copyable drafts and return the overview after saving (4.9098ms)
✔ strict V1 detail is the full copyable form without repeated command guidance (0.7392ms)
✔ party overview keeps full, started and large parties in numeric order (0.997ms)
✔ strict V1 missing detail uses the canonical not-found reply (0.1852ms)
✔ strict V1 missing scrim detail uses the canonical success reply while ordinary V4 stays not-found (0.9929ms)
✔ strict V1 scrim status and detail preserve a free-text legacy start time (0.6825ms)
✔ Kakao HTTP verification reports allowlisted internal reasons without weakening the generic boundary (23.7154ms)
✔ V2 installation fingerprint is inside the HMAC material (0.987ms)
✔ V3 binds installation key id, delivery id, and bot version inside the HMAC material (1.5445ms)
✔ legacy party and scrim mutations fail closed with an explicit V2 successor and no redirect (1.206ms)
✔ 내전과 스크림 빠른 추가·삭제는 슬래시, 모바일 공백과 제한된 오타를 허용한다 (21.847ms)
✔ 협곡 내전 빠른 추가는 이름만 또는 티어·라인 전체 입력을 모두 허용한다 (4.1591ms)
✔ 내전 전체 양식은 일반 명단과 예비 명단을 함께 동기화한다 (5.3428ms)
✔ 빠른 추가·삭제는 명확한 번호와 한 명의 안전한 이름만 허용한다 (12.6306ms)
✔ 내전 명령도 파티·스크림과 같은 오전 6시 운영일을 사용한다 (0.5077ms)
✔ 내전·스크림 생성은 DRAFT 번호를 먼저 예약하고 실제 번호가 든 양식만 응답한다 (3.105ms)
✔ 내전 안내 문구는 공지가 아니며 스크림 빈 예약 양식은 활성화 명령이 되지 않는다 (4.4089ms)
✔ 내전·스크림 빠른 추가는 이름을 서버 명령으로 보내고 최신 명단을 함께 응답한다 (2.8716ms)
✔ classifier exposes a complete canonical/profile matrix (1.6551ms)
✔ all 101 V41 parity samples classify with zero-or-one slash equivalence (31.1202ms)
✔ the V1 compatibility fixture routes all classify into the six canonical families (14.8488ms)
✔ double slash, URL slash, separated slash, and middle slash stay UNKNOWN (0.3489ms)
✔ profile matrix routes recruit, features, and local commands explicitly (1.735ms)
✔ diagnostic and raw JSON commands are classified as internal, not user help (0.428ms)
✔ party, inhouse, and scrim full forms win over command parsing as SNAPSHOT (2.9392ms)
✔ party snapshot accepts metadata-only activation fields and legacy participant rows (1.6119ms)
✔ R23 scrim retirement is structural and does not capture ordinary party names or game information (0.741ms)
✔ party member mutations require an explicit detail prefix and one safe single-line name (1.6158ms)
✔ Kakao copy/paste party row variants still canonicalize to one SYNC member (5.6716ms)
✔ full-width empty reserve punctuation and clock text never become party members (0.9474ms)
✔ flexible party row parsing does not classify ordinary chat or generic number lists (0.9785ms)
✔ party snapshot rejects truncated numeric and position templates (0.8498ms)
✔ A→B→A identical text is reclassified without state or content-hash suppression (0.7769ms)
✔ operation forms classify on FEATURES and reject the RECRUIT profile (1.1905ms)
✔ V4 schema preserves the seven-field client and accepts only the exact V1 strict extension (1.5636ms)
✔ slash boundary preserves zero-or-one leading slash parity (0.7074ms)
✔ V4 signature covers the exact raw envelope and timestamp (0.8223ms)
✔ profile authorization does not receive sender role or allowlist inputs (4.2562ms)
✔ health, contract probes, and classified commands return deterministic replies without a runtime dispatcher (3.6726ms)
✔ event ID is the idempotency boundary and mismatched reuse conflicts (0.7276ms)
✔ hot replay cache binds the verified raw request digest (0.3737ms)
✔ R23 retires every old-phone scrim command and form without dispatching or writing (13.663ms)
✔ server help explains editable numbered copies and inhouse mode requirements (0.9979ms)
✔ public error responses keep stable status and code contracts (28.7684ms)
✔ V4 application errors normalize idempotency conflicts to public 409 only (0.7925ms)
✔ 내전 빠른 명단 응답은 결과를 한 줄로 요약하고 본명과 닉네임을 표시한다 (1.7773ms)
✔ 내전 빠른 추가 대상이 미등록이어도 이름과 접수 인원에 포함한다 (0.6566ms)
✔ player record, recent matches, and ranking preserve exact V1-visible fields (2.5418ms)
✔ player and ranking boundary replies preserve V1 wording and percent formatting (0.785ms)
✔ V4 event key is shared by recruiting and assistant durable receipts (3.2482ms)
✔ party create reserves an invisible draft and returns all blank slots with its copy reference (2.727ms)
✔ the exact generated V1 party form activates with only organizer populated and applies metadata defaults (7.9621ms)
✔ R24 party creation shows empty metadata, all slots and the code below the title (6.7755ms)
✔ party copy saves return the overview while unchanged stale copies retain editable recovery (12.8579ms)
✔ party copy save overview includes every active party including full parties (2.8002ms)
✔ ADR0011 first registration names stay brief before the complete overview (0.7759ms)
✔ the reported metadata-only #11 form reaches one idempotent party activation (1.6157ms)
✔ first completed automatic party form creates the party once (0.3318ms)
✔ explicit missing party number never falls back to creating a new party (0.3736ms)
✔ closed party copies and repeated finish receive a scoped closed reply without mutation (0.3796ms)
✔ copy edit conflicts and incomplete rows explain recovery and never report a save (1.0483ms)
✔ a concurrent finish gets a closed reply while an active revision race asks for a retry (0.4508ms)
✔ a copied form reference cannot be reused to create an automatic-number party (0.6123ms)
✔ incomplete copied party forms and numberless inhouse detail return actionable guidance (2.1224ms)
✔ existing party snapshots forward slot states without forwarding submitted type or capacity (1.3892ms)
✔ party status and detail use one server status receipt and return the latest aggregate (0.3266ms)
✔ party member shortcut classifications canonicalize to the current operating day (0.7192ms)
✔ party member shortcut outcomes return confirmation followed by the latest full form (0.9444ms)
✔ missing, ambiguous, and member-limit shortcut results stay concrete successful replies (0.4603ms)
✔ party mutation and latest full form keep the signed instant across the 06:00 KST boundary (0.8715ms)
✔ replayed sync, blank deletion, and finish disclose a failed post-mutation status refresh (0.369ms)
✔ party snapshot and finish resolve latest revision without owner or role inputs (0.3032ms)
✔ missing current-operating-day party finish is a V1 success reply with the latest status and no mutation (0.1999ms)
✔ scrim status requests only the scrim projection (0.6222ms)
✔ season authoritative zero-person snapshot writes once then reads the overview (0.6762ms)
✔ season SYNC exposes the latest copy reply to both ordinary and strict clients (0.4868ms)
✔ V1 strict season STATUS maps no active season to the canonical empty reply only (1.5437ms)
✔ scrim create and snapshot each issue one recruiting mutation (0.3281ms)
✔ season status and detail each return one authoritative assistant result (0.1814ms)
✔ scrim deprecated lifecycle commands use a static receipt without domain status queries (0.1766ms)
✔ dispatcher fails closed when command domain and static profile differ (0.1653ms)
✔ structural operation candidates with one empty value reach exact missingFields (14.8573ms)
✔ colonless prose and label-only lists remain UNKNOWN (3.9665ms)
✔ party members are canonical by primary/reserve and slot number, independent of row order (2.5525ms)
✔ inhouse copy requires explicit lanes for RIFT main/reserve rows and preserves save reference separately from notices (8.9855ms)
✔ inhouse copy rejects malformed/duplicate save references and marks old forms as legacy (2.7393ms)
✔ inhouse copy accepts valid lanes and rejects malformed lane input (0.238ms)
✔ inhouse stale forms return the latest copy without retrying the mutation, and old days show today's rounds (2.1196ms)
✔ compact inhouse copies retain site-linked optional lanes and separate review rows from participants (2.5225ms)
✔ copy delta preserves latest rows, merges only pure additions, and never revives removed originals (0.7158ms)
✔ old pending footers restore placeholders but never override a corrected body row (2.8439ms)
✔ copy start text preserves free-form event descriptions without inventing a scheduled clock (2.2939ms)
✔ pending name corrections require the original pending row to still be current (0.4214ms)
✔ pending corrections and concurrent additions preserve other saved and cancelled rows (0.4367ms)
✔ real RIFT input recovers one missing position slash and accepts empty flexible rows (16.8752ms)
✔ recovery is limited to two valid position aliases and records the failed field (0.3392ms)
✔ legacy empty sub-position markers are accepted only in the sub-position field (0.338ms)
✔ mixed real-world rows keep valid entries, route partial rows to review, and use the last duplicate slot (0.6518ms)
✔ a final empty duplicate row means cancellation while a missing numbered row is preserved (0.6276ms)
✔ an incomplete duplicate footer cannot replace a valid slot while valid edits stay last-write-wins (0.648ms)
✔ numbered footer text after a complete empty roster cannot create a pending participant (0.5303ms)
✔ valid edits and explicit cancellation after a complete roster remain last-write-wins (0.9406ms)
✔ the former canonical failure maps to the exact public HTTP 400 document (38.1939ms)
✔ [P0-FIXTURE] input-tolerance matrix is pinned to the unchanged V1 oracle (1.6436ms)
✔ [P0-PARTY-01] punctuation, full-width, escape, and whitespace rows have one semantic member (12.3056ms)
✔ [P0-PARTY-02] an explicit empty slot is valid but an absent slot row is not a full snapshot (6.5397ms)
✔ [P0-PARTY-03] slash and comma in one reserve row stay in one display name (0.6508ms)
✔ [P0-PARTY-04] a 2-person title cannot overwrite an existing 5-person recruit target (1.641ms)
✔ [P0-PARTY-05] conflicting duplicate slot rows reject the whole snapshot (0.8566ms)
✔ [P0-PARTY-06] member order is canonical and independent of pasted row order (1.0765ms)
✔ [P0-PARTY-07] name suffix notes, emoji, and Kakao tags are preserved (1.924ms)
✔ [P0-PARTY-08] multiline metadata values match their single-line semantic values (1.4583ms)
✔ [P0-PARTY-09] an automatic-number empty draft never creates a recruit (5.1316ms)
✔ [P0-OPS-01] all four forms preserve values continued on the following line (5.4677ms)
✔ [P0-OPS-02] all four forms expose exact missing-field contracts without submission (1.4837ms)
✔ [P0-OPS-03] parentheses and comma stay in the person name instead of becoming an implicit delimiter (0.2862ms)
✔ [P0-OPS-04] ordinary conversation and partial label discussions remain UNKNOWN (1.7119ms)
✔ [P0-OPS-05:friends] field order does not alter the canonical payload (0.4973ms)
✔ [P0-OPS-06:friends] a conflicting duplicate label rejects the whole form (0.4869ms)
✔ [P0-OPS-07:friends] arbitrary footer text cannot contaminate the last field (0.4907ms)
✔ [P0-OPS-05:suggestions] field order does not alter the canonical payload (0.2959ms)
✔ [P0-OPS-06:suggestions] a conflicting duplicate label rejects the whole form (0.2106ms)
✔ [P0-OPS-07:suggestions] arbitrary footer text cannot contaminate the last field (0.377ms)
✔ [P0-OPS-05:meetups] field order does not alter the canonical payload (0.3855ms)
✔ [P0-OPS-06:meetups] a conflicting duplicate label rejects the whole form (0.4098ms)
✔ [P0-OPS-07:meetups] arbitrary footer text cannot contaminate the last field (0.4929ms)
✔ [P0-OPS-05:leaves] field order does not alter the canonical payload (0.477ms)
✔ [P0-OPS-06:leaves] a conflicting duplicate label rejects the whole form (0.4195ms)
✔ [P0-OPS-07:leaves] arbitrary footer text cannot contaminate the last field (0.738ms)
✔ [P0-OPS-08] prose mentioning every label is not classified as a form (0.2029ms)
✔ [P0-IDEMPOTENCY-01] the same event is dispatched exactly once and then replayed (1.5626ms)
✔ [P0-IDEMPOTENCY-02] different events with one semantic payload are both dispatched (1.0716ms)
✔ [P0-MULTIUSER-01] same-room events from different senders reach edit and finish dispatch (0.7286ms)
✔ [P0-CANONICAL-01] V1-local fullwidth slash and digits canonicalize to the same finish command on the server (0.1899ms)
✔ [P0-CANONICAL-02] finish and detail commands tolerate whitespace after the copied hash marker (0.2697ms)
﹣ [P0-MULTIUSER-02] PostgreSQL contract proves same-room cross-user edit/finish and different-room no-mutation without an administrator role (0.044ms) # isolated PostgreSQL harness required
✔ V4 installation identity exactly mirrors the phone HMAC contract (1.0347ms)
✔ one unified phone script shares one identity secret while RECRUIT and FEATURES keep distinct stable installation scopes (0.3729ms)
✔ the server rejects cross-family commands before dispatch for both unified-script profiles (7.5915ms)
✔ arbitrary installation IDs and cross-profile IDs fail closed (0.3712ms)
✔ current and previous signing keys authenticate only their exact HMAC (1.1838ms)
✔ two senders share one installation scope for create, cross-edit and finish (4.5213ms)
✔ runtime identity configuration is bounded without inspecting real environment values (0.1857ms)
✔ V4 signing keyring is isolated from V1 and rejects unsafe reuse (0.2929ms)
✔ V4 route is registry-free and keeps the seven-field identity-free boundary (2.1258ms)
✔ the unified V4 phone callback ignores room and channel values while routing both families (1.2438ms)
✔ admin and architecture copy distinguish V4 installation scope from the legacy room registry (6.909ms)
✔ [P0-INHOUSE-LIVE-01] 동휘/김동휘 실양식은 Mid all을 복구해 같은 semantic payload로 dispatch한다 (15.8806ms)
✔ [P0-INHOUSE-LIVE-02] slash 계약에 맞춘 MID 또는 ALL 입력은 이름과 무관하게 정상 payload를 만든다 (1.4084ms)
✔ [P0-INHOUSE-LIVE-03] Mid all 복구는 mainPosition MID를 유지하고 나머지 네 부라인을 저장한다 (0.1917ms)
✔ [P0-INHOUSE-METADATA-01] 독립 공지와 20시 시작을 전체 스냅샷 메타로 보존한다 (0.6899ms)
✔ [P0-INHOUSE-METADATA-02] 시작 줄 tail 공지는 수용하고 슬롯 뒤 문장은 공지로 오인하지 않는다 (0.6647ms)
✔ [P0-INHOUSE-METADATA-03] 공지가 없는 전체 스냅샷은 명시적인 null을 만든다 (0.424ms)
✔ [P0-INHOUSE-METADATA-04] 시작 줄 다음과 인원 줄 사이의 공지도 구조 필드와 분리해 저장한다 (0.6657ms)
✔ operation field map is order independent and tolerates Kakao paste punctuation (3.473ms)
✔ person punctuation remains intact unless slash or pipe is explicit (1.3234ms)
✔ same duplicate fields dedupe while conflicting duplicates block submission with diagnostics (0.3526ms)
✔ leave scope reads only its selected field value, not room names in the footer (0.7952ms)
✔ candidate detection is structural and does not require complete values (1.0896ms)
✔ operation wrappers are candidates only when they occupy a title line (0.2635ms)
✔ person fields are required and never fall back to an opaque sender identity (1.0622ms)
✔ [P3-I01] FEATURES INHOUSE 내전구인 keeps exact V1 reply parity (10.7601ms)
✔ [P3-I02] FEATURES INHOUSE 내전구인 양식 keeps exact V1 reply parity (6.5503ms)
✔ [P3-I03] FEATURES INHOUSE 내전구인 협곡 2026-09-09 21:30 #2 10명 keeps exact V1 reply parity (3.1152ms)
✔ [P3-I04] FEATURES INHOUSE 내전구인 칼바람 2026-09-09 21:30 #3 10명 keeps exact V1 reply parity (1.8196ms)
✔ [P3-I05] FEATURES INHOUSE 내전구인 증바람 2026-09-09 21:30 #3 10명 keeps exact V1 reply parity (0.4374ms)
✔ [P3-I06] FEATURES INHOUSE 내전현황 keeps exact V1 reply parity (0.462ms)
✔ [P3-I07] FEATURES INHOUSE 내전상세 2 keeps exact V1 reply parity (1.6511ms)
✔ [P3-I07] INHOUSE authoritative snapshots preserve delete, zero and A→B→A revisions (10.6552ms)
✔ [P3-I08] ARAM and AUGMENT_ARAM snapshots keep name-only authoritative arrays (0.7402ms)
✔ [P3-S01] R23 SCRIM create returns retirement guidance without dispatch (1.05ms)
✔ [P3-S02] R23 SCRIM new full form cannot reach its former dispatcher (0.2974ms)
✔ [P3-S03] R23 SCRIM edit full form cannot reach its former dispatcher (0.2313ms)
✔ [P3-S04] R23 SCRIM retirement does not depend on active tournament state NO_ACTIVE_TOURNAMENT (0.1986ms)
✔ [P3-S05] R23 SCRIM retirement does not depend on active tournament state AMBIGUOUS_ACTIVE_TOURNAMENT (0.1283ms)
✔ [P3-O01] OPERATIONS friends complete form dispatches once and passes through exact server reply (2.0097ms)
✔ [P3-O02] OPERATIONS suggestions complete form dispatches once and passes through exact server reply (0.3569ms)
✔ [P3-O03] OPERATIONS meetups complete form dispatches once and passes through exact server reply (0.851ms)
✔ [P3-O04] OPERATIONS leaves complete form dispatches once and passes through exact server reply (1.8172ms)
✔ [P3-O05] OPERATIONS friends missing required values returns an explicit V1 error without dispatch (0.5405ms)
✔ [P3-O06] OPERATIONS suggestions missing required values returns an explicit V1 error without dispatch (0.3193ms)
✔ [P3-O07] OPERATIONS meetups missing required values returns an explicit V1 error without dispatch (0.463ms)
✔ [P3-O08] OPERATIONS leaves missing required values returns an explicit V1 error without dispatch (0.4014ms)
✔ [P3-M01] OPERATIONS 등록 keeps exact V1 reply parity (0.994ms)
✔ [P3-M02] OPERATIONS 내전등록 keeps exact V1 reply parity (0.3716ms)
✔ [P3-M03] OPERATIONS 경고등록 keeps exact V1 reply parity (0.3221ms)
✔ [P3-M04] OPERATIONS 인증 keeps exact V1 reply parity (0.3225ms)
✔ [P3-M05] OPERATIONS 경고현황 keeps exact V1 reply parity (0.2595ms)
✔ [P3-M06] OPERATIONS 결과현황 keeps exact V1 reply parity (0.2189ms)
✔ [P3-M07] OPERATIONS 사진취소 keeps exact V1 reply parity (0.217ms)
✔ [P3-M08] OPERATIONS 자동공지 20 keeps exact V1 reply parity (0.2024ms)
✔ [P3-A01] Phase 3 authorization is installation/profile based and never receives room, sender or role (0.5846ms)
✔ [P3-A02] two ordinary senders can use the same Phase 3 command without a sender allowlist (0.3511ms)
✔ [P3-R01] identical eventId replays one successful Phase 3 mutation without a second dispatch (0.5161ms)
✔ [P3-R02] same eventId with a conflicting body maps to public HTTP 409 REPLAY_CONFLICT (23.4845ms)
✔ Phase 3-A: 내전 모드 선택과 협곡·칼바람 복사 양식을 출력한다 (13.7364ms)
✔ Phase 3-A: 내전 전체 현황과 회차 상세는 정확히 한 번 authoritative assistant를 호출한다 (0.834ms)
✔ Phase 3-A: 협곡 명단 A→B→A와 0명은 각 입력당 한 번의 authoritative snapshot이다 (8.116ms)
✔ R23: 스크림 양식·현황·상세는 종료 안내만 반환한다 (2.7834ms)
✔ R23: 구형 스크림 신규 양식과 재전송은 저장 없이 종료 안내만 반환한다 (1.7372ms)
✔ R23: 구형 스크림 수정 양식은 기존 데이터와 대회 바인딩을 변경하지 않는다 (0.3263ms)
✔ Phase 3-A: 번호 행 하나가 빠진 양식은 그 슬롯을 보존하고 나머지 행을 동기화한다 (0.7742ms)
✔ four V1 operation forms become exact typed payloads (22.2146ms)
✔ all four forms report their exact missing fields as INVALID_FORM commands (1.2252ms)
✔ registration, result, warning, evidence, status and photo-cancel preserve V1 replies (5.4003ms)
✔ scheduled notice uses one durable assistant request and preserves the V41 formatter (0.493ms)
✔ valid form submits one typed mutation in the shared V4 event scope (0.5377ms)
✔ invalid form claims a durable receipt before exposing field-specific INVALID_FORM (21.017ms)
✔ operation forms reuse the same durable event identity as recruiting and assistant (0.7748ms)
✔ fresh service instances replay the durable form result and reject a changed body (1.9257ms)
✔ internal raw JSON and phone-local session commands do not become public canonical operations (1.0535ms)
✔ [P4-S01] every V1 PUBLIC alias succeeds on its actual profile with exact zero/one slash parity (60.7716ms)
✔ [P4-S02] every single-profile PUBLIC alias maps its opposite profile to HTTP 403 WRONG_PROFILE (99.8159ms)
✔ [P4-S03] authorization never receives room, sender, role or member allowlist fields (0.6743ms)
✔ [P4-S04] unknown public input is INVALID_FORM instead of 501 ROUTER_NOT_ENABLED (1.6ms)
✔ [P4-S05] 사진상태 gives a site check path without claiming a nonexistent phone session is healthy (0.2965ms)
✔ [P4-S06] 내전미리보기취소 returns a no-mutation discard notice (0.2726ms)
✔ [P4-S07] 내전확인 ABCD1234 returns a no-mutation discard notice (0.3812ms)
✔ [P4-S01] every public fixture alias has a local reply or canonical dispatcher route (27.0208ms)
✔ [P4-S02] server fallback gives exact local help, photo guidance, and no-mutation preview notices (1.3248ms)
✔ [P4-S01A] every actual V41 public sample has a local reply or canonical dispatcher route (8.9687ms)
✔ [P4-S03] unknown and internal direct API inputs normalize to explicit HTTP 400 (25.4542ms)
✔ [P4-S04] V4 command HTTP surface contains no 501 or router-not-enabled response (3.7126ms)
✔ [S01] zero or one leading slash is equivalent for the complete V1 route fixture (2.716ms)
✔ [S02] malformed slash, URL and middle slash canonicalize to no command (0.2169ms)
✔ [S03] two unregistered general users can create, cross-edit and cross-finish one recruit (11.6363ms)
✔ [S04] full recruit snapshots delete names, accept zero people and preserve A→B→A (1.96ms)
✔ [S05] FEATURES ranking, record and recent commands return successful replies (7.0443ms)
✔ [S06] a retired scrim command returns the R23 notice after authorization (0.6505ms)
✔ [S07] duplicate mutation callback is applied once and replayed once (1.326ms)
✔ [S08] an event ID body conflict maps to public REPLAY_CONFLICT with HTTP 409 (21.7194ms)
✔ [S09:NORMAL] normal V4 status returns a successful reply (0.5065ms)
✔ [S09:WRONG_PROFILE] wrong profile has an exact public code (0.2829ms)
✔ [S09:INVALID_SIGNATURE] invalid signature has an exact public code (0.4989ms)
✔ [S09:REPLAY_CONFLICT] replay conflict has an exact public code (0.3201ms)
✔ [S09:SERVER_UNAVAILABLE] server failure has an exact public code (0.2988ms)
✔ [S09:INVALID_FORM] invalid V1 form has an exact public code (0.1304ms)
✔ [S10] V1 golden regression inventory remains present for the release run (12.9075ms)
✔ legacy participation redirects preserve only reviewed query values (0.7603ms)
✔ legacy 정수 ID는 양의 PostgreSQL int32 canonical 형식만 허용한다 (1.0058ms)
✔ 대회 legacy UUID는 승인된 PostgreSQL cutover recipe와 일치한다 (0.2123ms)
✔ 미디어 legacy resolver는 유효한 숫자만 공개 매핑 port로 전달한다 (0.7424ms)
✔ legacy proxy는 GET/HEAD만 308로 이동하고 query allowlist를 적용한다 (8.2646ms)
✔ UUID mapping이 없는 legacy player detail은 영구 redirect하지 않는다 (0.5314ms)
✔ legacy account adapters preserve only reviewed canonical intent (1.4409ms)
✔ legacy statistics routes use one allowlisted canonical ranking destination (0.8474ms)
✔ reviewed administrator aliases resolve to their canonical integrated views (1.0908ms)
✔ legacy 앱 로그인은 내부 next만 보존하고 중복·외부 주소는 계정으로 축소한다 (1.1218ms)
✔ legacy 경기 목록은 canonical 공개 필터만 단일 값으로 보존한다 (0.5288ms)
✔ 동적 legacy ID와 밸런스 추천 query는 path traversal과 미검토 값을 버린다 (0.2939ms)
✔ 멸망전 참가자와 이미지 legacy deep link는 검증한 ID와 ordinal만 보존한다 (0.249ms)
✔ 멸망전 V1 이미지 route는 1-based 번호를 canonical 0-based query로 308 이동한다 (28.7948ms)
✔ legacy redirect 응답은 상대 Location과 no-store를 사용한다 (0.3204ms)
✔ USER_ROUTE_MAP의 redirect 32개와 통합 20개는 모두 한 버전 호환 진입점을 가진다 (5.3198ms)
✔ admin match conflict parser accepts only a complete canonical aggregate (4.7895ms)
✔ stored instant conversion is explicit and bounded by the recorded offset (0.1205ms)
✔ admin import recovery stores only minimal expiring non-secret metadata (2.6217ms)
✔ admin import recovery is best-effort when session storage is unavailable (0.2604ms)
✔ admin import recovery rejects expired, corrupt and expanded state (0.2585ms)
✔ ambiguous admin import failures preserve the exact upload key (5.8449ms)
✔ a verified latest projection is the only conflict path that changes revision or opens review (0.194ms)
✔ latest projection parser rejects malformed or unknown state (0.1892ms)
✔ definitive client rejection retains replay while allowing an explicit file reselection (0.1177ms)
✔ picker keyboard navigation skips inactive and duplicate-disabled rows (0.6789ms)
✔ match client retries preserve one key for exact body and revision (0.8941ms)
✔ submission continuation code is strict uppercase and canonical (0.7531ms)
✔ offline legacy match ids use the exact PostgreSQL int32 compatibility range (0.1275ms)
✔ MVP v1 formula is the only versioned score source (1.0252ms)
✔ MVP V1 compatibility tie-break is score, kills, deaths, assists, player id (0.3614ms)
✔ participant display identity is server-captured and retained across unrelated amendments (0.7627ms)
✔ KST date and explicit started-at offset are strict (0.1154ms)
✔ complete match input rejects unknown keys, bidi text and incomplete rosters (0.7542ms)
✔ submission input has a bounded image/game count (0.978ms)
✔ private image validator fully decodes, checks bounds/container end and SHA (28.8413ms)
✔ fake private adapters are exact development and non-Vercel only (0.3782ms)
✔ deterministic match review passes a structurally consistent series (1.1199ms)
✔ deterministic match review blocks stale aggregates and duplicate roster entries (0.2172ms)
✔ owner Kakao image sessions retain canonical target codes while hashing stable request scopes (147.5828ms)
✔ match JSON and image mutation headers reject malformed scopes with recoverable input problems (92.8602ms)
✔ match participant schema requires immutable display identity snapshots (2.4008ms)
✔ match series and each recalculation event carry nullable team-balance provenance (1.4077ms)
✔ submission audit snapshots retain a public rejection reason before reopen clears the live row (1.6097ms)
✔ public match player DTO is an exact safe allowlist including inactive profile policy (3.126ms)
✔ match submit page accepts one canonical continuation or owned draft reference (1.8027ms)
✔ public match query is exact, duplicate-safe and date bounded (0.886ms)
✔ admin match query separates match and submission filters (0.291ms)
✔ admin player picker query is bounded, canonical and duplicate-safe (0.3142ms)
✔ literal substring filters escape SQL LIKE metacharacters (0.1233ms)
✔ admin player picker uses indexed prefix or exact combined Riot ID strategy (0.2432ms)
✔ public match cursor is opaque, exact and coupled to sort/order (0.7633ms)
✔ own submission history cursor is status-bound and reaches beyond the first page (1.5386ms)
✔ own submission history accepts the native all-status filter and rejects invalid values (0.2064ms)
✔ native public search forms treat empty optional filters as unselected without weakening validation (0.3793ms)
✔ mutation and source hashes use a domain-separated HMAC pepper (14.0794ms)
✔ admin direct import stays in the private submission saga and only produces review candidates (35.3503ms)
✔ storage object is compensation-deleted when the DB attach fails (10.2853ms)
✔ OCR timeout becomes a bounded FAILED candidate and manual review remains possible (5.606ms)
✔ a finalize replay never deletes the deterministic canonical storage object (6.0447ms)
✔ a completed receipt replay returns before decode, storage and OCR work (3.2248ms)
✔ delete failure leaves a durable DELETE_PENDING cleanup request (3.1354ms)
✔ missing fake object after process restart fails closed instead of returning corrupt bytes (0.2993ms)
✔ image decode/OCR work is admitted through a bounded FIFO gate (0.3792ms)
✔ image work queue times out without leaking an active lease (10.7199ms)
✔ private storage keys bind the idempotency key while same-key retries remain stable (0.9138ms)
✔ an abort-aware never-resolving storage stage times out and reaches durable cleanup (30.1589ms)
✔ a late stage completion remains visibly DELETE_PENDING for the cleanup worker (84.9759ms)
✔ an abort-aware OCR timeout becomes review-first FAILED without holding the request (43.9182ms)
✔ OCR retry commits its durable preflight before storage and provider work (2.8318ms)
✔ OCR receipt replay returns before private storage work (0.1961ms)
✔ OCR retry deadline aborts the provider and durably finalizes a review-first failure (27.1198ms)
✔ selected team-balance provenance requires the exact ten-player two-team layout (0.9216ms)
✔ stalled upload body reaches an idle deadline and cancels its stream (38.1871ms)
✔ exact upload body still joins chunks under the deadline (0.7289ms)
✔ 빈 캐러셀과 한 장 캐러셀은 첫 위치를 유지한다 (0.6854ms)
✔ 여러 장 캐러셀은 이전·다음 이동과 양 끝 순환을 결정적으로 계산한다 (0.1208ms)
✔ 캐러셀 장수는 음수나 비정수일 수 없다 (0.4146ms)
✔ 휠 이동은 양 끝에서 페이지 세로 스크롤로 빠져나갈 수 있도록 순환하지 않는다 (0.1553ms)
✔ YouTube inputs canonicalize only supported HTTPS origins and paths (1.3387ms)
✔ highlight uses canonical video data and explicit public DTO (2.9843ms)
✔ gallery validates one to five distinct storage assets (4.3701ms)
✔ publication FSM archives without hard delete and restore returns to draft (0.2832ms)
✔ home display is limited to published gallery and clears on unpublish (0.2569ms)
✔ public gallery DTO resolves only reviewed asset identifiers (0.2723ms)
✔ gallery keeps one explicit display order across private and migrated external images (6.0092ms)
✔ metadata edits preserve publication status, increment revision, and reject archived content (0.5836ms)
✔ every document permits the privacy-enhanced YouTube player across client navigation while retaining other CSP boundaries (29.3381ms)
✔ admin private asset query is bounded and rejects duplicate or unknown parameters (1.7415ms)
✔ raw media upload preflight requires same origin, If-Match, bounded image MIME/size, SHA and safe name (25.2679ms)
✔ unconfigured upload storage returns the specific fail-closed problem (1.0653ms)
✔ media editor and private asset administration expose the complete safe workflow (4.4569ms)
✔ gallery editor accepts only bounded bulk upload result counts (1.597ms)
✔ media list parsers are bounded and reject unknown query keys (10.2969ms)
✔ media commands use the existing strict YouTube parser, exact bodies, If-Match revision, and deterministic fingerprints (14.2858ms)
✔ gallery input permits only one to five distinct READY asset identifiers at the application boundary (1.0255ms)
✔ gallery input accepts an explicit mixed image order without exposing arbitrary fields (1.1567ms)
✔ published asset delivery checks publication/READY via its port and never returns the storage locator (2.0935ms)
✔ V2 deterministic formula transition truthfully requires explicit admin recalculation (0.6496ms)
✔ MMR public query accepts only singular canonical allowlisted filters (1.5337ms)
✔ MMR integrated admin redirects drop unsafe and unknown query values (0.4887ms)
✔ MMR cron authenticates the exact route before opening a database service (24.2429ms)
✔ MMR cron runs one catch-up and allowlists fixed state and operational counters (5.0139ms)
✔ MMR cron reports the required administrator formula transition without pretending it is idle (3.4088ms)
✔ MMR cron sanitizes service initialization, database and lock timeout failures (1.012ms)
✔ MMR rebuild is deterministic and ignores source array order (2.9125ms)
✔ voided and draft matches never affect profiles (0.1523ms)
✔ winner and position performance update profiles within bounded scores (0.2553ms)
✔ manual adjustments are immutable ordered events and clamp at profile bounds (0.2345ms)
✔ public and team-balance DTOs expose only bounded score summaries (1.1812ms)
✔ malformed rosters, duplicate sources and unsafe adjustments fail closed (0.6328ms)
✔ r1에서 발급한 own r2 응답은 최신 projection과 일회성 비밀번호를 함께 유지한다 (0.874ms)
✔ r2 비밀번호 표시 중 외부 r3 projection이 도착하면 r2 비밀번호를 폐기한다 (0.1334ms)
✔ r3 prop이 선반영된 뒤 도착한 늦은 r2 응답은 projection과 비밀번호 모두 거부한다 (0.136ms)
✔ OpenAI runtime configuration is explicit, bounded and all-or-nothing (0.8997ms)
✔ Responses adapter uses the fixed official endpoint and aggregates output text safely (28.5792ms)
✔ Responses adapter fails closed for budget, authorization, rate limit and malformed output (2.3608ms)
✔ operation form payloads accept only their bounded allowlist (2.0174ms)
✔ review transitions are monotonic and revision checked (2.1942ms)
✔ delete is soft and the admin DTO excludes source, reviewer identity, and deletion metadata (0.2248ms)
✔ Kakao operation form failures distinguish integration, room and capability without exposing identifiers (0.3255ms)
✔ operational observations separate missing evidence, disabled flags and historical success (3.4925ms)
✔ daily close follows the KST 06:00 operating boundary with a 15 minute grace (0.205ms)
✔ bounded queue thresholds and unfinished jobs draw attention without claiming delivery (0.3595ms)
✔ site settings update is revision-bound and public DTO is allowlisted (1.6867ms)
✔ AI is hard-disabled first, then checks approval, role, rate and prompt (0.2969ms)
✔ CSV backup quotes fields and neutralizes spreadsheet formulas (0.3659ms)
✔ operations HTTP input allowlists reject extra or privileged-looking fields (0.3587ms)
✔ internal job signature is scoped, expiring and nonce replay aware (1.0012ms)
✔ copy snapshot round-trips the original while retaining current authorization and identity context (2.0716ms)
✔ concurrent numbered additions keep the latest roster and use the next vacant main slot (0.5557ms)
✔ a free numbered slot is kept and a replay cannot add the same person twice (0.2222ms)
✔ copy forms cannot delete, replace, move or demote an existing original member (0.4801ms)
✔ a participant removed after the copied original never reappears from a stale form (0.502ms)
✔ latest slot changes remain intact instead of restoring positions from the original (0.7564ms)
✔ line-specific collisions reject the submission instead of assigning a different position (0.3284ms)
✔ changing an existing line in the copy is treated as replacement, not a new signup (0.1698ms)
✔ full main roster rejects concurrent additions without silently switching them to reserve (0.2659ms)
✔ explicit reserves stay reserves and concurrent reserves receive an empty reserve slot (0.2393ms)
✔ a signup already accepted concurrently is recognized by normalized name without moving that member (0.1936ms)
✔ duplicate names across main and reserve are rejected after Unicode and whitespace normalization (0.2433ms)
✔ the total 99-member bound applies even when a reserve slot appears available (0.4457ms)
✔ editable copies accept already-applied draft metadata and merge a later signup (0.452ms)
✔ editable copies delete and replace explicit original slots without collapsing gaps (0.2434ms)
✔ editable metadata merges different fields but rejects competing changes atomically (0.2624ms)
✔ editable copies preserve concurrent members, move reserves and replay the same move (0.2217ms)
✔ an editable stale copy cannot resurrect a removed participant by moving them (0.2824ms)
✔ editable conflicting replacements reject all changes and preserve concurrent cancellation (0.2087ms)
✔ editable simultaneous additions shift to free slots while explicit moves require their destination (0.2292ms)
✔ editable copies reject duplicate results, capacity overflow and full reserve rosters (0.5286ms)
▶ malformed snapshot envelopes cannot become a merge baseline
  ✔ missing (0.1218ms)
  ✔ unsupported version (0.0709ms)
  ✔ different target (0.0495ms)
  ✔ different type (0.0557ms)
  ✔ changed capacity (0.0638ms)
  ✔ text revision (0.0637ms)
  ✔ fractional revision (0.0624ms)
  ✔ negative revision (0.0601ms)
  ✔ future revision (0.0675ms)
  ✔ closed original (0.0511ms)
  ✔ invalid start (0.0665ms)
  ✔ empty start (0.0949ms)
  ✔ oversize start (0.0631ms)
  ✔ invalid game (0.0655ms)
  ✔ empty game (0.0673ms)
  ✔ oversize game (0.0821ms)
  ✔ invalid organizer (0.0536ms)
  ✔ empty organizer (0.0443ms)
  ✔ non-array members (0.0432ms)
  ✔ non-object member (0.0518ms)
  ✔ missing member name (0.0814ms)
  ✔ empty member name (0.0717ms)
  ✔ oversize member name (0.0585ms)
  ✔ member control character (0.0535ms)
  ✔ zero slot (0.0502ms)
  ✔ negative slot (0.0474ms)
  ✔ fractional slot (0.0471ms)
  ✔ out-of-capacity slot (0.0465ms)
  ✔ out-of-range reserve (0.0456ms)
  ✔ invalid substitute (0.0544ms)
  ✔ invalid position (0.0684ms)
  ✔ duplicate slot (0.0982ms)
  ✔ duplicate name (0.0596ms)
  ✔ duplicate normalized name (0.0847ms)
  ✔ duplicate position (0.0599ms)
  ✔ too many members (0.0431ms)
✔ malformed snapshot envelopes cannot become a merge baseline (6.2206ms)
✔ a reused empty draft cannot cancel a later join, but the returned current form can (0.1693ms)
✔ player write DTO is an allowlist with normalized validated values (2.3548ms)
✔ legacy numeric ids accept only the positive PostgreSQL integer range (0.505ms)
✔ administrator player query rejects duplicates, unknown keys, and oversized values (0.553ms)
✔ mutation fingerprint is canonical and changes with revision or allowlisted input (0.187ms)
✔ legacy detail mapping remains outside proxy and administrator APIs use the shared HTTP contract (4.7566ms)
✔ administrator player pages present operational labels in Korean (7.1398ms)
✔ 공개 Riot 플레이어 ID는 canonical UUID만 받는다 (0.848ms)
✔ 공개 Riot 조회는 없는 플레이어·미연동·동기화 대기·준비 완료를 구분한다 (4.1903ms)
✔ 플레이어 목록 query는 검색어·페이지 길이와 범위를 제한한다 (1.4792ms)
✔ 티어 query는 허용 목록만 받고 영문·한글 티어 표기를 같은 계열로 묶는다 (0.2033ms)
✔ 내정보 티어 선택값은 10개 티어와 다이아 이하 4단계 및 마스터 이상 점수 계약을 보존한다 (0.5717ms)
✔ 목록·상세 유스케이스는 repository port를 통해 pagination과 404 계약을 지킨다 (0.3525ms)
✔ fixture 목록도 회원명 검색과 티어 필터를 함께 적용하되 회원명은 반환하지 않는다 (0.3109ms)
✔ 공개 플레이어 projection에는 금지된 회원·계정·Discord·내부 보정 필드가 없다 (0.1608ms)
✔ 두 legacy redirect는 route별 query allowlist만 보존한다 (0.2459ms)
✔ upload validation binds declared MIME, decoded dimensions, exact container, SHA-256, and a safe name (1.8665ms)
✔ lifecycle is explicit and cleanup plans are deterministic, bounded, and DELETE_PENDING-only (12.1057ms)
✔ purpose/resource and actor authorization form a closed allowlist (0.2469ms)
✔ forbidden and absent are deliberately rendered with one outward problem (0.1405ms)
✔ public and private DTOs never expose storage keys, URL locators, creator IDs, or SHA-256 (0.3389ms)
✔ application saga rechecks ownership, blocks duplicates, finalizes only verified bytes, and reads READY only (2.7576ms)
✔ failed staging enters DELETE_PENDING; cleanup is retryable and keeps the tombstone (1.4484ms)
✔ a bounded worker sweep turns crash-abandoned STAGED rows into cleanup tombstones (0.5005ms)
✔ admin list is bounded and excludes SUPER-only purposes at the repository boundary (4.647ms)
✔ private storage mode is one fail-closed production policy (1.8733ms)
✔ fake private storage can preload immutable local QA bytes without sharing caller buffers (196.2885ms)
✔ official SDK seam uses private deterministic collision-safe put/get/delete options (4.0859ms)
✔ connected private Blob credentials prefer OIDC and pass only the store-scoped SDK options (0.5051ms)
✔ deterministic retries are idempotent only for the same digest and DELETE_PENDING cleanup is repeatable (1.2775ms)
✔ adapter rejects traversal, mismatched digest, invalid containers and pre-aborted calls before SDK access (0.4794ms)
✔ all application and Blob boundaries share the 4 MiB server upload ceiling (0.11ms)
✔ 공개 랭킹 세 분류는 명시된 동률 규칙으로 독립 정렬되고 원본을 바꾸지 않는다 (2.2632ms)
✔ 홈 Top 3은 상세 탭과 같은 공개 정렬 계약을 사용한다 (0.2127ms)
✔ 표시 승률이 66.7%로 같아도 667/1000은 2/3보다 정확히 앞선다 (0.1812ms)
✔ 랭킹 분류 파서는 허용된 공개 뷰만 통과시킨다 (0.1568ms)
✔ 랭킹 화면은 세 분류, 상태 안내, MMR 진입과 모바일 44px 계약을 제공한다 (7.6364ms)
✔ R23 party copy reference rejects stale, reused-number identity and prior-day forms without mutations (9.5543ms)
✔ R24 latest copy rejects deletion and duplicate names atomically (1.5475ms)
✔ R23 legacy copies are append-only for both member rows and metadata (2.1632ms)
✔ R23 unchanged full copy preserves revision, metadata and scheduled timestamp (0.8422ms)
✔ R23 blank draft activates with participant name only and no organizer (0.8114ms)
✔ ADR0011 finishing a draft cancels once and replay preserves its record and audit (1.249ms)
✔ stored numbered copies allow deletions, replacements and reserve moves in one atomic save (4.5386ms)
✔ stored numbered copies merge independent edits and preserve the latest scheduled time (9.9176ms)
✔ stored draft copies accept the same activated metadata and add the next participant (4.9717ms)
✔ stored numbered copies reject missing main, reserve and metadata fields without deleting members (4.3755ms)
✔ copy headers cannot change the locked party type or capacity even when every original row remains (6.0298ms)
✔ stored numbered explicit blanks clear metadata and roster while legacy copies remain append-only (5.2679ms)
✔ BOT idempotency fingerprints bind the signed room, sender, and command source (0.8789ms)
✔ party create, sync, status and finish use the domain while mutations commit in atomic order (2.112ms)
✔ V4 slot patches preserve absent rows, delete explicit empty rows, and use stored party shape (0.628ms)
✔ atomic party member commands compose on the locked latest revision and persist stable outcomes (1.5123ms)
✔ scrim participant shortcuts compose on the locked latest revision across room members (1.6075ms)
✔ party member command validation and ambiguous removal fail closed before persistence (1.9591ms)
✔ party cancel and SUPER-only reset are distinct terminal commands (0.8357ms)
✔ scrim create, join, reopen, confirm, complete and cancel enforce the state machine (1.8926ms)
✔ legacy scrim form fields remain durable in the typed aggregate (0.4257ms)
✔ signed V1 scrim forms infer exactly one active destruction tournament inside the transaction (0.5128ms)
✔ signed V1 scrim inference rejects zero or multiple active destruction tournaments atomically (0.4568ms)
✔ full scrim sync is revision-bound, audited and idempotently replayed (0.9383ms)
✔ durable receipt replay returns before load and same request key with another body conflicts (0.5734ms)
✔ one signed Kakao delivery received by two installations mutates canonical room state once (0.3828ms)
✔ server-clock party metadata fallback is identical on durable replay (0.3307ms)
✔ signed V1 creates allocate the party number inside the mutation transaction (0.456ms)
✔ a malformed replay receipt is rejected even when its request hash matches (0.4025ms)
✔ outbox failure rolls repository, audit, outbox, and receipt back together (0.2919ms)
✔ BOT body binding, JOB restriction, stale revision, and authorization failures happen before mutation (1.1126ms)
✔ public party and scrim DTOs expose only reviewed fields (0.2035ms)
✔ V4 room scope allows cross-sender snapshots and finish while preserving durable event receipts (1.3622ms)
✔ V4 automatic scrim number is allocated after receipt claim and replays before a second allocation (0.4118ms)
✔ V4 scrim draft activates with one inferred tournament and a server-time fallback (0.5058ms)
✔ V4 request fingerprint is stable across server-resolved revisions but changes with the signed body (0.1715ms)
✔ KST recruit date is stable across the UTC day boundary (0.8836ms)
✔ KST recruit display time is stable across midnight (0.1455ms)
✔ party metadata distinguishes absent preservation from explicit empty defaults (0.7351ms)
✔ a Kakao V4 number reservation stays draft until the completed V1 form activates it (1.6368ms)
✔ party slot patches use stored type and capacity while preserving absent and deleting explicit empty slots (0.3769ms)
✔ canonical party sync returns the stored aggregate without increasing revision (0.182ms)
✔ party member mutation requires an active party and fills the first primary hole before reserve (0.5593ms)
✔ party member no-ops preserve revision and removal preserves every remaining slot (0.3834ms)
✔ request fingerprint is canonical and binds actor, action, key and body (0.2433ms)
✔ party sync enforces capacity, positions, slots and optimistic revision (0.4576ms)
✔ Kakao recruit aggregates are visible and mutable only from their signed source room (0.1406ms)
✔ party primary capacity excludes candidates while the total list remains bounded (0.2296ms)
✔ party terminal transitions do not permit mutation or replay with a new command (1.3205ms)
✔ auto finish respects scheduled protection and idle window (0.2005ms)
✔ scrim follows recruiting, matched, confirmed and completed states (0.6081ms)
✔ scrim opponent can be reopened but requester cannot join itself (0.1614ms)
✔ full scrim sync replaces V1 form fields but binds date, number, tournament and revision (0.4576ms)
✔ public party DTO excludes room, sender, notes and request keys by construction (0.1806ms)
✔ Kakao command access separates public create/read/join from controller lifecycle changes (0.1621ms)
✔ V1 room members may update and close shared forms without weakening raw V2 (0.1102ms)
✔ Kakao creator, joined opponent leader, or trusted operator controls lifecycle commands (0.1401ms)
✔ public scrim join binds the opponent leader and reopen clears that controller (0.0952ms)
✔ recruiting JSON boundary accepts only reviewed create fields (4.3561ms)
✔ raw V2 recruit commands require an operator or explicit non-production development mode (0.2113ms)
✔ signed V1 compatibility targets are exact while raw V2 cannot smuggle extra fields (0.7564ms)
✔ party member command boundary accepts exactly one bounded name (0.1726ms)
✔ scrim boundary validates UUID seams and command allowlists (0.3413ms)
✔ command scope is bound to both actor and action (0.1321ms)
✔ recruiting operating day changes exactly at 06:00 KST (2.564ms)
✔ signed party targets use the envelope instant and the 06:00 KST operating boundary (8.1639ms)
✔ signed scrim templates and targets use the same 06:00 KST operating boundary (7.8588ms)
✔ Kakao webhook binds HMAC to timestamp, nonce, room, sender, and raw body with key rotation (3.2486ms)
✔ Kakao webhook rejects stale/replayed, forbidden room/sender, and bot-self requests (1.0693ms)
✔ same allowed room accepts arbitrary members A/B/C without granting operator capabilities (1.2544ms)
✔ malformed signatures and unsafe request structure fail closed (0.4642ms)
✔ Riot cron rejects invalid requests before runtime access and noops when unconfigured (25.9093ms)
✔ Riot cron signs one bounded consumer call with a fresh replay nonce and returns only safe counters (1.9543ms)
✔ disabled Riot cron is a safe noop; unexpected errors stay opaque (1.0411ms)
✔ missing RSO never supplies state or verified identity (0.602ms)
✔ key probe requests only fixed KR status once, discards body, and exposes no credentials (1.3502ms)
✔ probe HTTP authenticates exact empty request and rejects caller URLs before invocation (3.6807ms)
✔ S12 schema exposes durable ledgers without OAuth token/code/request-log columns (8.3837ms)
✔ 0014 migration and snapshot add only the S12 Riot schema (11.5913ms)
✔ Riot production feature flag is exact and fail-closed by default (0.8022ms)
✔ explicit fake runtime adapter connects application mutations to safe query DTOs (12.8232ms)
✔ admin Riot query is bounded and rejects duplicate or unknown HTTP parameters (0.6805ms)
✔ public, owner, admin HTTP routes and responsive UI states are present (13.8616ms)
✔ scheduled sync queues one connected account, keeps direct links unverified and respects six hours (9.4968ms)
✔ queued sync is cancelled after disconnect and stale exhausted leases cannot block later jobs (2.7265ms)
✔ sync discards a provider response when owner disconnects during the network request (2.6203ms)
✔ a provider rate limit pauses both queued consumption and scheduled account discovery (1.1301ms)
✔ approved owner direct link/unlink is transactional, idempotent, and never leaks PUUID (0.8702ms)
✔ direct and RSO links must match the player's canonical registry Riot ID (1.9201ms)
✔ feature flag fails closed and outbox failure rolls link, audit, and receipt back together (0.5448ms)
✔ RSO callback is internal-return, expiring, one-time and exchange-idempotent across response replay (1.6257ms)
✔ only SUPER_ADMIN can bulk/sync-all while owner is restricted to the owned link (2.5164ms)
✔ SUPER bulk-link derives registry Riot IDs and atomically records exact replay (1.6105ms)
✔ bulk-link rolls every successful link back when durable event recording fails (1.6123ms)
✔ sync enforces cooldown, Retry-After, stale lease recovery and partial completion (1.1783ms)
✔ recent solo summary persists only when complete; missing data preserves rank and 429 retains retry (2.0717ms)
✔ sync-all reuses active work and schedules cooling accounts without blocking the whole population (2.3977ms)
✔ analytics persists useful partial facts during backoff, reuses its cache, and discards data after a concurrent identity change (5.0068ms)
✔ Riot IDs normalize NFKC and reject separators or oversized tags (1.8338ms)
✔ RSO return path cannot escape origin (0.2166ms)
✔ RSO state is owner-bound, expiring and one-time (0.4284ms)
✔ disconnect clears encrypted PUUID and hides existence from another owner (0.2327ms)
✔ sync jobs retry rate limits and transient failures with bounded backoff (0.4232ms)
✔ last allowed transient attempt becomes terminal failure (0.1557ms)
✔ last allowed rate-limited attempt retains its provider cooldown after terminal failure (0.1404ms)
✔ stale RUNNING lease is recoverable and the old worker cannot finish it (0.2034ms)
✔ invalid upstream Retry-After is rejected rather than creating an invalid schedule (0.172ms)
✔ permanent upstream failure never retries (2.3595ms)
✔ public Riot DTO excludes PUUID, owner and request-log provenance (0.2225ms)
✔ analytics allowlists player and timeline facts, preserves missing stats, and discards provider identities (10.0197ms)
✔ turret plates use the optional official challenge count and keep unavailable values separate from zero (10.2913ms)
✔ known unsupported or aborted games do not trap the historical cursor, while malformed normal matches remain incomplete (63.8467ms)
✔ only verified public matchmaking is archived; custom, tutorial and unknown queues advance without disclosure (22.3315ms)
✔ duplicate timeline frames merge deterministically, keeping legitimate same-millisecond item counts (1.3034ms)
✔ analytics reuses a match across solo/recent pages, collects a timeline, then serves cache without detail refetch (2.0008ms)
✔ timeline failures preserve match facts and a 429 stops all further provider requests with Retry-After (1.7525ms)
✔ unsupported successful timelines do not starve older games while transport failures remain retryable (14.9373ms)
✔ the history cursor advances only after a complete bounded older batch, and never erases earlier progress on failure (1.5266ms)
✔ invalid match IDs, malformed cursors and a 25-second budget are bounded before more upstream work (0.5574ms)
✔ a new non-overlapping latest page reopens completed or ongoing history and subsequently collects the hidden gap (33.8263ms)
✔ a partial gap restart preserves a safe cursor across backoff and overlap keeps ordinary history progress (6.7962ms)
✔ an already observed all-private latest page cannot repeatedly reset older public-game backfill (45.057ms)
✔ public analytics rejects invalid IDs, ambiguous and malformed cursors before storage access (129.1817ms)
✔ public match rejects extraneous queries and unsafe identifiers before storage access (42.7434ms)
✔ public analytics and match distinguish unavailable, hidden and stored public data (85.0056ms)
✔ match growth series compares the matching enemy lane and uses actual frame timestamps (4.7611ms)
✔ match growth series does not count missing participants or statistics as zero (0.5897ms)
✔ Report snapshots persist computed historical results and filters without raw matches or participant identities (4.6326ms)
✔ Malformed browser snapshots are rejected rather than crashing the report view (1.1029ms)
✔ Multiple patch selections use a union and still intersect with other filters (2.6169ms)
✔ Purchase history removes undone purchases before classifying starting items and ordered cores (3.0472ms)
✔ Build adoption denominator includes observed matches that ended before a second core but excludes missing timelines (8.5861ms)
✔ Skill patterns preserve observed sequence and never infer missing level-ups (0.347ms)
✔ Special map items use the official map classification and mode-specific adoption denominators (0.4199ms)
✔ Riot player filters compose over Korea dates, positions, patches and queues without changing the source (1.7483ms)
✔ Riot aggregations exclude remakes, preserve unknown roles and do not turn missing provider statistics into zero (1.0859ms)
✔ Riot KDA uses aggregate kills and deaths; per-minute values use each actual game duration (0.1615ms)
✔ Champion turret-plate averages use observed values only, preserve real zero and exclude remakes (0.2203ms)
✔ Observed rank coordinates remain continuous across promotion and do not fabricate missing ranks (0.1917ms)
✔ Encounter summaries distinguish repeated same-team players from same-role opponent champions (0.4993ms)
✔ Encounter names keep the same order when server and browser default locales differ (1.0408ms)
✔ Build aggregation treats reordered slots as one combination and excludes empty slots and trinkets (0.2707ms)
✔ Laning and early participation reports require real timeline coverage rather than approximated results (0.6644ms)
✔ PUUID encryption is authenticated, opaque and rotation-ready (5.0621ms)
✔ Riot gateway resolves Riot ID and reads the SOLO queue through bounded official endpoints (39.3523ms)
✔ Riot gateway classifies 429, 404, 5xx and malformed responses without exposing credentials (1.3591ms)
✔ production API configuration is independent of optional RSO and binds the exact callback (0.8638ms)
✔ RSO state is HMAC-bound and authorization URL never includes the client secret (1.3612ms)
✔ 0020 adds only the protected exchange cache and signed sync consumer route (13.3766ms)
✔ public Riot profile separates unlinked, connected, stale, temporary and rate-limited states (1.798ms)
✔ recent solo uses queue 420, 20 matches, at most two concurrent requests and a summary-only result (148.7526ms)
✔ empty history and explicit remakes are known zero samples while malformed or wrong-scope details are unavailable (0.9061ms)
✔ rate limiting stops subsequent chunks and propagates bounded Retry-After (0.7629ms)
✔ total time, response size, unsafe IDs and duplicate IDs are bounded before further provider reads (1.1667ms)
✔ stored recent-solo summaries reject extra identity data, invalid counts and invalid numeric values (0.2684ms)
✔ season domain normalizes names and produces stable canonical JSON (0.8764ms)
✔ KST application date is independent of server timezone (18.6053ms)
✔ only an active season inside its application window accepts applications (0.2235ms)
✔ admin datetime-local values are converted to and from explicit KST instants (0.7142ms)
✔ client idempotency keys stay stable until success and follow the payload fingerprint (0.303ms)
✔ application position UI never offers or preserves an ALL mixture (1.2509ms)
✔ season commands require exact JSON keys, safe text and zoned ISO dates (3.6313ms)
✔ admin season query parser rejects unknown, duplicate, noncanonical and unsafe values (0.6279ms)
✔ SITE and completed administrator decisions deterministically win Kakao merges (0.2985ms)
✔ Kakao pending filters are bounded and canonical (0.6418ms)
✔ Kakao pending mutations carry SUPER intent, revision and deterministic fingerprint (0.7043ms)
✔ statistics public queries accept only singular canonical allowlisted values (1.4768ms)
✔ statistics recalculate command binds exact body, projection revision and idempotency identity (1.0537ms)
✔ bounded statistics drain stops on idle, failure and hard event limit (1.1478ms)
✔ season projection deterministically counts games, distinct series, stored MVP and dimensions (3.5371ms)
✔ participation counts a multi-game series once and S05 never derives a missing MVP (0.6697ms)
✔ canonical ranking uses exact rational win rate, stable identity and sequential rank (0.3729ms)
✔ public ranking DTO is an exact allowlist (0.1971ms)
✔ statistics cron rejects credentials, query overrides, wrong path and method before opening the database (33.5309ms)
✔ authenticated empty queue is a no-op; a request never consumes more than ten events (2.114ms)
✔ time budget finishes the current event and stops before claiming another (0.9768ms)
✔ failed event stops the batch, returns retryable status and exposes no event or raw error (1.2464ms)
✔ database setup, claim and release failures remain retryable without disclosing internals (1.4021ms)
✔ affected seasons dedupe and lock in canonical order for every S04 action scope (1.1399ms)
✔ application passes old/new season rebuild scope to one atomic repository operation (0.1895ms)
✔ application reports idle and releases a failed exact lease without touching READY data (0.2238ms)
✔ statistics failure storage allowlists domain and SQLSTATE codes without copying raw errors (0.2351ms)
✔ storage probe rejects invalid signature, route, query and body before any job dependency (36.1081ms)
✔ storage probe uses a generated UUID and exposes only the matching anonymous trace (2.0959ms)
✔ storage probe preserves replay/rate-limit status and hides job exceptions (1.8931ms)
✔ storage probe reads exact bytes and removes only its new diagnostic object (1.8049ms)
✔ ambiguous write failure is compensated and raw errors never escape (0.4862ms)
✔ cleanup failure is visible and arbitrary keys are rejected before storage access (0.5474ms)
✔ probe bytes pass the production image adapter and cleanup reads bypass the CDN (4.8745ms)
✔ team balance vocabulary and neutral provider defaults are explicit (140.8098ms)
✔ input rejects oversized, duplicate, missing-position, and invalid-score cases (1.2269ms)
✔ the V1 global recommendation is one lossless 5:5 layout with every position exactly once (137.4028ms)
✔ V1 global recommendation is deterministic regardless of request order (171.5198ms)
✔ mixed legacy and new player ids keep a total order across forward, reverse and rotate (1294.978ms)
✔ V1 search evaluates 126 anchored team splits and each team's best permutation (38.8189ms)
✔ automatic and manual paths return the exact same scoring-kernel breakdown (39.8792ms)
✔ position rating overrides overall and confidence shrinks unknown data toward 50 (52.4779ms)
✔ positions omitted from the request remain legal V1 AUTO assignments (37.369ms)
✔ [V1 blueblack golden] score uses tier, inhouse, position experience and the data-missing path (1.1627ms)
✔ share text keeps the V1 line order and excludes draft ids, account ids and links (59.2282ms)
✔ manual evaluation rejects duplicate players and incomplete team-position coverage (0.3674ms)
✔ team override HTTP binds origin, scope, revision and idempotency; response is private and replayable (48.2249ms)
✔ override route and Korean control retain ADMIN read, SUPER mutation and optimistic concurrency (9.3944ms)
✔ team-only overrides retain the existing -1000..1000 integer contract without touching MMR inputs (1.8669ms)
✔ 팀 밸런스 초안 목록 query는 단일·제한된 페이지 값만 허용한다 (2.4185ms)
✔ 팀 밸런스 후보 query는 플레이어 검색과 최근 신청 출처만 허용한다 (2.0047ms)
✔ recommendation list and detail queries use exact draft/team allowlists (1.3468ms)
✔ recommendation API requires one explicit RED or BLUE team (7.3383ms)
✔ team recommendations are deterministic, position ordered, and ban champions are unique (1.9143ms)
✔ team recommendations keep selected lineup for an unavailable projection (0.2307ms)
✔ team recommendations do not infer an unselected candidate (0.1296ms)
✔ 랜덤 팀 legacy redirect는 mode와 PWA source allowlist만 보존한다 (0.8712ms)
✔ 팀 밸런스 legacy redirect는 검토한 PWA source만 보존한다 (0.3003ms)
✔ 코인 토스 legacy redirect는 PWA source만 보존한다 (0.1568ms)
✔ random-team parser accepts common numbered and bullet list forms (1.8006ms)
✔ random-team parser reports exact participant counts (0.1746ms)
✔ duplicate display names remain distinct slots and are disclosed (0.5157ms)
✔ seeded Fisher-Yates is replayable, non-mutating, and preserves every slot (0.2767ms)
✔ uniform index rejects the modulo-bias tail (0.1262ms)
✔ random teams remain a lossless 5:5 partition across seeds (1.779ms)
✔ simple tier mapping is the V2 1-to-10 contract (0.161ms)
✔ tier balance is deterministic and reaches the exhaustive minimum (2.9185ms)
✔ tier balance rejects forged scores and duplicate slots (0.5849ms)
✔ coin toss follows idle-playing-revealed and blocks illegal transitions (0.4367ms)
✔ seeded coin toss reaches both sides and replays each seed (0.6351ms)
✔ RFC 6238 SHA-1 vector produces the expected six digit suffix (1.1203ms)
✔ TOTP verifier accepts only the configured time window (1.0273ms)
✔ usage route templates remove identifiers, queries and sensitive pages (1.8105ms)
✔ event ingestion rejects arbitrary text, client identity and unreviewed targets (1.2017ms)
✔ KST range respects midnight, calendar boundaries and bounded retention (6.8823ms)
✔ collection requires explicit production configuration and filters recognizable bots (0.264ms)
✔ signed visitor cookies reject forgery and key changes (0.6399ms)
✔ USER_ROUTE_MAP canonical 사용자 경로 39개가 중복 없이 분류된다 (1.2246ms)
✔ page-contract로 표시한 사용자 경로는 실제 App Router 페이지가 있다 (5.4511ms)
✔ 공지·뉴스·패치노트는 현재 V1 기능 계약에 없으므로 V2 canonical을 꾸며내지 않는다 (0.1973ms)
✔ 현재 경로 표시는 홈을 하위 경로 전체에 오인 적용하지 않는다 (0.1477ms)
✔ 전역 명령 팔레트는 검색 dialog·단축키·방향키 탐색 계약을 제공한다 (1.2448ms)
✔ Every task can be found by plain Korean intent before login (3.6403ms)
✔ List return preserves exact filters and rejects external or sibling destinations (0.3047ms)
✔ Support consent is explicit and unknown or oversized inputs fail closed (0.7095ms)
✔ Route metadata covers public and protected pages without indexing private activity (0.6559ms)
✔ Search Enter opens a matching task and offers an explicit player search separately (0.8294ms)
✔ Vercel cron accepts only the exact timing-safe Bearer secret (0.8193ms)
✔ daily close identity changes at 06:00 KST and remains stable for delayed retries (2.5945ms)
✔ invalid cron clocks fail closed before any repository input is made (0.3962ms)
ℹ tests 1048
ℹ suites 0
ℹ pass 1047
ℹ fail 0
ℹ cancelled 0
ℹ skipped 1
ℹ todo 0
ℹ duration_ms 7872.7868

> klol-gg-v2@0.1.0 verify:home-guide-art
> tsx scripts/home/verify-female-guide-art.ts

여성 챔피언 68명 · 개별 이미지 68개 · 1672x940 · SHA-256 중복 0건

> klol-gg-v2@0.1.0 build
> next build

▲ Next.js 16.3.4 (Turbopack)
✓ Running next.config.ts took 26ms

  Creating an optimized production build ...
✓ Compiled successfully in 9.5s
  Running TypeScript ...
  Finished TypeScript in 7.0s ...
  Collecting page data using 15 workers ...
  Generating static pages using 15 workers (0/102) ...
  Generating static pages using 15 workers (25/102)
  Generating static pages using 15 workers (50/102)
  Generating static pages using 15 workers (76/102)
✓ Generating static pages using 15 workers (102/102) in 242ms
  Finalizing page optimization ...

Route (app)                                                             Revalidate  Expire
┌ ƒ /
├ ƒ /_not-found
├ ƒ /account
├ ƒ /account/discipline
├ ƒ /account/password
├ ƒ /account/riot
├ ƒ /account/tier
├ ƒ /admin
├ ƒ /admin/ai-requests
├ ƒ /admin/balance
├ ƒ /admin/balance-ai
├ ƒ /admin/balance-ai/players
├ ƒ /admin/balance-ai/recalculate
├ ƒ /admin/balance-ai/reviews
├ ƒ /admin/balance-ai/reviews/[reviewId]
├ ƒ /admin/balance/drafts
├ ƒ /admin/balance/drafts/[draftId]
├ ƒ /admin/balance/drafts/[draftId]/recommendations
├ ƒ /admin/balance/recommendations
├ ƒ /admin/champions
├ ƒ /admin/champions/[championId]/edit
├ ƒ /admin/champions/new
├ ƒ /admin/discipline
├ ƒ /admin/discipline/[recordId]
├ ƒ /admin/discipline/new
├ ƒ /admin/highlights
├ ƒ /admin/highlights/[highlightId]/edit
├ ƒ /admin/highlights/new
├ ƒ /admin/images
├ ƒ /admin/images/[imageId]/edit
├ ƒ /admin/images/new
├ ƒ /admin/kakao
├ ƒ /admin/kakao/operation-forms
├ ƒ /admin/kakao/operation-forms/[formType]
├ ƒ /admin/kakao/recruits
├ ƒ /admin/kakao/recruits/logs
├ ƒ /admin/kakao/recruits/settings
├ ƒ /admin/kakao/rooms
├ ƒ /admin/kakao/scrims
├ ƒ /admin/kakao/season-apply
├ ƒ /admin/kakao/settings
├ ƒ /admin/kakao/stats
├ ƒ /admin/login
├ ƒ /admin/logs
├ ƒ /admin/logs/kakao
├ ƒ /admin/matches
├ ƒ /admin/matches/[matchId]
├ ƒ /admin/matches/[matchId]/ai-review
├ ƒ /admin/matches/[matchId]/edit
├ ƒ /admin/matches/new
├ ƒ /admin/matches/submissions/[submissionId]
├ ƒ /admin/operation-forms
├ ƒ /admin/operation-forms/[formType]
├ ƒ /admin/operation-forms/[formType]/[id]
├ ƒ /admin/operation-forms/warnings
├ ƒ /admin/players
├ ƒ /admin/players/[playerId]
├ ƒ /admin/players/[playerId]/balance
├ ƒ /admin/players/[playerId]/edit
├ ƒ /admin/players/[playerId]/riot
├ ƒ /admin/players/new
├ ƒ /admin/private-assets
├ ƒ /admin/private-assets/[assetId]
├ ƒ /admin/progress
├ ƒ /admin/progress/destruction
├ ƒ /admin/progress/destruction/[tournamentId]
├ ƒ /admin/progress/destruction/new
├ ƒ /admin/progress/event
├ ƒ /admin/progress/event/[eventId]
├ ƒ /admin/progress/event/new
├ ƒ /admin/recruits
├ ƒ /admin/riot
├ ƒ /admin/search
├ ƒ /admin/seasons
├ ƒ /admin/seasons/kakao-pending
├ ƒ /admin/seasons/kakao-pending/[pendingId]
├ ƒ /admin/security
├ ƒ /admin/site-settings
├ ƒ /admin/usage
├ ƒ /admin/users
├ ƒ /admin/users/[userAccountId]
├ ƒ /ai-balance
├ ƒ /ai-balance/players
├ ƒ /api/admin/ai-requests
├ ƒ /api/admin/backups/[kind]
├ ƒ /api/admin/balance-ai/adjustments
├ ƒ /api/admin/balance-ai/players
├ ƒ /api/admin/balance-ai/recalculate
├ ƒ /api/admin/balance-ai/reviews
├ ƒ /api/admin/balance-ai/summary
├ ƒ /api/admin/balance-ai/team-overrides
├ ƒ /api/admin/champions
├ ƒ /api/admin/champions/[championId]
├ ƒ /api/admin/competitions/destruction
├ ƒ /api/admin/competitions/destruction/[tournamentId]
├ ƒ /api/admin/competitions/events
├ ƒ /api/admin/competitions/events/[eventId]
├ ƒ /api/admin/dashboard
├ ƒ /api/admin/discipline-records
├ ƒ /api/admin/discipline-records/[recordId]
├ ƒ /api/admin/discipline-records/target-options
├ ƒ /api/admin/discipline-tasks/[taskId]/review
├ ƒ /api/admin/discipline/assets/[assetId]
├ ƒ /api/admin/highlights
├ ƒ /api/admin/highlights/[highlightId]
├ ƒ /api/admin/highlights/[highlightId]/assets
├ ƒ /api/admin/images
├ ƒ /api/admin/images/[imageId]
├ ƒ /api/admin/images/[imageId]/assets
├ ƒ /api/admin/images/[imageId]/home-display
├ ƒ /api/admin/kakao/recruit-health
├ ƒ /api/admin/kakao/rooms
├ ƒ /api/admin/kakao/settings
├ ƒ /api/admin/kakao/stats
├ ƒ /api/admin/login
├ ƒ /api/admin/logout
├ ƒ /api/admin/logs
├ ƒ /api/admin/logs/stats
├ ƒ /api/admin/maintenance/admin-log-cleanup
├ ƒ /api/admin/maintenance/rate-limit-cleanup
├ ƒ /api/admin/matches
├ ƒ /api/admin/matches/[matchId]
├ ƒ /api/admin/matches/[matchId]/publish
├ ƒ /api/admin/matches/[matchId]/restore
├ ƒ /api/admin/matches/[matchId]/void
├ ƒ /api/admin/matches/editor-options/players
├ ƒ /api/admin/matches/import
├ ƒ /api/admin/matches/integrity
├ ƒ /api/admin/matches/submissions
├ ƒ /api/admin/matches/submissions/[submissionId]
├ ƒ /api/admin/matches/submissions/[submissionId]/approve
├ ƒ /api/admin/matches/submissions/[submissionId]/cancel-import
├ ƒ /api/admin/matches/submissions/[submissionId]/images/[imageId]
├ ƒ /api/admin/matches/submissions/[submissionId]/images/[imageId]/ocr
├ ƒ /api/admin/matches/submissions/[submissionId]/reject
├ ƒ /api/admin/matches/submissions/[submissionId]/reopen
├ ƒ /api/admin/matches/submissions/[submissionId]/review-draft
├ ƒ /api/admin/operation-forms
├ ƒ /api/admin/operation-forms/[formType]/[id]
├ ƒ /api/admin/players
├ ƒ /api/admin/players/[playerId]
├ ƒ /api/admin/players/[playerId]/balance-profile
├ ƒ /api/admin/players/[playerId]/password-reset
├ ƒ /api/admin/players/[playerId]/reactivate
├ ƒ /api/admin/private-assets
├ ƒ /api/admin/private-assets/[assetId]
├ ƒ /api/admin/private-assets/[assetId]/metadata
├ ƒ /api/admin/recruits
├ ƒ /api/admin/recruits/[recruitId]
├ ƒ /api/admin/riot
├ ƒ /api/admin/riot/bulk
├ ƒ /api/admin/riot/bulk-link
├ ƒ /api/admin/riot/link
├ ƒ /api/admin/riot/retry
├ ƒ /api/admin/riot/sync
├ ƒ /api/admin/season-applications
├ ƒ /api/admin/season-applications/[applicationId]/review
├ ƒ /api/admin/season-kakao-pending
├ ƒ /api/admin/season-kakao-pending/[pendingId]
├ ƒ /api/admin/season-kakao-pending/[pendingId]/cancel
├ ƒ /api/admin/season-kakao-pending/[pendingId]/resolve
├ ƒ /api/admin/seasons
├ ƒ /api/admin/seasons/[seasonId]
├ ƒ /api/admin/seasons/[seasonId]/activate
├ ƒ /api/admin/seasons/[seasonId]/clone
├ ƒ /api/admin/seasons/[seasonId]/end
├ ƒ /api/admin/security/totp
├ ƒ /api/admin/security/totp/disable
├ ƒ /api/admin/security/totp/enable
├ ƒ /api/admin/security/totp/setup
├ ƒ /api/admin/session
├ ƒ /api/admin/site-settings
├ ƒ /api/admin/stats/consistency
├ ƒ /api/admin/stats/recalculate
├ ƒ /api/admin/team-tools/drafts/[draftId]
├ ƒ /api/admin/team-tools/drafts/[draftId]/archive
├ ƒ /api/admin/team-tools/drafts/[draftId]/recommendations
├ ƒ /api/admin/team-tools/drafts/[draftId]/reevaluate
├ ƒ /api/admin/team-tools/drafts/[draftId]/restore
├ ƒ /api/admin/team-tools/drafts/[draftId]/save
├ ƒ /api/admin/team-tools/drafts/[draftId]/select
├ ƒ /api/admin/usage/export
├ ƒ /api/admin/users
├ ƒ /api/admin/users/[userAccountId]
├ ƒ /api/admin/users/[userAccountId]/2fa-reset
├ ƒ /api/admin/users/[userAccountId]/approve
├ ƒ /api/admin/users/[userAccountId]/delete
├ ƒ /api/admin/users/[userAccountId]/details
├ ƒ /api/admin/users/[userAccountId]/password-reset
├ ƒ /api/admin/users/[userAccountId]/reject
├ ƒ /api/admin/users/[userAccountId]/reset
├ ƒ /api/admin/users/[userAccountId]/reset-pending
├ ƒ /api/admin/users/[userAccountId]/restore
├ ƒ /api/admin/users/[userAccountId]/role
├ ƒ /api/admin/users/[userAccountId]/suspend
├ ƒ /api/ai/chat
├ ƒ /api/applications/available
├ ƒ /api/applications/season
├ ƒ /api/auth/login
├ ƒ /api/auth/logout
├ ƒ /api/auth/me
├ ƒ /api/auth/me/player
├ ƒ /api/auth/password
├ ƒ /api/auth/password/forgot
├ ƒ /api/auth/reset-requests
├ ƒ /api/auth/signup
├ ƒ /api/champions
├ ƒ /api/champions/[championId]
├ ƒ /api/competitions/destruction
├ ƒ /api/competitions/destruction/[tournamentId]
├ ƒ /api/competitions/destruction/[tournamentId]/application
├ ƒ /api/competitions/destruction/[tournamentId]/mvp-vote
├ ƒ /api/competitions/events
├ ƒ /api/competitions/events/[eventId]
├ ƒ /api/competitions/events/[eventId]/application
├ ƒ /api/cron/destruction-ratings
├ ƒ /api/cron/kakao-daily-close
├ ƒ /api/cron/mmr-projection
├ ƒ /api/cron/riot-sync
├ ƒ /api/cron/statistics-projection
├ ƒ /api/cron/support-retention
├ ƒ /api/discipline/stats
├ ƒ /api/health
├ ƒ /api/highlights
├ ƒ /api/highlights/[highlightId]
├ ƒ /api/images
├ ƒ /api/images/[imageId]
├ ƒ /api/integrations/kakao/image-receive
├ ƒ /api/integrations/kakao/managed-forms
├ ƒ /api/integrations/kakao/openchat
├ ƒ /api/integrations/kakao/operation-forms
├ ƒ /api/integrations/kakao/pair-room
├ ƒ /api/integrations/kakao/recruits
├ ƒ /api/integrations/kakao/scheduled-notice
├ ƒ /api/integrations/kakao/search-player
├ ƒ /api/integrations/kakao/season-applications
├ ƒ /api/integrations/kakao/site-notices
├ ƒ /api/integrations/kakao/v4/commands
├ ƒ /api/internal/jobs/discipline-assets-cleanup
├ ƒ /api/internal/jobs/discipline-assets-recover
├ ƒ /api/internal/jobs/kakao-daily-close
├ ƒ /api/internal/jobs/maintenance
├ ƒ /api/internal/jobs/riot-api-probe
├ ƒ /api/internal/jobs/riot-sync
├ ƒ /api/internal/jobs/storage-probe
├ ƒ /api/kakao/destruction-scrim-recruits/[action]
├ ƒ /api/kakao/image-receive
├ ƒ /api/kakao/managed-forms
├ ƒ /api/kakao/openchat
├ ƒ /api/kakao/operation-forms
├ ƒ /api/kakao/party-recruits/[action]
├ ƒ /api/kakao/recruit/season-apply
├ ƒ /api/kakao/recruit/season-apply/status
├ ƒ /api/kakao/scheduled-notice
├ ƒ /api/kakao/search-player
├ ƒ /api/matches
├ ƒ /api/matches/[matchId]
├ ƒ /api/me/discipline/assets/[assetId]
├ ƒ /api/me/discipline/tasks
├ ƒ /api/me/discipline/tasks/[taskId]
├ ƒ /api/me/discipline/tasks/[taskId]/evidence
├ ƒ /api/me/discipline/tasks/[taskId]/evidence/[assetId]/submit
├ ƒ /api/me/discipline/tasks/[taskId]/kakao-session
├ ƒ /api/me/match-submissions
├ ƒ /api/me/match-submissions/[code]
├ ƒ /api/me/match-submissions/[code]/cancel
├ ƒ /api/me/match-submissions/[code]/images
├ ƒ /api/me/match-submissions/[code]/images/[imageId]
├ ƒ /api/me/match-submissions/[code]/kakao-session
├ ƒ /api/me/riot
├ ƒ /api/me/riot/rso/callback
├ ƒ /api/me/riot/rso/start
├ ƒ /api/me/riot/sync
├ ƒ /api/media/assets/[assetId]
├ ƒ /api/rankings
├ ƒ /api/rankings/mmr
├ ƒ /api/recruits
├ ƒ /api/riot/player/[playerId]/analytics
├ ƒ /api/riot/player/[playerId]/matches/[matchId]
├ ƒ /api/riot/player/[playerId]/summary
├ ƒ /api/seasons
├ ƒ /api/seasons/current
├ ƒ /api/site-settings
├ ƒ /api/stats/player/[playerId]/recent
├ ƒ /api/stats/player/[playerId]/summary
├ ƒ /api/stats/top
├ ƒ /api/support
├ ƒ /api/team-tools/candidates
├ ƒ /api/team-tools/drafts
├ ƒ /api/team-tools/drafts/[draftId]
├ ƒ /api/team-tools/drafts/[draftId]/recommendations
├ ƒ /api/team-tools/drafts/[draftId]/reevaluate
├ ƒ /api/team-tools/drafts/[draftId]/save
├ ƒ /api/team-tools/drafts/[draftId]/select
├ ƒ /api/usage/events
├ ƒ /app
├ ƒ /app/account
├ ƒ /app/coin-toss
├ ƒ /app/install
├ ƒ /app/login
├ ƒ /app/matches
├ ƒ /app/matches/[matchId]
├ ƒ /app/me
├ ƒ /app/me/riot
├ ƒ /app/players
├ ƒ /app/players/[legacyId]
├ ƒ /app/progress/destruction/[tournamentId]
├ ƒ /app/progress/destruction/[tournamentId]/mvp-vote
├ ƒ /app/progress/event/[eventId]
├ ƒ /app/random-team
├ ƒ /app/rankings
├ ƒ /app/recruits
├ ƒ /applications
├ ƒ /balance
├ ƒ /coin-toss
├ ƒ /competitions
├ ƒ /competitions/destruction
├ ƒ /competitions/destruction/[tournamentId]
├ ƒ /competitions/events
├ ƒ /competitions/events/[eventId]
├ ƒ /destruction-auction-live/[tournamentId]
├ ƒ /discipline
├ ƒ /discipline/evidence
├ ƒ /forbidden
├ ƒ /forgot-password
├ ƒ /help
├ ƒ /help/contact
├ ƒ /help/kakao
├ ƒ /help/recruits
├ ƒ /help/riot
├ ƒ /highlights
├ ƒ /highlights/[highlightId]
├ ○ /icon.svg
├ ƒ /images
├ ƒ /images/[imageId]
├ ƒ /install
├ ƒ /kakao
├ ƒ /login
├ ○ /manifest.webmanifest
├ ƒ /matches
├ ƒ /matches/[matchId]
├ ƒ /matches/submissions
├ ƒ /matches/submit
├ ƒ /me/player
├ ƒ /me/riot
├ ƒ /participation
├ ƒ /participation/destruction/[tournamentId]
├ ƒ /participation/destruction/[tournamentId]/captain-points
├ ƒ /participation/destruction/[tournamentId]/participants
├ ƒ /participation/destruction/[tournamentId]/participants/[playerId]
├ ƒ /participation/event/[eventId]
├ ƒ /participation/season
├ ƒ /players
├ ƒ /players/[playerId]
├ ƒ /players/[playerId]/riot
├ ƒ /players/balance
├ ƒ /players/balance/drafts
├ ƒ /players/balance/drafts/[draftId]
├ ƒ /players/balance/drafts/[draftId]/recommendations
├ ƒ /players/balance/recommendations
├ ƒ /privacy
├ ƒ /progress
├ ƒ /progress/destruction
├ ƒ /progress/destruction/[tournamentId]
├ ƒ /progress/destruction/[tournamentId]/images
├ ƒ /progress/destruction/[tournamentId]/images/[imageIndex]
├ ƒ /progress/destruction/[tournamentId]/mvp-vote
├ ƒ /progress/event
├ ƒ /progress/event/[eventId]
├ ƒ /random-team
├ ƒ /rankings
├ ƒ /rankings/mmr
├ ƒ /recruit
├ ƒ /recruit-helper
├ ƒ /recruits
├ ƒ /riot-api
├ ○ /robots.txt
├ ƒ /signup
├ ○ /sitemap.xml                                                                1h      1y
├ ƒ /start
├ ƒ /team-balance
├ ƒ /team-balance/drafts/[draftId]
├ ƒ /terms
├ ƒ /tools/coin-toss
├ ƒ /tools/random-team
├ ƒ /tools/team-balance
├ ƒ /tools/team-balance/drafts
└ ƒ /tools/team-balance/drafts/[draftId]


ƒ Proxy (Middleware)

○  (Static)   prerendered as static content
ƒ  (Dynamic)  server-rendered on demand

