
> klol-gg-v2@0.1.0 typecheck
> tsc --noEmit


> klol-gg-v2@0.1.0 test
> npm run test:contracts && npm run test:unit


> klol-gg-v2@0.1.0 test:contracts
> node --test tests/*.test.mjs

✔ public match and player detail use the same allowlisted champion portrait with a safe fallback (2.0332ms)
✔ my account connects bounded participation and current discipline status to details and evidence (1.3482ms)
✔ event and destruction details retain actions while exposing readable lifecycle and result hierarchy (0.4739ms)
✔ own player mutation keeps approval, origin, revision and idempotency guards (3.7094ms)
✔ own player form keeps one idempotency key for an uncertain retry and explains Riot relinking (1.5385ms)
✔ account pages reuse the account shell and avoid decorative English headings (1.8782ms)
✔ isolated account HTTP verification runs the real Chromium owner profile regression (1.2034ms)
✔ 역할 변경 API는 same-origin 세션 검사 뒤 일반 ADMIN을 mutation parsing 전에 거부한다 (3.9823ms)
✔ 역할 관리 UI와 목록 진입점은 SUPER_ADMIN에게만 노출된다 (1.2116ms)
✔ 승인된 미삭제 USER의 ADMIN 승격은 플레이어 연결을 요구하지 않는다 (0.9661ms)
✔ 플레이어 상세는 연결 계정 revision으로 기존 SUPER_ADMIN 역할 API를 안전하게 재사용한다 (1.8463ms)
✔ administrator balance status uses readable Korean operational labels (3.6679ms)
✔ administrator balance navigation is a visible keyboard-focusable control (0.7345ms)
✔ MMR 수동 조정은 raw UUID 대신 bounded 플레이어 선택기를 사용한다 (0.9099ms)
✔ Riot 작업은 현재 목록에서 플레이어와 link를 선택하고 revision을 자동 계산한다 (0.2404ms)
✔ 징계 대상 선택은 관리자 전용 bounded endpoint의 allowlist metadata로 표시값을 채운다 (0.7842ms)
✔ 공통 bounded picker는 원격 metadata를 문자열 allowlist로 제한한다 (0.2638ms)
✔ the contracted match edit page reuses the guarded editor and preserves the AI review alias (3.619ms)
✔ season administration presents lifecycle, status, source, and position labels in Korean (2.9112ms)
✔ account and settings administration avoid decorative English labels (1.2357ms)
✔ admin HTTP guard matrix covers every canonical App Router page (62.6096ms)
✔ administrator team draft pages use the ADMIN viewer and administrator mutation boundary (3.5745ms)
✔ administrator recommendation aliases remain same-origin permanent redirects (0.9235ms)
✔ administrator drafts support recoverable archive and persisted match registration (2.3836ms)
✔ capture fixture example resolves every repository page without placeholders (104.4196ms)
✔ browser QA server emits setup credentials, actor identity and fail-fast dynamic source IDs (1.0452ms)
✔ browser quality boundary accepts WCAG and performance values at their budgets (1.8631ms)
✔ browser quality boundary reports semantic, keyboard, motion, axe and performance failures (0.3221ms)
✔ compact standalone auth pages do not require a skip link or a single h1 (0.1481ms)
✔ full-page capture uses stable light reduced-motion rendering and wakes lazy media (0.9528ms)
✔ full-page capture fails visible repository error states even when HTTP is 200 (0.133ms)
✔ full-page capture accepts synthetic credentials through bounded stdin (0.1569ms)
✔ champion administrator pages reuse the highlight content shell and keep safe mutations (5.2066ms)
✔ champion read APIs keep public and administrator namespaces separated (1.9645ms)
✔ Data Dragon version monitor discovers the upstream latest version without changing the pinned catalog (3.5708ms)
✔ only documentation changed since the actual successful deployment can skip (1.4547ms)
✔ first deployments, manual redeploys, missing history and mismatched checkout build (0.194ms)
✔ 핵심 일반 텍스트 토큰은 밝은 배경에서 WCAG AA 4.5:1 이상이다 (3.6002ms)
✔ 기능 상태 패널의 홈 링크는 AA 대비 primary 토큰 쌍을 사용한다 (0.8763ms)
✔ public destruction detail keeps owner application, vote and explicit unavailable/error states (1.4925ms)
✔ administrator destruction workspaces expose the full staged lifecycle (1.5138ms)
✔ API source keeps account owner and ADMIN boundaries separate (0.5193ms)
✔ public discipline API exposes aggregate statistics only (4.4192ms)
✔ owner and admin evidence boundaries require session, revision, idempotency, and concealed reads (1.085ms)
✔ regular administrators may read discipline details but only super administrators may mutate them (1.96ms)
✔ asset jobs accept signed requests only and are durably replay-guarded (0.6811ms)
✔ discipline pages declare real empty, error, and unavailable states (0.5806ms)
✔ discipline administrator headings and status labels are readable Korean (0.6815ms)
✔ public competition pages expose list/detail/application states without administrator controls (2.4071ms)
✔ administrator event pages connect every lifecycle operation to protected canonical APIs (0.8582ms)
✔ legacy event routes reuse the common no-store same-origin redirect boundary (0.2968ms)
✔ full-page QA runner parses only tagged synthetic harness values (2.3014ms)
✔ full-page QA summary fails count drift and any route issue (0.2161ms)
✔ capture credentials use bounded stdin instead of command-line secrets (4.1813ms)
✔ capture CLI rejects unknown stdin credential fields before opening files or Chromium (74.8025ms)
✔ 홈과 데스크톱 메뉴는 이미 구현된 경기·팀 밸런스를 준비 중으로 표시하지 않는다 (1.7892ms)
✔ 홈 공개 집계는 활성 플레이어·시즌과 게시 경기만 센다 (0.3051ms)
✔ 홈 공개 피드는 실제 구인·대회와 완료된 멸망전 우승 갤러리를 조회한다 (0.6599ms)
✔ 홈 피드 공개 projection은 소유자·회원·Discord 필드를 선택하지 않는다 (0.2966ms)
✔ 홈은 DB 전체 활성 챔피언을 읽되 여성 허용 목록에서 KST 일일 안내 챔피언을 선택한다 (1.0964ms)
✔ 홈과 플레이어 찾기는 회원명 검색을 안내하되 회원명을 결과로 출력하지 않는다 (0.5344ms)
✔ 홈의 지표별 랭킹 요약은 모바일에서 44px 터치 영역과 단일 열을 유지한다 (0.7957ms)
✔ Kakao admin API splits ADMIN reads from SUPER TOTP mutations (5.0586ms)
✔ legacy Kakao admin pages permanently redirect to canonical real-state tabs (3.8089ms)
✔ every canonical Kakao handler checks the stored feature policy (2.4071ms)
✔ owner image session creation honors site and Kakao feature switches (0.5997ms)
✔ Kakao assistant routes share raw-body HMAC and durable read receipts (4.0624ms)
✔ managed forms remain isolated while season snapshots and owner-bound images are durable (1.328ms)
✔ legacy Kakao paths execute the signed canonical POST handlers without redirects (3.0652ms)
✔ Kakao route capability policy is explicit for every phone endpoint (5.6248ms)
✔ season member submissions and reads use the FEATURES room but force cancel has a trusted command gate (1.0831ms)
✔ normal room authorization uses only canonical registry state and keeps environment bootstrap explicit (0.865ms)
✔ private installer generator preserves shared settings and creates one identity per Kakao room (312.8534ms)
✔ Kakao routes are explicitly isolated between recruit and features installations (4.6381ms)
✔ wrong-room failures remain short and actionable on the phone (1.3134ms)
✔ recruit mutations expose PII-free stage timing for p50 and p95 aggregation (0.8128ms)
✔ companion is ES5 and below both editor character limits (23.3629ms)
✔ exact status/version commands are local and preserve OFF, settings and the registered target (1.8159ms)
✔ diagnostics ignore ordinary messages, slash variants and untrusted app or private callbacks (0.5473ms)
✔ registration results use fixed Korean replies and never poll or expose secrets (2.2998ms)
✔ OFF and repeated registration replies cannot enable polling or replace a session (0.5927ms)
✔ installed response callback reports status and registration without queue delivery (1.0591ms)
✔ no registration, disabled, wrong app/code, or another session cannot send (0.7789ms)
✔ ACK loss retries ACK without sending again, including after restart (1.3532ms)
✔ crash marker or ambiguous SDK result never resends automatically (1.2161ms)
✔ ledger write failure, wrong target and stale lease fail closed before send (1.4459ms)
✔ explicit SDK rejection is retryable after manual session renewal (0.5337ms)
✔ the ADR freezes every non-negotiable V1-exact adapter constraint (3.6881ms)
✔ the reusable V4 text transport is one signed five-second request without bearer fallback (1.1597ms)
✔ the V1 strict phone installer uses the current private artifact and omits public-only provenance (2.0572ms)
✔ installation profiles, not callback room or sender role, form the V4 text authorization boundary (0.9042ms)
✔ V2 services can reserve a hidden DRAFT and legacy bearer routes remain closed (1.0184ms)
✔ the existing image service is separately signed, bounded, and session-backed (0.7547ms)
✔ canonical V40 R2 routes managed commands to site-first links, not the legacy image session creator (27.4365ms)
✔ a clean V1-strict install keeps imageDB silent instead of inventing an unreachable UUID flow (6.1052ms)
✔ the dormant legacy image receiver remains secure for non-strict clients without reopening bearer access (1.1931ms)
✔ builder pins the canonical V1 hash and produces an ES5/Rhino-safe artifact (293.0989ms)
✔ Rhino audit detects functions that mix value and bare returns (0.7422ms)
✔ V1 strict routes organizer-only metadata activation forms with or without one slash (15.9481ms)
✔ V1 strict routes scoped in-house finish commands as unchanged raw text (12.7257ms)
✔ R23 retired scrim commands and forms reply locally without an HTTP request (21.8292ms)
✔ R25 local help matches optional member linking, Rift lanes, protected editing and detail rereads (5.3956ms)
✔ R24 compact copy forms keep complete success and pending envelopes in one signed request (35.3798ms)
✔ R24 compact form routing leaves malformed references to the server and ignores prose (9.8369ms)
✔ R24 actual server-rendered party and inhouse templates accept one name through the phone (210.2683ms)
✔ R23 copy-paste party and inhouse forms forward names and saved references unchanged (6.4972ms)
✔ V1 strict routes the full organizer-only template returned by the production server (2.1842ms)
✔ artifact excludes legacy HTTP, bearer, and embedded secret material (0.6709ms)
✔ all response-reachable non-transport V1 executable lines are preserved without comments or blank spacers (24.1171ms)
✔ strict adapter reuses the canonical V1 local dedupe storage keys (0.6486ms)
✔ local replies, echo rules, events, and no-reply behavior equal the canonical V1 (5.7633ms)
✔ R19 chooses one complete tone when the OpenChat entry guide appears (3.927ms)
✔ R19 consumes the raw join event and accepts only the OpenChat entry heading (1.6617ms)
✔ approved party member mutations parse safely and use one RECRUIT gateway request (5.7109ms)
✔ inhouse member shortcuts reach the matching profile gateway (9.1835ms)
✔ reported inhouse loading echo is ignored while user commands and explicit member edits keep one reply (2.571ms)
✔ same MessengerBot logId replay suppresses only the duplicate visible reply (2.5202ms)
✔ ambiguous party member text never reaches the mutation gateway (8.4627ms)
✔ local recruit help documents member commands and keeps full-form guidance (1.5875ms)
✔ command and form predicates are byte-derived and behaviorally equal to V1 (10.6959ms)
✔ one public command performs one five-second signed gateway request without room binding (2.6624ms)
✔ recoverable season rows reach the gateway once even with whitespace numbering and partial fields (1.2454ms)
✔ completed augment-ARAM in-house forms reach the FEATURES gateway and always reply (1.3945ms)
✔ completed augment-ARAM metadata with ten empty name rows activates through FEATURES (1.8123ms)
✔ a complete empty season snapshot reaches the gateway once for authoritative cancellation (4.0155ms)
✔ empty-snapshot gate rejects incomplete forms and ordinary conversation (6.1377ms)
✔ clean-session imageDB input preserves the active V40 R2 no-reply and no-HTTP behavior (2.2393ms)
✔ all seven active text seams preserve V1 success and empty replies while failures use safe common notices (28.7669ms)
✔ literal transport failures distinguish settings, input, and connection errors without exposing values (11.5822ms)
✔ both V40 R2 image seams stay inactive for every transport outcome (3.9303ms)
✔ V1-strict keeps completion diagnostics but routes incomplete operation-form candidates (7.7864ms)
✔ V1-strict candidate routing ignores ordinary label discussion (5.4612ms)
✔ V1-strict ordinary label discussion performs no request or local dedupe write (5.7888ms)
✔ V1-strict accepts standalone wrapper titles but ignores wrappers embedded in prose (4.8174ms)
✔ V1-strict response forwards one incomplete form request to the FEATURES gateway (2.6153ms)
✔ V1-strict canonicalizes tolerant label spelling before gateway classification (2.8017ms)
✔ V1_STRICT fixture preserves the canonical V1 bytes across checkout line endings (1.6219ms)
✔ V1_STRICT fixture contains no hard-coded credential value (0.7106ms)
✔ V1_STRICT fixture remains ES5 and Rhino-static warning free (52.194ms)
✔ V1_STRICT executes the original bot-version reply with or without slash (4.5855ms)
✔ V1_STRICT executes the original user help exactly (3.215ms)
✔ APPROVED_EXTENSIONS cannot be mislabeled as commands from the V1_STRICT oracle (8.0264ms)
✔ [A01] the unified phone artifact is a readable ES5 single file below 40,000 characters (20.6586ms)
✔ [A02] the final unified artifact has zero Rhino static warning candidates (13.7664ms)
✔ [A03] the generated artifact classifies each command into exactly one server profile (1.5901ms)
✔ [A04] callback room, channel and group values are neither read nor transmitted (4.0804ms)
✔ [A05] text transport timeout is no more than five seconds (0.8777ms)
✔ V4 source template is one thin command-family routing client (4.8511ms)
✔ the generated unified phone file is standalone ES5 with one callback (17.2132ms)
✔ builder owns the unified output and refreshes deprecated split fixtures (1.5413ms)
✔ release docs lock one phone, one MessengerBot profile, and two Kakao rooms (1.7476ms)
✔ [C01] each entry sends its own static profile regardless of poisoned callback room values (10.6277ms)
✔ [C02] RECRUIT ignores FEATURES commands locally without a server call (1.7312ms)
✔ [C03] FEATURES ignores RECRUIT commands locally without a server call (1.4867ms)
✔ [C03A] one unified phone bot routes both room command families exactly once (6.7306ms)
✔ [C03C] party template commands including spaced aliases use exactly one server request for a V1 number (2.7425ms)
✔ [C03D] a copied V1 party form without its number returns the exact local guidance (1.5026ms)
✔ [C03B] unified bot version is one local reply and never reaches transport (1.5769ms)
✔ [C04] malformed slash, URLs and middle slash are rejected before transport (2.2233ms)
✔ [C05] no-logId boot counter gives every independent command a new event ID (4.0596ms)
✔ [C06] one command performs one HTTP execute with a five-second maximum (1.2676ms)
✔ [C05A] logId replay is stable in one boot and isolated across profiles and restarts (2.1538ms)
✔ [C05C] phone settings are read from MessengerBot storage once within one request cache (1.1842ms)
✔ [C05B] unified echo suppression checks both room-specific bot display names (1.638ms)
✔ [C07] one scrim command performs exactly one client-to-server send (1.302ms)
✔ [C08:WRONG_PROFILE] client exposes the WRONG_PROFILE error category (1.4984ms)
✔ [C08:INVALID_SIGNATURE] client exposes the INVALID_SIGNATURE error category (1.1022ms)
✔ [C08:REPLAY_CONFLICT] client exposes the REPLAY_CONFLICT error category (1.1115ms)
✔ [C08:SERVER_UNAVAILABLE] client exposes the SERVER_UNAVAILABLE error category (0.9246ms)
✔ [C08:INVALID_FORM] client exposes the INVALID_FORM error category (1.3543ms)
✔ [C08A] INVALID_FORM keeps the server parser detail and has a safe fallback (1.7443ms)
✔ [P3-C01] FEATURES entry sends one request for 내전구인 (7.2877ms)
✔ [P3-C02] FEATURES entry sends one request for 내전구인 협곡 2026-09-09 21:30 #2 10명 (1.2235ms)
✔ [P3-C03] FEATURES entry sends one request for 내전구인 칼바람 2026-09-09 21:30 #3 10명 (1.2486ms)
✔ [P3-C04] FEATURES entry sends one request for 내전구인 증바람 2026-09-09 21:30 #4 10명 (1.2107ms)
✔ [P3-C05] FEATURES entry sends one request for 내전현황 (1.0341ms)
✔ [P3-C06] FEATURES entry sends one request for 내전상세 2 (1.0079ms)
✔ [P3-C07] FEATURES entry sends one request for 📢 내전하실분 #2 (1.0294ms)
✔ [P3-C08] RECRUIT entry sends one request for 스크림구인 (1.2591ms)
✔ [P3-C09] RECRUIT entry sends one request for [K-LOL.GG 스크림 구인 양식] (1.7088ms)
✔ [P3-C10] FEATURES entry sends one request for 지인 이름: 친구 (1.0404ms)
✔ [P3-C11] FEATURES entry sends one request for 본인 이름 및 닉네임: 홍길동/테스터 (1.0564ms)
✔ [P3-C12] FEATURES entry sends one request for 주최자 이름 및 닉네임: 홍길동/테스터 (0.9828ms)
✔ [P3-C13] FEATURES entry sends one request for 이름 및 닉네임: 신청자/닉 (1.0021ms)
✔ [P3-C14] FEATURES entry sends one request for 등록 (1.1074ms)
✔ [P3-C15] FEATURES entry sends one request for 내전등록 (1.0389ms)
✔ [P3-C16] FEATURES entry sends one request for 경고등록 (4.2619ms)
✔ [P3-C17] FEATURES entry sends one request for 인증 (4.2172ms)
✔ [P3-C18] FEATURES entry sends one request for 경고현황 (2.2258ms)
✔ [P3-C19] FEATURES entry sends one request for 결과현황 (1.1315ms)
✔ [P3-C20] FEATURES entry sends one request for 사진취소 (1.4469ms)
✔ [P3-C21] FEATURES entry sends one request for 자동공지 20 (0.9716ms)
✔ [P4-C01] unified 봇버전 is client-only with exact local content (7.623ms)
✔ [P4-C02] unified 도움말 is client-only with exact local content (3.2231ms)
✔ [P4-C03] unified 구인도움말 is client-only with exact local content (2.4057ms)
✔ [P4-C04] unified 구인웹도우미 is client-only with exact local content (4.7804ms)
✔ [P4-C05] every V1 PUBLIC alias is classified by the unified phone with at most one send (45.6085ms)
✔ [P4-C06] malformed slash, URL and middle-slash inputs never enter public transport (28.2888ms)
✔ [P4-I01] V2도움말 never enters public V4 transport (2.0615ms)
✔ [P4-I02] V2진단 never enters public V4 transport (4.5979ms)
✔ [P4-I03] V2연동확인 never enters public V4 transport (1.9823ms)
✔ [P4-I04] 연동확인 never enters public V4 transport (4.5479ms)
✔ [P4-I05] V2모집 never enters public V4 transport (5.8428ms)
✔ [P4-I06] V2시즌 never enters public V4 transport (27.2279ms)
✔ [P4-I07] V2양식 never enters public V4 transport (9.8277ms)
✔ [P4-I08] V2사진세션 never enters public V4 transport (6.1741ms)
✔ [P4-I09] V2사진취소 never enters public V4 transport (4.6328ms)
✔ [P4-A01] final unified phone artifact is synchronized ES5, under 40k and Rhino-static clean (41.5636ms)
✔ [P4-C01] every public V1 alias passes the correct phone profile with zero-or-one slash (19.6115ms)
✔ [P4-C02] local public replies are exact and never include V2 operator commands (1.9857ms)
✔ [P4-C02A] all actual V41 public command samples pass the matching V4 phone profile (6.7649ms)
✔ [P4-C03] photo and retired preview commands reply locally with no server transmission (2.906ms)
✔ [P4-C04] internal, unknown, and malformed inputs are rejected before transport (2.6813ms)
✔ [P4-C05] unified entry preserves one send site, five-second timeout, and dynamic family split (1.8391ms)
✔ [P4-C02B] member shortcuts tolerate mobile normalization and reject ambiguous mutations (3.1073ms)
✔ V4 private generator creates one ignored paste-ready file without printing secrets (541.0054ms)
✔ [R01] V4 durable receipt and nonce schema is present in the ordered migration ledger (7.0892ms)
✔ [R02] installation, canonical room, key and capability migrations match the runtime schema (3.8137ms)
✔ [R03] V3 and V4 server intake coexist while one V4 entry binds profile-specific installation identity (1.0717ms)
✔ [RESOLVED R04] V4 uses deterministic installation scope without a pairing command (1.0333ms)
✔ [R05] documented Vercel variable names cover the V4 runtime without reading values (0.5668ms)
✔ contract fixture has traceable V1 evidence and all required domains (1.4324ms)
✔ zero or exactly one leading slash routes to the same command (0.5336ms)
✔ double slash, URL slash, separated slash, and middle slash are not commands (0.147ms)
✔ same installation scope members can edit and finish across sender identities (0.2111ms)
✔ initial party form exposes the three activation fields without participant rows (0.2176ms)
✔ full party forms are authoritative snapshots and allow A→B→A (0.25ms)
✔ party member shortcuts retain the full-form workflow and current-scope mutation boundary (0.1779ms)
✔ Rift, ARAM, and Augment ARAM preserve their V1 field policies (0.2113ms)
✔ scrim keeps full-form editing and V1 disabled manual lifecycle replies (0.2303ms)
✔ operation forms retain V1 labels, wrappers, missing-field reply, and echo guard (0.7887ms)
✔ registration and warning guidance preserve exact V1 headings and destinations (0.1909ms)
✔ user-facing help excludes V2 diagnostics and raw JSON commands (0.1384ms)
✔ representative record, recent, and ranking replies remain exact V1 fixtures (0.0789ms)
✔ V40 구인도움말 문구와 줄바꿈을 그대로 유지한다 (8.8802ms)
✔ V40 5인파티 생성 응답에 모집번호가 있는 편집 가능한 전체 양식을 유지한다 (6.9999ms)
✔ V40 구인현황 제목과 상세 명령 CTA를 포함한 정확한 응답을 유지한다 (3.7581ms)
✔ V40 bare 멸망전스크림 입력을 스크림 명령으로 분류한다 (2.3048ms)
✔ V40 일반 도움말의 제목·항목·줄바꿈을 모든 별칭에서 그대로 유지한다 (18.2263ms)
✔ V40 구인 웹 도우미와 구인 도움말을 서로 다른 응답으로 유지한다 (15.5204ms)
✔ V40 등록 센터의 설명과 기존 링크를 모든 별칭에서 그대로 유지한다 (7.9662ms)
▶ V40 내전·경고·인증·현황 링크 응답을 그대로 유지한다
  ✔ 내전등록 (11.5809ms)
  ✔ 경고등록 (12.4045ms)
  ✔ 인증 (9.3875ms)
  ✔ 경고현황 (3.5811ms)
  ✔ 결과현황 (10.0063ms)
✔ V40 내전·경고·인증·현황 링크 응답을 그대로 유지한다 (47.9976ms)
▶ V40 전적·최근·랭킹의 사용자 표시 정보를 잃지 않는다
  ✔ 전적 (6.1226ms)
  ✔ 최근 (12.5196ms)
  ✔ 랭킹 (14.3589ms)
✔ V40 전적·최근·랭킹의 사용자 표시 정보를 잃지 않는다 (33.7673ms)
✔ V40처럼 오픈채팅봇이 출력한 운영 양식은 재접수하지 않는다 (4.6646ms)
✔ V40 운영 양식은 서버가 만든 접수 문구를 그대로 전달한다 (5.5598ms)
✔ V40 사진취소 별칭의 사이트 우선 안내 동작을 그대로 유지한다 (4.8436ms)
✔ V40 입장·퇴장·초대·서버 echo 동작을 유지한다 (2.2108ms)
✔ V40 스크림구인은 자동배정 번호와 원래 줄바꿈을 가진 전체 양식을 반환한다 (13.3564ms)
✔ V40 스크림현황은 파티 현황과 섞지 않고 한글 상태와 상세 명령을 표시한다 (4.3444ms)
✔ V40 스크림현황 빈 상태 문구를 정확히 유지한다 (2.1727ms)
✔ V40 스크림상세는 복사 가능한 전체 양식과 수정 안내를 그대로 반환한다 (3.3592ms)
✔ V40 스크림 전체 양식 신규 제출은 즉시 한 번 저장하고 등록 완료만 응답한다 (9.2149ms)
✔ V40 원본 양식은 멸망전번호 없이 서버의 단일 활성 대회 자동 판별을 사용한다 (6.2002ms)
✔ V40 스크림 전체 양식 수정 제출은 별도 확인 없이 같은 번호를 교체 반영한다 (5.8302ms)
✔ V40에서 사용 중단된 참가·확정·취소·수동 종료는 원래 안내만 하고 변경하지 않는다 (10.7645ms)
✔ paste-ready V41 bot routes major commands only through the signed V2 transport (8.1669ms)
✔ mobile installer has no Rhino CODE_HAS_NO_SIDE_EFFECTS statement candidates (76.4152ms)
✔ phone transport renders actionable HTTP failure categories (2.3475ms)
✔ Kakao pending slot lookup is lifecycle-neutral and only cancels ACTIVE rows (2.6602ms)
✔ 자동 수집한 전체 명령 계약은 slash/무슬래시를 하나의 canonical command로 만든다 (8.6801ms)
✔ V1 호환 파서는 모든 공개 V1 명령에서 slash/무슬래시 분류를 동일하게 유지한다 (14.1519ms)
✔ canonical command 경계는 본문과 Riot ID를 보존하고 slash 오인식을 막는다 (2.1778ms)
✔ 휴대폰 압축본의 V1 무통신 명령은 읽기 쉬운 전체본과 동일하게 응답한다 (20.0045ms)
✔ room and channel callback fields are not used for installation scope (8.3527ms)
✔ installation scope is stable across signing-key rotation and differs across installations (11.882ms)
✔ delivery identity ignores raw room and channel while binding installation, sender, log, and message (2.8999ms)
✔ opaque sender uses userHash when available and display-name fallback is labeled (1.8096ms)
✔ field diagnostics explicitly use installation scope and retain opaque sender (0.9522ms)
✔ response stores a season preview and only the matching one-time code performs SYNC (32.6058ms)
✔ response requires a complete authoritative snapshot scope and supports preview cancellation (11.5963ms)
✔ response ignores server echoes and restores legacy guide aliases after full-width normalization (6.0794ms)
✔ response preserves V40 room events, missing-number guidance, and parameterized managed shortcuts (8.0033ms)
✔ response keeps an active image session when MessengerBot only exposes a placeholder (4.9066ms)
✔ response routes legacy record, recent, and ranking commands through V2 data while preserving V1 replies (2.2028ms)
✔ response formats scheduled notice aliases as read-only previews (2.9839ms)
✔ response accepts bitmap fallback, reports image progress, and clears terminal or cancelled sessions (3.5891ms)
✔ response exposes a secret-free V2 transport diagnostic (1.8256ms)
✔ response scopes different senders to one installation and ignores broken room parser fields (2.8034ms)
✔ response suppresses a duplicate callback with the same Kakao log identity (1.5939ms)
✔ response entry point keeps representative V1 and V2 replies identical with or without slash (23.0304ms)
✔ raw V2 recruiting JSON is explicitly marked for the server-side operator gate (3.1033ms)
✔ response entry point does not treat slash-only, URL, middle slash, double slash, or slash-space as commands (3.2075ms)
✔ V41 season output uses the site application fields and round-trips as bot input (9.6418ms)
✔ V41 season input accepts the labeled site form and rejects invalid sub positions (3.0024ms)
✔ V41 authoritative sync response reports create, update, cancel and review counts (2.5379ms)
✔ V1 compatibility parser stays ES5, transport-free, and rejects unsafe input (10.8944ms)
✔ all V40 party creation, finish, help, status, and detail aliases are classified (4.272ms)
✔ party form parser preserves metadata, positions, numbered members, and substitutes (5.8664ms)
✔ party form metadata accepts line endings and colon variants without rewriting values (1.6198ms)
✔ party form tolerates clipped headers, Markdown escapes, attached values, and controlled line wraps (2.0464ms)
✔ inhouse aliases parse mode, date, time, recruit number, and capacity (3.493ms)
✔ scrim aliases and legacy full form are converted without a transport call (3.9575ms)
✔ four operation forms become exact V2 payload shapes with sender fallbacks (4.3888ms)
✔ four legacy 외출 wrappers parse identically and missing fields are explicit (2.9469ms)
✔ registration, warning, result, evidence, status, and photo-cancel aliases are classified (2.5311ms)
✔ V1: 내전구인만 입력하면 종목 선택 안내를 정확히 보낸다 (15.9477ms)
✔ V1: 알 수 없는 내전 종목에만 입력값을 포함한 오류와 선택 안내를 보낸다 (2.8221ms)
✔ V1: 협곡 내전구인은 티어·라인과 빈 칸을 포함한 전체 양식을 정확히 보낸다 (4.2812ms)
✔ V1: 칼바람 내전구인은 이름 전용 전체 양식을 정확히 보낸다 (2.5272ms)
✔ V1: 번호 없는 내전현황은 모든 회차 요약과 내전상세 명령을 정확히 보낸다 (2.5599ms)
✔ V1: 내전상세 번호는 참여자와 빈 칸을 포함한 편집 가능한 전체 양식을 정확히 보낸다 (2.6992ms)
✔ V1: 작성한 전체 신청 양식은 확인 단계 없이 한 번 동기화하고 서버 답변을 그대로 보낸다 (4.8845ms)
✔ V1: 같은 전체 신청 양식이 연속 수신되면 첫 반영 뒤 중복 요청과 중복 답변을 내지 않는다 (3.3123ms)
✔ V1: 빈 전체 양식은 일반·ASCII slash·전각 slash 모두 0명 authoritative sync로 처리한다 (6.9953ms)
✔ V1: 불완전한 빈 양식과 double·URL·중간 slash는 authoritative sync를 실행하지 않는다 (8.8955ms)
✔ 외출 필수값 누락은 항목별 안내만 보내고 서버 제출을 실행하지 않는다 (2.9543ms)
✔ 오류 제목이 이미 포함된 서버 상세는 K-LOL.GG 요청 실패 제목을 중복하지 않는다 (2.6527ms)
✔ legacy party create suppresses a duplicate callback before a second V2 mutation (16.379ms)
✔ legacy full party form maps positions to slots and synchronizes the existing V2 party (8.3137ms)
✔ slash and plain temporary/form flows share server-first metadata fallback and preserve free text (8.4661ms)
✔ 99 재현, 지오, 97 기용 fixtures complete public create, form, and finish flows with or without slash (22.3515ms)
✔ legacy party candidates stay separate from primary capacity (3.7096ms)
✔ legacy finish suppresses a duplicate callback after the party leaves active status (2.9276ms)
✔ same-room users can clear and finish another user's two-digit party while repeated forms stay idempotent (10.1858ms)
✔ failed party mutations return the cause without fetching or appending status (2.3702ms)
✔ successful sync, blank deletion, and finish explain a failed status refresh (3.7077ms)
✔ legacy operation form, inhouse template, and scrim template stay available (4.8226ms)
✔ legacy scrim full form is stored through the typed V2 mutation and replays safely (6.1835ms)
✔ 숫자형 플레이어·미디어 상세는 존재 확인 뒤 canonical UUID로 이동한다 (1.162ms)
✔ 숫자형 이벤트전·멸망전은 존재 확인 뒤 canonical UUID로 이동한다 (1.4263ms)
✔ 관리자 직접 가져오기는 파일·붙여넣기·비공개 미리보기·재시도 복구를 제공한다 (3.966ms)
✔ 관리자 로그아웃은 가져오기 복구 namespace만 best-effort로 지운다 (0.917ms)
✔ 직접 가져오기 API는 예약→bounded body→work gate→private finalize 순서를 지킨다 (0.7226ms)
✔ 검토 UI는 fuzzy 자동 연결 없이 구조화 행별 사람 확인을 요구한다 (1.6476ms)
✔ admin import cancellation is authorized only for ADMIN-source rows (0.9104ms)
✔ match editor exposes only the structured form and traps the void confirmation dialog (4.5366ms)
✔ picker status copy is outside the listbox and visual active row matches aria active descendant (1.3525ms)
✔ submission reject dialog shares the accessible modal behavior (1.4403ms)
✔ submission conflict keeps component identity and adopts only a verified latest revision (0.7873ms)
✔ match editor conflict preserves local input and adopts only a verified latest aggregate (0.6617ms)
✔ match editor save action stays readable in enabled and disabled states (0.5436ms)
✔ OCR route reserves before the process gate and all external work (3.4956ms)
✔ OCR reservation is durable, single-image and replay-first (1.109ms)
✔ submission approval durably transfers team-balance provenance into the match aggregate (0.773ms)
✔ ordinary match amendments cannot clear immutable team-balance provenance (0.1549ms)
✔ web submission linkage revalidates draft ownership, lifecycle and selected layout in its transaction (0.1842ms)
✔ match changed outbox carries team-balance provenance in its typed row and payload (0.1457ms)
✔ public match detail returns a not-found contract instead of a blank success (1.5236ms)
✔ match submission accepts only an owner-verified selected team-balance draft (0.7969ms)
✔ successful server selection remounts both draft workspaces without resetting local edits (0.1705ms)
✔ 홈과 이미지 상세은 같은 접근 가능한 수동 캐러셀을 사용한다 (1.3706ms)
✔ 캐러셀은 빈 상태를 안전하게 닫고 한 장에는 이동 컨트롤을 숨기며 여러 장에는 직접 이동을 제공한다 (0.9949ms)
✔ 캐러셀은 모바일 비율·44px 조작 영역·모션 감소 설정을 유지한다 (0.4403ms)
✔ 홈 우승 사진은 FK 연결을 우선하고 엄격한 레거시 후보만 보강하며 실제 자산 URL을 사용한다 (0.518ms)
✔ gallery image load failures keep a clear, accessible fallback in the reserved card area (3.7187ms)
✔ migration journal has contiguous indices, increasing timestamps, and matching SQL tags (2.37ms)
✔ public MMR page exposes canonical allowlisted filters and bounded projection summaries (0.9943ms)
✔ admin MMR workspace connects protected recalculate, adjustment, players and review states (0.5149ms)
✔ team balance provider selects READY MMR before statistics fallback (0.7861ms)
✔ signed operation-form submit retains raw-body HMAC and durable replay boundaries (4.3375ms)
✔ admin mutation requires ADMIN session, same-origin, If-Match and idempotency (0.9598ms)
✔ admin pages expose filtered empty/error/unavailable states and compatibility routes (1.807ms)
✔ operational diagnostics remain admin-only server rendering with no polling or mutation (4.44ms)
✔ public operations endpoints expose bounded settings and minimum health only (4.7192ms)
✔ admin mutations and downloads retain strong server authorization boundaries (1.123ms)
✔ internal maintenance requires a signed job and never accepts session authorization (1.7981ms)
✔ Vercel schedules statistics and daily Kakao close through protected GET boundaries (1.4117ms)
✔ route groups are removed while concrete and dynamic segments become canonical URLs (27.875ms)
✔ route fixtures override parameter fixtures and every missing dynamic fixture fails immediately (1.164ms)
✔ recommendation query variants reject a malformed transcribed draft fixture (0.6451ms)
✔ capture sessions are isolated by authentication boundary (0.1931ms)
[capture-plan] 1 page files -> 4 capture targets at C:\Users\sjh11\AppData\Local\Temp\klol-capture-cli-768SFn\nested\capture-plan.json
✔ the CLI contract reads a fixtures JSON file and creates its output directory (13.0104ms)
✔ the repository plan covers every page once, resolves IDs and adds reviewed variants (96.2336ms)
✔ 사용자·관리자 상세 화면은 저장소 오류 상태에서도 페이지 제목과 상태 의미를 유지한다 (1.8675ms)
✔ 공용 미디어 편집 화면도 저장소 오류 상태에서 페이지 제목을 유지한다 (0.3394ms)
✔ 챔피언 이미지 projection은 0025 적용 전에도 공개 통계·목록 조회를 유지한다 (1.4035ms)
✔ 플레이어 공개 프로필은 실제 경기 KDA와 신청 포지션 배치·팀 밸런스 점수를 함께 설명한다 (1.1164ms)
✔ 공개 Riot 읽기는 API·RSO 비밀 구성과 분리되고 UI가 미연동·대기·오류를 구분한다 (0.6016ms)
✔ 플레이어 검색어는 문자열·배열·미입력을 하나의 안전한 문자열로 정규화한다 (0.6668ms)
✔ 중복 q 파라미터 배열은 첫 값으로 정규화되어 trim 오류를 만들지 않는다 (0.1777ms)
✔ 검색 유스케이스는 PlayerRepository 포트를 통해 주입된 구현만 호출한다 (0.6688ms)
✔ PWA manifest and layout publish the expected install contract (4.5657ms)
✔ service worker caches static public assets only (0.9233ms)
✔ install icons exist and are not empty (1.0568ms)
✔ 공개 구인 카드와 API DTO는 참여자 표시 정보만 노출한다 (2.2068ms)
✔ 내전 등록·상세 UI는 경기 시간을 입력하거나 표시하지 않는다 (0.9157ms)
✔ 이벤트 대회와 멸망전은 목록·필터·신청 CTA·관리 흐름을 독립 경로로 유지한다 (1.2657ms)
✔ Kakao pending API splits ADMIN reads from SUPER TOTP mutations (4.7316ms)
✔ pending operator UI uses bounded filters, a player picker and revision-safe commands (1.1987ms)
✔ public season applications expose Kakao-started recruit rounds without leaking pending identities (2.4681ms)
✔ feature-gated site assistant is mounted globally and uses protected AI contracts (1.5838ms)
✔ site feature access fails closed for missing or unreadable settings (1.368ms)
✔ registration feature protects both its page and mutation before credential work (0.375ms)
✔ match submission feature keeps reads available but guards every owner mutation (1.3698ms)
✔ Kakao help feature controls its public guide without exposing configuration (0.3922ms)
✔ recruit guide teaches participation and guarded edits before optional creation (0.3953ms)
✔ recommendation APIs keep owner/admin scope and the team-balance feature boundary (4.3996ms)
✔ team-balance pages expose recommendation views and fail closed with the site switch (2.2114ms)
✔ 랜덤 팀 화면은 도메인 계산과 입력·빈·오류·결과·복사·초기화 상태를 연결한다 (1.1007ms)
✔ 코인 토스 화면은 제작 영상과 상태머신·fallback 공개 경로를 함께 둔다 (2.3239ms)
✔ 공개 도구 페이지에는 상호 이동과 canonical metadata가 있다 (0.7686ms)
✔ 팀 밸런스 화면은 승인 계정, 10명 입력, V1 단일 추천·공유·수동·저장·재평가 수명주기를 연결한다 (2.0535ms)
✔ 팀 밸런스 후보 API는 승인 계정과 안전한 서버 검색·신청 그룹 경계를 사용한다 (0.3985ms)
✔ 시작 페이지는 익명·계정 상태·승인 계정·관리자 진입을 구분한다 (0.9708ms)
✔ Riot 도움말은 직접 연결과 별도 본인 인증, 공개·비공개 범위를 안내한다 (0.2904ms)
✔ 설치 화면은 install prompt와 iOS·Android PWA·개인 캐시 금지를 구분한다 (0.4287ms)
✔ 사용자 shell은 skip target, landmark, modal search, 모바일 5개 진입점을 제공한다 (5.3309ms)
✔ 전체 메뉴는 로그인 상태에 맞지 않는 계정·인증 경로를 숨긴다 (0.5381ms)
✔ 일반 로그인은 홈으로 돌아가고 로그인된 헤더·모바일 메뉴는 내 정보를 표시한다 (1.1045ms)
✔ V2 UI는 실제 운영 데이터가 없을 때 합성 샘플을 사용자 화면에 연결하지 않는다 (0.6859ms)
✔ 사용자와 관리자 로그아웃 UI는 세션 폐기 성공 뒤에만 로그인 화면으로 이동한다 (0.8541ms)
✔ 관리자 계정 상세는 저장소 장애를 존재하지 않음 404로 축소하지 않는다 (0.7572ms)
✔ 모바일 관리자 메뉴에서도 현재 역할과 안전한 로그아웃을 제공한다 (0.6944ms)
✔ 관리자 로그인 1단계는 존재하지 않는 TOTP 필드를 null로 보내지 않는다 (0.527ms)
✔ 계정 작업 UI는 stale revision에서 최신 projection을 읽고 안내를 유지한다 (1.2523ms)
✔ 일회성 비밀번호는 숨김·BFCache 복귀·명시적 닫기에서 메모리와 안내를 함께 종료한다 (0.6477ms)
✔ 내 계정 플레이어 탭은 대기 claim과 거절 claim을 구분한다 (0.4039ms)
✔ 내 계정 상태 안내는 공개 사유가 없을 때도 상태별 기본 문구를 구분한다 (0.3912ms)
✔ 계정 시각은 공통 Asia/Seoul 24시간 포맷터를 사용한다 (0.6918ms)
✔ 가입·본인 비밀번호 변경 UI는 성공과 pagehide에서 비밀번호 fingerprint ref를 즉시 비운다 (1.1115ms)
✔ 정적 마감 대상의 native button은 submit 여부를 명시한다 (164.5258ms)
✔ 이벤트 운영 폼은 내부 UUID나 JSON 복사를 요구하지 않는다 (0.7317ms)
✔ 완성된 메뉴와 관리자 검색은 과거 단계 문구를 노출하지 않는다 (0.2791ms)
✔ Riot ID의 게임 이름과 태그는 각각 이름을 가진다 (0.1994ms)
✔ 전체 화면 효과는 공개·관리자 범위를 구분하고 동적 화면에도 재사용된다 (1.0396ms)
✔ 전역 효과 CSS는 감속 모드·정밀 포인터·강제 색상 경계를 유지한다 (0.3665ms)
ℹ tests 424
ℹ suites 0
ℹ pass 424
ℹ fail 0
ℹ cancelled 0
ℹ skipped 0
ℹ todo 0
ℹ duration_ms 1228.2189

> klol-gg-v2@0.1.0 test:unit
> tsx --test tests/*.test.ts

✔ KST date-time formatting is deterministic and never uses AM/PM (1.0268ms)
✔ one-time secret response is discarded after any hidden-page boundary (0.1413ms)
✔ initial pageshow does not invalidate a request, while history restoration does (0.1473ms)
✔ every account conflict reason has an explicit safe actionable HTTP problem (0.871ms)
✔ recovery response timing applies the same bounded floor with injectable time (0.4545ms)
✔ signup is an exact agreement-bound contract with NFKC lowercase identities (1.9896ms)
✔ login and password change reject extra keys, controls, reuse, and weak passwords (0.3856ms)
✔ own player edit accepts only Riot ID and supported tier fields (0.6567ms)
✔ claim approval requires an exact explicit manual-review acknowledgement shape (0.3719ms)
✔ sensitive administrator mutations require an exact typed target login id (0.3015ms)
✔ admin account list query is canonical, bounded, and rejects duplicates or controls (0.3882ms)
✔ password verification identifies legacy bcrypt and new scrypt with dummy work for unusable hashes (176.3393ms)
✔ safe next accepts only normalized same-origin paths (1.1642ms)
✔ account next rejects ambiguity, browser normalization tricks, and administrator paths (0.2849ms)
✔ login limiter caps attempts by normalized login and resets after its window (1.1853ms)
✔ login work gate releases capacity exactly once (0.1654ms)
✔ rate-limit IP keys trust only Vercel's anti-spoofing header on Vercel (21.6947ms)
✔ mutation guard requires an exact same origin (1.6379ms)
✔ body guard stops reading after the byte limit (4.4078ms)
✔ invalid gallery files do not consume the five valid upload slots (1.5315ms)
✔ gallery file planning applies remaining capacity after validation (0.1852ms)
✔ short-lived gallery upload reports are bounded before display (0.9676ms)
✔ administrator parity ledger accounts for all 81 V1 pages exactly once (1.6122ms)
✔ administrator transition decisions preserve the approved totals (0.1848ms)
✔ runtime parity ledger cannot drift from the reviewed route map (1.3941ms)
✔ every destination stays inside the reviewed administrator or operations-doc boundary (0.3803ms)
✔ legacy administrator routes resolve only to reviewed same-origin destinations (0.6485ms)
✔ target interpolation rejects missing parameters and non-local destinations (0.4423ms)
✔ 관리자 대상 선택기 검색은 bounded query와 선택 유지 ID만 허용한다 (1.5696ms)
✔ 관리자 대상 선택기는 짧은·중복·미허용·bidi·잘못된 include를 거부한다 (0.353ms)
✔ TOTP lifecycle payloads are self-only and accept exactly one six-digit code (1.1247ms)
✔ generated TOTP secrets contain 160 random bits in canonical base32 form (0.4596ms)
✔ TOTP credential fingerprint binds every encrypted envelope field (1.7361ms)
✔ fixture authentication requires a live short-lived verifier proof on loopback (12.0577ms)
✔ production session cookies are Secure even when transport inference is false (0.212ms)
✔ account and administrator elevation cookies coexist with purpose-bound lifetimes (0.1336ms)
✔ JWT decode rejects oversized attacker input before JOSE parsing (0.3398ms)
✔ administrator IA exposes exactly ten unique protected workspaces (0.9132ms)
✔ every administrator workspace has a canonical App Router page (0.629ms)
✔ active workspace matching does not make the dashboard match every route (0.1336ms)
✔ dashboard leaves a real work destination available (0.0945ms)
✔ versioned keyrings require explicit current 32-byte keys (1.6559ms)
✔ database authentication fails closed when any required runtime value is missing (0.4819ms)
✔ AES-256-GCM TOTP envelope binds ciphertext to account and key version (1.1185ms)
✔ session signing keyring writes current kid and still verifies retained prior keys (15.9991ms)
✔ session codec round-trips only the minimal signed claims (14.7535ms)
✔ session codec generates a unique required jti for every issuance (2.385ms)
✔ session codec rejects tampering, expiry, and a different secret (2.2928ms)
✔ session codec requires iat and enforces the 30 minute lifetime contract (4.502ms)
✔ session codec pins issuer, audience, algorithm, and rejects future issuance (2.1255ms)
✔ authorization distinguishes missing role and missing admin TOTP (0.2478ms)
✔ account sessions are limited by status and never become administrator elevation (0.3297ms)
✔ codec accepts seven-day ACCOUNT sessions but rejects seven-day ADMIN sessions (1.5585ms)
✔ session is revoked when account state, role, or authVersion changes (0.2102ms)
✔ admin login requires password, TOTP, and rejects code replay (208.9494ms)
✔ non-admin and pending accounts cannot obtain an admin session (119.9126ms)
✔ missing TOTP decryption key is exposed only after the password is verified (120.2949ms)
✔ canonical selector parser preserves one reviewed value (1.3465ms)
✔ canonical selector parser rejects duplicates, unknown keys, and unreviewed values (0.1839ms)
✔ legacy application and season review destinations render distinct canonical states (0.805ms)
✔ champion identity and public DTO are canonical and allowlisted (1.7879ms)
✔ ADMIN TOTP create, update and deactivate preserve history (3.2564ms)
✔ exact receipt replay returns before aggregate lock (0.5301ms)
✔ authorization and immutable body tampering fail closed (0.6109ms)
✔ outbox failure rolls aggregate, audit and receipt back together (0.3681ms)
✔ champion HTTP boundary binds exact input, session, revision and idempotency (28.1634ms)
✔ 173-row V1 fixture maps every NULL portrait to a unique official URL (2.4715ms)
✔ backfill blocks duplicate identities and unmatched rows (0.4556ms)
✔ pinned Data Dragon catalog contains 173 unique official champions (0.934ms)
✔ home splash chain keeps high-resolution artwork ahead of icon and stored fallback (1.2457ms)
✔ resolver uses official ids for canonical, legacy, numeric and Korean lookups (0.1932ms)
✔ all generated portrait URLs use the pinned official version (0.2486ms)
✔ candidate chain prefers official identity, then validated stored URL, then text fallback (0.2014ms)
✔ champion list query is strict, bounded, and public status cannot be overridden (1.6649ms)
✔ admin DTO exposes revision and status but no hidden account or storage fields (1.3722ms)
✔ event lifecycle follows its explicit path and restores only its recorded cancelled state (1.6624ms)
✔ event lifecycle cannot complete without a confirmed final or leave a terminal state (0.1625ms)
✔ destruction lifecycle gates auction, preliminary, four-team tournament, and final (0.2325ms)
✔ rosters enforce five unique players, positional coverage, ARAM semantics, and one captain (0.4939ms)
✔ best-of results require an exact clinching score and a consistent winner (0.2745ms)
✔ single elimination seeding is canonical and creates replayable bye/source-fixture structure (0.939ms)
✔ bracket advancement is deterministic, idempotent, and rejects overwrites or premature results (0.7692ms)
✔ round robin schedules each pair exactly once without same-round double booking (0.5786ms)
✔ group round robin is group-key canonical and prevents cross-group duplicates (0.32ms)
✔ standings rebuild from the full confirmed fixture set with V1-compatible canonical ties (0.6858ms)
✔ command envelope and receipt validators bind actor purpose, optimistic revision, and digests (2.151ms)
✔ audit and outbox contracts reject secret-bearing or incoherent records (0.4406ms)
✔ competition display projections prefer human labels and never fall back to raw identifiers (0.7345ms)
✔ event result gallery can be linked only during or after play (3.2361ms)
✔ POSITION applications upsert, retain identity, cancel, and reactivate only inside recruitment (1.3654ms)
✔ ARAM applications reject position claims and accept positionless entries (0.283ms)
✔ admin import is atomic at the aggregate boundary and recruitment closes with exactly ten active entries (0.5174ms)
✔ event consumes the S06 balance port shape and validates two complete five-person rosters (1.2081ms)
✔ seeded bracket derives the champion, supports correction, and completes with an event participant MVP (1.3844ms)
✔ correcting an upstream result preserves the other branch and explicitly invalidates downstream results (0.8449ms)
✔ cancellation recovery restores only the recorded phase and public DTOs omit private ownership data (0.8834ms)
✔ command handler rechecks authorization in-transaction and commits aggregate, audit, outbox, then receipt (2.1852ms)
✔ authorized idempotency replay skips aggregate work and a mismatched fingerprint fails closed (0.7529ms)
✔ command handler rejects stale expected revisions before any aggregate write (0.3998ms)
✔ command metadata cannot downgrade admin commands or detach owner intent from the player (0.5036ms)
✔ competition saved views only accept one allowlisted type (0.6914ms)
✔ event application deep link rejects unrelated and repeated values (0.2088ms)
✔ destruction detail deep links retain only valid section-bound values (0.9313ms)
✔ administrator live auction view requires the complete exact pair (0.1663ms)
✔ requires the exact destructive cutover acknowledgement and PostgreSQL URL (1.2629ms)
✔ orders read-only preflight, migration, and one repeatable-read import transaction (1.7154ms)
✔ rolls back the import transaction and closes the pool on phase failure (0.7315ms)
✔ rolls back read-only preflight before migration when the source check fails (0.2641ms)
✔ V1 events preserve participant ownership, team membership and a canonical import revision (4.9094ms)
✔ V1 event winners are replayed through the deterministic V2 bracket (1.147ms)
✔ V1 destruction preserves four validated rosters, applications and auction balances (1.6268ms)
✔ lossy cancellation and in-flight auction states fail closed while gallery linking is deferred (1.7016ms)
✔ empty source imports are rerunnable and never control the caller transaction (1.8224ms)
✔ core record import is externally transactional and idempotent (3.7387ms)
✔ core record import uses qualified V1 sources and the shared legacy UUID mapping (0.3584ms)
✔ core integrity sends an escaped Data Dragon allowlist to PostgreSQL (0.5107ms)
✔ integrity failure stops before the first write (0.5154ms)
✔ imports supported discipline and public Riot projections (3.5755ms)
✔ a clean rerun inserts no rows and still reconciles (0.2283ms)
✔ rejects an actor that cannot own imported discipline records before writes (0.4661ms)
✔ does not silently drop discipline task states that need evidence migration (0.2168ms)
✔ rejects Riot summaries that cannot be represented without a safe link (0.2272ms)
✔ throws when imported extension rows fail reconciliation (0.2219ms)
✔ imports V1 accounts and players through deterministic legacy mappings (1.7749ms)
✔ a clean rerun inserts nothing and still reconciles (0.2088ms)
✔ fails before writes when source identity data is unsafe (0.4146ms)
✔ throws on missing relationships so the caller transaction can roll back (0.1746ms)
✔ throws when target legacy IDs or core relationships do not reconcile (0.763ms)
✔ imports public media URLs and inhouse private-asset metadata without secret blobs (2.4721ms)
✔ legacy public URLs remain visible through the V2 media projection (0.3813ms)
✔ a clean rerun inserts or relinks nothing and still reconciles (0.2898ms)
✔ rejects unsafe gallery URLs before the first write (0.5027ms)
✔ throws when imported metadata does not reconcile (0.264ms)
✔ projects only bounded Kakao feature settings and records excluded operational row counts (2.6907ms)
✔ a clean rerun does not rewrite the already reconciled settings projection (0.264ms)
✔ rejects invalid_actor before any target mutation (0.4551ms)
✔ rejects invalid_settings_root before any target mutation (0.14ms)
✔ rejects invalid_boolean_settings before any target mutation (0.1845ms)
✔ rejects invalid_max_message_length before any target mutation (0.1509ms)
✔ fails closed when the target does not exactly reconcile (0.2365ms)
✔ the preservation policy explicitly excludes logs, secrets, transient jobs and caches (0.1684ms)
✔ imports parties and normalized operation forms idempotently in the caller transaction (6.2828ms)
✔ uses qualified V1 sources, full target UUID kinds, and parameterized reviewer identity (0.9189ms)
✔ blocks malformed dates and members before any target write (1.1155ms)
✔ rejects invalid or non-SUPER cutover actors (0.5671ms)
✔ reconciliation failure asks the caller to roll back (0.308ms)
✔ documents V1 party, operation-form, and scrim schema gaps (0.1891ms)
✔ season applications, saved drafts, and MMR projections import idempotently (4.4163ms)
✔ uses fully-qualified source tables and deterministic full target UUID kinds (0.3829ms)
✔ unrepresentable source data fails before the first target write (0.5809ms)
✔ preflight explicitly covers missing draft owners, nullable legacy game IDs, and review provenance (0.2408ms)
✔ source/target count mismatch requests caller rollback (0.4034ms)
✔ complete uses ADMIN intent, expectedRevision, one atomic audit/outbox/receipt commit, and replay (5.4408ms)
✔ idempotency conflicts, stale revisions, account sessions, and scope drift fail closed (1.2615ms)
✔ cancel and restore retain only the recorded lifecycle recovery state (0.743ms)
✔ public DTO is an explicit allowlist without cancellation reason, raw votes, audit, or session material (0.3313ms)
✔ application port types retain JSON-safe public response material (0.2447ms)
✔ the eight preliminary configurations derive BO1/BO3 and enforce viable lane capacity (1.2472ms)
✔ captain points use the versioned arithmetic boundary: subtract, round to ten, clamp (0.1639ms)
✔ owner/admin cancellation intent is explicit and cannot cancel another user's application (0.248ms)
✔ captain confirmation and seeded auction preserve draw, balance, roster, and position invariants (2.306ms)
✔ preliminary standings always rebuild from the full fixture set and seed four finalists (1.6682ms)
✔ a replacement changes only the current roster and cannot rewrite an existing fixture snapshot (2.1918ms)
✔ match-wide MVP voting bans self votes, requires ten voters, and limits tie revotes (1.0184ms)
✔ the common bracket can finish semifinal and final fixtures for destruction completion (0.517ms)
✔ destruction list query is an explicit single-value allowlist (1.5066ms)
✔ admin parser covers lifecycle commands and rejects unknown or extra material (0.8998ms)
✔ service binds owner identity, request fingerprint and SUPER-sensitive intent server-side (1.8124ms)
✔ HTTP mutation boundary requires same origin, If-Match and Idempotency-Key (22.7476ms)
✔ owner submission rechecks authorization and binds a READY private asset atomically (4.0789ms)
✔ exact replay returns the durable body without touching the task or asset (0.6376ms)
✔ missing private asset and failed authorization use existence-masked errors (0.8669ms)
✔ outbox failure rolls task, audit, outbox and receipt back together (0.4049ms)
✔ review requires an ADMIN-purpose TOTP recheck and approves the exact evidence batch (0.6454ms)
✔ tampered immutable request body fails before the transaction (0.2758ms)
✔ identity prioritizes account then player and normalizes direct identity (0.8734ms)
✔ warning policy preserves V1 counts and deterministic oldest-first conversion (0.8078ms)
✔ three active warnings create one review and an existing pending review suppresses duplicates (0.1949ms)
✔ owner evidence submission reaches review only at the exact required count (0.4984ms)
✔ rejection creates a batch boundary and requires a complete fresh batch (0.1806ms)
✔ stale, non-owner, duplicate, expired and invalid review operations fail closed (0.6365ms)
✔ public discipline DTO contains aggregate counts only (1.3314ms)
✔ discipline admin input parsers keep a closed field allowlist (1.4958ms)
✔ review and cancellation bodies reject ambiguous shapes (0.2579ms)
✔ event public query rejects duplicate and unknown filters (1.5016ms)
✔ event service creates a server-fingerprinted command and rejects unstable identifiers or even BO (2.2799ms)
✔ own application requires a stable participant UUID so retry fingerprints cannot drift (0.5659ms)
✔ event gallery command accepts only an exact nullable gallery identifier (0.4763ms)
✔ 익명 전역 검색은 공개 canonical 기능만 반환한다 (0.9036ms)
✔ 팔레트 바로 가기는 실제 canonical 사용자 페이지 안에서만 구성된다 (0.5955ms)
✔ 로그인 전역 검색은 페이지·도구·콘텐츠·계정 키워드를 정규화해 찾는다 (1.3115ms)
✔ 플레이어 검색은 공백을 정리하고 URL 구성요소를 안전하게 인코딩한다 (0.4296ms)
✔ 홈의 서로 다른 공개 피드는 시간 역순과 ID tie-break로 결정적으로 합쳐진다 (10.917ms)
✔ 홈 피드 제한은 음수와 비정수 값을 거부하고 0은 빈 피드를 만든다 (0.5039ms)
✔ 홈 멸망전 우승 갤러리는 FK 연결을 우선해 중복 제거하고 게시일 역순과 최대 개수를 지킨다 (0.3393ms)
✔ 오늘의 챔피언은 KST 날짜·활성 목록에 대해 SSR에서도 결정적이고 다음 날 변경된다 (10.2469ms)
✔ 오늘의 챔피언 문구와 챔피언별 개별 재구성 이미지를 연결한다 (0.4082ms)
✔ 홈 안내 허용 목록은 공식 매핑을 통과한 여성 챔피언 68명과 고유 문구를 갖는다 (0.4153ms)
✔ 특례 네 챔피언은 포함하고 Kindred와 남성·미확인 후보는 기본 거부한다 (0.1999ms)
✔ 레거시 키는 표시 이름으로 canonicalize하며 같은 공식 챔피언을 한 번만 선택한다 (0.2463ms)
✔ trace IDs accept only non-zero 32-digit hexadecimal values (1.0125ms)
✔ traceparent parsing pins version 00 and rejects ambiguous or zero identifiers (0.2666ms)
✔ validated trace extraction does not fall back around a malformed traceparent (16.5744ms)
✔ public problem definitions reject unsafe public fields (0.441ms)
✔ problem responses expose only the fixed public contract and validated trace ID (2.8148ms)
✔ forged problem objects fall back without leaking stack, SQL, or extra fields (0.7559ms)
✔ no-store response helpers enforce API security headers over caller overrides (0.5408ms)
✔ JSON content types allow UTF-8 JSON and structured +json only (0.284ms)
✔ JSON body reader preserves split UTF-8 code points and reports actual bytes (2.7051ms)
✔ JSON body reader separates media type, empty body, UTF-8, and JSON errors (1.2933ms)
✔ JSON body reader rejects duplicate decoded object keys at every nesting level (0.8862ms)
✔ JSON body reader enforces declared and streamed byte limits (0.718ms)
✔ JSON body reader rejects malformed and mismatched Content-Length (0.4573ms)
✔ JSON body reader reports stream failures and rejects unsafe limit configuration (0.652ms)
✔ JSON body reader cancels a rejected unread stream without exposing its data (0.1908ms)
✔ problem mappings keep parser failures on the reviewed public catalog (0.1748ms)
✔ Idempotency-Key parsing is strict, bounded, and case preserving (0.2822ms)
✔ idempotency hash material is deterministic and domain separated (0.4126ms)
✔ revision parsing accepts canonical non-negative safe integers including schema default 0 (0.2307ms)
✔ If-Match parsing requires one strong integer revision ETag (0.3548ms)
✔ pagination parsing applies defaults and explicit upper bounds (0.2913ms)
✔ pagination rejects duplicate, ambiguous, oversized, and attack-shaped values (0.2468ms)
✔ pagination rejects unsafe parser configuration (0.1381ms)
✔ Kakao operation settings accept only bounded secret-free fields (1.3391ms)
✔ Kakao runtime configuration exposes booleans, never secret values (0.2557ms)
✔ Kakao message policy normalizes before applying the stored length limit (0.1441ms)
✔ Kakao admin tab query accepts only allowlisted keys for the selected tab (0.2018ms)
✔ sensitive Kakao admin tabs require SUPER_ADMIN while operating tabs remain ADMIN (0.1469ms)
✔ party member statistics search is normalized and bounded (0.2944ms)
✔ Kakao assistant accepts only exact bounded search and read commands (8.5512ms)
✔ Kakao season snapshots require exact bounded participant slots and positions (1.7838ms)
✔ Kakao season command access keeps submit and status member-safe while force cancel stays trusted (0.1423ms)
✔ managed forms route only the explicit operation-form command (0.2269ms)
✔ Kakao image receive requires an owner-created opaque session and exact bounded fields (0.9996ms)
✔ player search DTO is an explicit public allowlist (0.2241ms)
✔ form codes are readable ASCII and normalize mobile fullwidth/lowercase input (1.2078ms)
✔ snapshot expiry is precisely the next 06:00 KST, including month/year boundaries (1.9924ms)
✔ identical canonical snapshot objects reuse their hash while row order remains significant (0.9861ms)
✔ snapshot storage rejects non-JSON, oversize and pathological nested originals before querying (6.6471ms)
✔ old-day, invalid scope and invalid code cannot read or issue snapshots (0.6407ms)
✔ guarded old name-only rows reach snapshot validation while new forms still require lanes (11.7749ms)
✔ legacy copies preserve current lanes and protected rows and do not resurrect removed entries (2.384ms)
✔ name-only additions, replacements, moves and stale draft guesses never bypass mandatory lanes (0.4226ms)
✔ legacy compatibility retains explicit deletion, replacement protection and field conflicts (0.4173ms)
✔ latest formatter sorts reserve gaps, prints one start phrase and makes no-change distinct from new registration (2.925ms)
✔ modern form round-trips empty metadata and all requested Rift line syntaxes (12.421ms)
✔ Rift missing lines, duplicate names and incomplete copies never become mutations (3.4323ms)
✔ detail preserves aliases and reserve gaps and closed details cannot act as editable forms (0.7427ms)
✔ member guidance distinguishes no match, many matches and unverified match without claiming nonmembership (0.3632ms)
✔ overview stays a list for one round, counts guests, and filled message uses mutation result only (0.6399ms)
✔ copy merge preserves concurrent additions, applies deletion and field edits, and protects SITE entries (0.8086ms)
✔ line errors are actionable without calling storage; saved result survives overview read failure (1.971ms)
✔ R24 compact party form keeps the complete saved-result envelope copyable with one new name (23.6188ms)
✔ R24 fresh party templates need only a name and retain unknown time explicitly (2.6587ms)
✔ compact forms preserve jamo through parsing and storage and sort sparse reserve display slots (2.8027ms)
✔ R24 compact party forms cannot fall back to unguarded legacy parsing when the code is removed (1.0239ms)
✔ the full legacy party detail can add a name without changing existing members or its saved identity (1.8656ms)
✔ copyable forms retain literal metadata, sparse reserve slots, and reserve display names (0.8771ms)
✔ resubmitting the current unchanged full form preserves the aggregate and revision (1.1465ms)
✔ line-party copies preserve stored slot names when old position metadata is missing or inconsistent (2.3945ms)
✔ metadata mentioning another recruitment title does not become a second form title (1.1762ms)
✔ custom stored titles remain visible in status while copy forms use the stored party type and capacity (3.8856ms)
✔ detail header and summary identity conflicts are ambiguous and never canonicalize (10.949ms)
✔ out-of-range detail identifiers and capacities are rejected (2.4429ms)
✔ ADR0011 overview includes all 99 numbers, bounds only summaries and keeps drafts private (9.434ms)
✔ ADR0011 blank numbered draft round-trips CRLF and an optional display separator (5.0239ms)
✔ party parser keeps raw slot intent across Kakao punctuation variants (5.481ms)
✔ party parser accepts clipped headers and an adjacent wrapped slot value (1.0403ms)
✔ display values keep compatibility jamo while form numbers and codes retain width compatibility (0.6175ms)
✔ display separators never become metadata or a participant and blank rows remain explicit (1.1576ms)
✔ metadata is order independent, multiline, and keeps absent separate from empty (1.0427ms)
✔ V1 line-party position fixtures keep canonical positions (0.3679ms)
✔ duplicate, merged, missing, and multiple-number structures are diagnosed without last-wins parsing (3.2726ms)
✔ recoverable, rejected, and ordinary text decisions remain distinct (8.3352ms)
✔ numbered primary rows must stay within the submitted capacity even when empty (5.3954ms)
✔ saved form references require one concrete recruit number and cannot request automatic creation (3.6206ms)
✔ only EXACT party forms become SYNC while parsed title and slot states reach canonical payload (3.4351ms)
✔ metadata-only party activation forms accept slash and keep organizer separate from members (0.7457ms)
✔ the reported #11 party template classifies as one metadata activation snapshot (1.6935ms)
✔ generated operating day wins across the 06:00 boundary while legacy forms keep fallback behavior (1.1872ms)
✔ 내전/스크림 번호ㅉ 명령은 slash 유무와 관계없이 현재 운영일 FINISH로 canonicalize된다 (10.5538ms)
✔ 다른 sender도 같은 installation/room의 내전 번호를 마감하고 최신 내전현황을 받는다 (1.3611ms)
✔ 다른 sender도 같은 installation/room의 스크림 번호를 마감하고 최신 스크림현황을 받는다 (2.3028ms)
✔ 동일 event replay는 내전 마감 한 번과 스크림 종료 안내를 재사용한다 (1.1649ms)
✔ room capability profiles are exclusive and exposed as authorization policies (1.4913ms)
✔ site notices are OFF by default and require an explicit target and identity (0.7236ms)
✔ notice source scope matches the real FEATURES inhouse router and rejects PARTY scope (1.0331ms)
✔ notice signatures bind action, exact target and installation with a separate protocol (0.4215ms)
✔ bounded envelope rejects arbitrary payload, room names and malformed ACK (0.3643ms)
✔ site notices expire by recruiting-day rollover and unverified filter is distinct (2.4715ms)
✔ HTTP boundary authenticates before DB access, rejects replay and never caches (25.901ms)
✔ V1 strict record always shows season/tier and the canonical multi-game recent line (1.1163ms)
✔ V1 strict recent, missing player, and empty ranking preserve the canonical copy (0.241ms)
✔ V1 strict operation and season empty replies keep public V1 labels (2.035ms)
✔ V1 strict season STATUS keeps canonical zero, one, and multiple-round results (0.214ms)
✔ V1 strict season DETAIL keeps the full existing form and empty missing result (0.1667ms)
✔ V1 strict scrim time keeps an explicit M/D instead of forcing the operation date (5.5281ms)
✔ V1 strict scrim time accepts 오전/오후 and H시 forms (1.1562ms)
✔ V1 strict scrim time preserves free text without exposing its internal memo carrier (0.4088ms)
✔ strict V1 and ordinary V4 reserve copyable drafts and return the overview after saving (4.7403ms)
✔ strict V1 detail is the full copyable form without repeated command guidance (0.4971ms)
✔ party overview keeps full, started and large parties in numeric order (0.9868ms)
✔ strict V1 missing detail uses the canonical not-found reply (0.202ms)
✔ strict V1 missing scrim detail uses the canonical success reply while ordinary V4 stays not-found (1.1136ms)
✔ strict V1 scrim status and detail preserve a free-text legacy start time (0.7624ms)
✔ Kakao HTTP verification reports allowlisted internal reasons without weakening the generic boundary (29.7169ms)
✔ V2 installation fingerprint is inside the HMAC material (1.2516ms)
✔ V3 binds installation key id, delivery id, and bot version inside the HMAC material (4.085ms)
✔ legacy party and scrim mutations fail closed with an explicit V2 successor and no redirect (2.2433ms)
✔ 내전과 스크림 빠른 추가·삭제는 슬래시, 모바일 공백과 제한된 오타를 허용한다 (10.5939ms)
✔ 협곡 내전 빠른 추가는 이름만 또는 티어·라인 전체 입력을 모두 허용한다 (3.6464ms)
✔ 내전 전체 양식은 일반 명단과 예비 명단을 함께 동기화한다 (3.3253ms)
✔ 빠른 추가·삭제는 명확한 번호와 한 명의 안전한 이름만 허용한다 (1.9307ms)
✔ 내전 명령도 파티·스크림과 같은 오전 6시 운영일을 사용한다 (0.4482ms)
✔ 내전·스크림 생성은 DRAFT 번호를 먼저 예약하고 실제 번호가 든 양식만 응답한다 (3.171ms)
✔ 내전 안내 문구는 공지가 아니며 스크림 빈 예약 양식은 활성화 명령이 되지 않는다 (3.7067ms)
✔ 내전·스크림 빠른 추가는 이름을 서버 명령으로 보내고 최신 명단을 함께 응답한다 (2.5176ms)
✔ classifier exposes a complete canonical/profile matrix (1.4173ms)
✔ all 101 V41 parity samples classify with zero-or-one slash equivalence (30.1627ms)
✔ the V1 compatibility fixture routes all classify into the six canonical families (8.7995ms)
✔ double slash, URL slash, separated slash, and middle slash stay UNKNOWN (0.3058ms)
✔ profile matrix routes recruit, features, and local commands explicitly (1.5871ms)
✔ diagnostic and raw JSON commands are classified as internal, not user help (0.3501ms)
✔ party, inhouse, and scrim full forms win over command parsing as SNAPSHOT (3.37ms)
✔ party snapshot accepts metadata-only activation fields and legacy participant rows (1.4131ms)
✔ R23 scrim retirement is structural and does not capture ordinary party names or game information (1.0965ms)
✔ party member mutations require an explicit detail prefix and one safe single-line name (2.3213ms)
✔ Kakao copy/paste party row variants still canonicalize to one SYNC member (5.8611ms)
✔ full-width empty reserve punctuation and clock text never become party members (0.9275ms)
✔ flexible party row parsing does not classify ordinary chat or generic number lists (0.9707ms)
✔ party snapshot rejects truncated numeric and position templates (0.8396ms)
✔ A→B→A identical text is reclassified without state or content-hash suppression (0.8356ms)
✔ operation forms classify on FEATURES and reject the RECRUIT profile (1.1264ms)
✔ V4 schema preserves the seven-field client and accepts only the exact V1 strict extension (1.5369ms)
✔ slash boundary preserves zero-or-one leading slash parity (0.7766ms)
✔ V4 signature covers the exact raw envelope and timestamp (0.7221ms)
✔ profile authorization does not receive sender role or allowlist inputs (4.0781ms)
✔ health, contract probes, and classified commands return deterministic replies without a runtime dispatcher (2.0939ms)
✔ event ID is the idempotency boundary and mismatched reuse conflicts (0.6741ms)
✔ hot replay cache binds the verified raw request digest (0.4315ms)
✔ R23 retires every old-phone scrim command and form without dispatching or writing (20.7987ms)
✔ server help explains editable numbered copies and inhouse mode requirements (1.0243ms)
✔ public error responses keep stable status and code contracts (21.2864ms)
✔ V4 application errors normalize idempotency conflicts to public 409 only (0.844ms)
✔ 내전 빠른 명단 응답은 결과를 한 줄로 요약하고 본명과 닉네임을 표시한다 (1.5441ms)
✔ 내전 빠른 추가 대상이 미등록이어도 이름과 접수 인원에 포함한다 (0.3848ms)
✔ player record, recent matches, and ranking preserve exact V1-visible fields (0.9229ms)
✔ player and ranking boundary replies preserve V1 wording and percent formatting (0.3347ms)
✔ V4 event key is shared by recruiting and assistant durable receipts (1.4914ms)
✔ party create reserves an invisible draft and returns all blank slots with its copy reference (2.7339ms)
✔ the exact generated V1 party form activates with only organizer populated and applies metadata defaults (7.6827ms)
✔ R24 party creation shows empty metadata, all slots and the code below the title (0.6427ms)
✔ R24 copying the latest party form preserves names and returns a non-editable overview (6.3044ms)
✔ ADR0011 first registration names stay brief before the complete overview (0.8656ms)
✔ the reported metadata-only #11 form reaches one idempotent party activation (1.5347ms)
✔ first completed automatic party form creates the party once (0.3571ms)
✔ explicit missing party number never falls back to creating a new party (0.3223ms)
✔ closed party copies and repeated finish receive a scoped closed reply without mutation (0.4231ms)
✔ copy edit conflicts and incomplete rows explain recovery and never report a save (0.9488ms)
✔ a concurrent finish gets a closed reply while an active revision race asks for a retry (0.4901ms)
✔ a copied form reference cannot be reused to create an automatic-number party (0.7075ms)
✔ incomplete copied party forms and numberless inhouse detail return actionable guidance (1.9541ms)
✔ existing party snapshots forward slot states without forwarding submitted type or capacity (0.5669ms)
✔ party status and detail use one server status receipt and return the latest aggregate (0.4043ms)
✔ party member shortcut classifications canonicalize to the current operating day (0.7305ms)
✔ party member shortcut outcomes return confirmation followed by the latest full form (1.0544ms)
✔ missing, ambiguous, and member-limit shortcut results stay concrete successful replies (0.5002ms)
✔ party mutation and latest full form keep the signed instant across the 06:00 KST boundary (0.9437ms)
✔ replayed sync, blank deletion, and finish disclose a failed post-mutation status refresh (0.3697ms)
✔ party snapshot and finish resolve latest revision without owner or role inputs (0.3302ms)
✔ missing current-operating-day party finish is a V1 success reply with the latest status and no mutation (0.2253ms)
✔ scrim status requests only the scrim projection (0.6966ms)
✔ season authoritative zero-person snapshot writes once then reads the overview (0.6383ms)
✔ season SYNC exposes the latest copy reply to both ordinary and strict clients (0.222ms)
✔ V1 strict season STATUS maps no active season to the canonical empty reply only (0.5628ms)
✔ scrim create and snapshot each issue one recruiting mutation (0.275ms)
✔ season status and detail each return one authoritative assistant result (0.1928ms)
✔ scrim deprecated lifecycle commands use a static receipt without domain status queries (0.1827ms)
✔ dispatcher fails closed when command domain and static profile differ (0.1515ms)
✔ structural operation candidates with one empty value reach exact missingFields (13.2587ms)
✔ colonless prose and label-only lists remain UNKNOWN (4.3711ms)
✔ party members are canonical by primary/reserve and slot number, independent of row order (3.3083ms)
✔ inhouse copy requires explicit lanes for RIFT main/reserve rows and preserves save reference separately from notices (9.0791ms)
✔ inhouse copy rejects malformed/duplicate save references and marks old forms as legacy (2.0287ms)
✔ inhouse copy accepts valid lanes and rejects malformed lane input (0.2876ms)
✔ inhouse stale forms return the latest copy without retrying the mutation, and old days show today's rounds (3.4554ms)
✔ compact inhouse copies retain site-linked optional lanes and separate review rows from participants (2.5854ms)
✔ copy delta preserves latest rows, merges only pure additions, and never revives removed originals (0.4614ms)
✔ old pending footers restore placeholders but never override a corrected body row (1.6064ms)
✔ copy start text preserves free-form event descriptions without inventing a scheduled clock (1.75ms)
✔ pending name corrections require the original pending row to still be current (0.7725ms)
✔ pending corrections and concurrent additions preserve other saved and cancelled rows (0.5088ms)
✔ real RIFT input recovers one missing position slash and accepts empty flexible rows (9.7905ms)
✔ recovery is limited to two valid position aliases and records the failed field (0.3774ms)
✔ legacy empty sub-position markers are accepted only in the sub-position field (0.3811ms)
✔ mixed real-world rows keep valid entries, route partial rows to review, and use the last duplicate slot (0.6526ms)
✔ a final empty duplicate row means cancellation while a missing numbered row is preserved (0.5857ms)
✔ an incomplete duplicate footer cannot replace a valid slot while valid edits stay last-write-wins (0.6065ms)
✔ numbered footer text after a complete empty roster cannot create a pending participant (0.5055ms)
✔ valid edits and explicit cancellation after a complete roster remain last-write-wins (0.9149ms)
✔ the former canonical failure maps to the exact public HTTP 400 document (19.767ms)
✔ [P0-FIXTURE] input-tolerance matrix is pinned to the unchanged V1 oracle (1.6925ms)
✔ [P0-PARTY-01] punctuation, full-width, escape, and whitespace rows have one semantic member (11.1821ms)
✔ [P0-PARTY-02] an explicit empty slot is valid but an absent slot row is not a full snapshot (5.9303ms)
✔ [P0-PARTY-03] slash and comma in one reserve row stay in one display name (0.8059ms)
✔ [P0-PARTY-04] a 2-person title cannot overwrite an existing 5-person recruit target (2.2541ms)
✔ [P0-PARTY-05] conflicting duplicate slot rows reject the whole snapshot (1.2745ms)
✔ [P0-PARTY-06] member order is canonical and independent of pasted row order (1.2076ms)
✔ [P0-PARTY-07] name suffix notes, emoji, and Kakao tags are preserved (3.1491ms)
✔ [P0-PARTY-08] multiline metadata values match their single-line semantic values (1.9245ms)
✔ [P0-PARTY-09] an automatic-number empty draft never creates a recruit (1.6982ms)
✔ [P0-OPS-01] all four forms preserve values continued on the following line (4.0186ms)
✔ [P0-OPS-02] all four forms expose exact missing-field contracts without submission (1.0465ms)
✔ [P0-OPS-03] parentheses and comma stay in the person name instead of becoming an implicit delimiter (0.2834ms)
✔ [P0-OPS-04] ordinary conversation and partial label discussions remain UNKNOWN (1.4082ms)
✔ [P0-OPS-05:friends] field order does not alter the canonical payload (0.5774ms)
✔ [P0-OPS-06:friends] a conflicting duplicate label rejects the whole form (0.3548ms)
✔ [P0-OPS-07:friends] arbitrary footer text cannot contaminate the last field (0.4785ms)
✔ [P0-OPS-05:suggestions] field order does not alter the canonical payload (0.3425ms)
✔ [P0-OPS-06:suggestions] a conflicting duplicate label rejects the whole form (0.2377ms)
✔ [P0-OPS-07:suggestions] arbitrary footer text cannot contaminate the last field (0.3697ms)
✔ [P0-OPS-05:meetups] field order does not alter the canonical payload (0.551ms)
✔ [P0-OPS-06:meetups] a conflicting duplicate label rejects the whole form (0.3032ms)
✔ [P0-OPS-07:meetups] arbitrary footer text cannot contaminate the last field (0.4638ms)
✔ [P0-OPS-05:leaves] field order does not alter the canonical payload (0.4445ms)
✔ [P0-OPS-06:leaves] a conflicting duplicate label rejects the whole form (0.2822ms)
✔ [P0-OPS-07:leaves] arbitrary footer text cannot contaminate the last field (0.4655ms)
✔ [P0-OPS-08] prose mentioning every label is not classified as a form (0.2231ms)
✔ [P0-IDEMPOTENCY-01] the same event is dispatched exactly once and then replayed (1.2924ms)
✔ [P0-IDEMPOTENCY-02] different events with one semantic payload are both dispatched (1.4589ms)
✔ [P0-MULTIUSER-01] same-room events from different senders reach edit and finish dispatch (0.8012ms)
✔ [P0-CANONICAL-01] V1-local fullwidth slash and digits canonicalize to the same finish command on the server (0.2464ms)
✔ [P0-CANONICAL-02] finish and detail commands tolerate whitespace after the copied hash marker (0.4033ms)
﹣ [P0-MULTIUSER-02] PostgreSQL contract proves same-room cross-user edit/finish and different-room no-mutation without an administrator role (0.0541ms) # isolated PostgreSQL harness required
✔ V4 installation identity exactly mirrors the phone HMAC contract (1.0967ms)
✔ one unified phone script shares one identity secret while RECRUIT and FEATURES keep distinct stable installation scopes (0.3729ms)
✔ the server rejects cross-family commands before dispatch for both unified-script profiles (11.4103ms)
✔ arbitrary installation IDs and cross-profile IDs fail closed (0.5794ms)
✔ current and previous signing keys authenticate only their exact HMAC (1.2901ms)
✔ two senders share one installation scope for create, cross-edit and finish (6.2857ms)
✔ runtime identity configuration is bounded without inspecting real environment values (0.2322ms)
✔ V4 signing keyring is isolated from V1 and rejects unsafe reuse (0.2843ms)
✔ V4 route is registry-free and keeps the seven-field identity-free boundary (1.4272ms)
✔ the unified V4 phone callback ignores room and channel values while routing both families (1.5631ms)
✔ admin and architecture copy distinguish V4 installation scope from the legacy room registry (1.4146ms)
✔ [P0-INHOUSE-LIVE-01] 동휘/김동휘 실양식은 Mid all을 복구해 같은 semantic payload로 dispatch한다 (18.2926ms)
✔ [P0-INHOUSE-LIVE-02] slash 계약에 맞춘 MID 또는 ALL 입력은 이름과 무관하게 정상 payload를 만든다 (1.5061ms)
✔ [P0-INHOUSE-LIVE-03] Mid all 복구는 mainPosition MID를 유지하고 나머지 네 부라인을 저장한다 (0.1914ms)
✔ [P0-INHOUSE-METADATA-01] 독립 공지와 20시 시작을 전체 스냅샷 메타로 보존한다 (0.5909ms)
✔ [P0-INHOUSE-METADATA-02] 시작 줄 tail 공지는 수용하고 슬롯 뒤 문장은 공지로 오인하지 않는다 (0.6231ms)
✔ [P0-INHOUSE-METADATA-03] 공지가 없는 전체 스냅샷은 명시적인 null을 만든다 (0.448ms)
✔ [P0-INHOUSE-METADATA-04] 시작 줄 다음과 인원 줄 사이의 공지도 구조 필드와 분리해 저장한다 (0.5481ms)
✔ operation field map is order independent and tolerates Kakao paste punctuation (2.8665ms)
✔ person punctuation remains intact unless slash or pipe is explicit (0.3943ms)
✔ same duplicate fields dedupe while conflicting duplicates block submission with diagnostics (0.2849ms)
✔ leave scope reads only its selected field value, not room names in the footer (0.6573ms)
✔ candidate detection is structural and does not require complete values (0.9466ms)
✔ operation wrappers are candidates only when they occupy a title line (0.2291ms)
✔ person fields are required and never fall back to an opaque sender identity (0.9766ms)
✔ [P3-I01] FEATURES INHOUSE 내전구인 keeps exact V1 reply parity (8.7569ms)
✔ [P3-I02] FEATURES INHOUSE 내전구인 양식 keeps exact V1 reply parity (1.905ms)
✔ [P3-I03] FEATURES INHOUSE 내전구인 협곡 2026-09-09 21:30 #2 10명 keeps exact V1 reply parity (0.9778ms)
✔ [P3-I04] FEATURES INHOUSE 내전구인 칼바람 2026-09-09 21:30 #3 10명 keeps exact V1 reply parity (0.7567ms)
✔ [P3-I05] FEATURES INHOUSE 내전구인 증바람 2026-09-09 21:30 #3 10명 keeps exact V1 reply parity (0.3801ms)
✔ [P3-I06] FEATURES INHOUSE 내전현황 keeps exact V1 reply parity (0.3226ms)
✔ [P3-I07] FEATURES INHOUSE 내전상세 2 keeps exact V1 reply parity (0.2577ms)
✔ [P3-I07] INHOUSE authoritative snapshots preserve delete, zero and A→B→A revisions (6.2082ms)
✔ [P3-I08] ARAM and AUGMENT_ARAM snapshots keep name-only authoritative arrays (1.5502ms)
✔ [P3-S01] R23 SCRIM create returns retirement guidance without dispatch (1.3201ms)
✔ [P3-S02] R23 SCRIM new full form cannot reach its former dispatcher (0.3076ms)
✔ [P3-S03] R23 SCRIM edit full form cannot reach its former dispatcher (0.2178ms)
✔ [P3-S04] R23 SCRIM retirement does not depend on active tournament state NO_ACTIVE_TOURNAMENT (0.1889ms)
✔ [P3-S05] R23 SCRIM retirement does not depend on active tournament state AMBIGUOUS_ACTIVE_TOURNAMENT (0.1311ms)
✔ [P3-O01] OPERATIONS friends complete form dispatches once and passes through exact server reply (1.8186ms)
✔ [P3-O02] OPERATIONS suggestions complete form dispatches once and passes through exact server reply (0.3653ms)
✔ [P3-O03] OPERATIONS meetups complete form dispatches once and passes through exact server reply (0.7294ms)
✔ [P3-O04] OPERATIONS leaves complete form dispatches once and passes through exact server reply (0.6738ms)
✔ [P3-O05] OPERATIONS friends missing required values returns an explicit V1 error without dispatch (0.4736ms)
✔ [P3-O06] OPERATIONS suggestions missing required values returns an explicit V1 error without dispatch (0.2625ms)
✔ [P3-O07] OPERATIONS meetups missing required values returns an explicit V1 error without dispatch (0.3825ms)
✔ [P3-O08] OPERATIONS leaves missing required values returns an explicit V1 error without dispatch (0.3765ms)
✔ [P3-M01] OPERATIONS 등록 keeps exact V1 reply parity (0.9156ms)
✔ [P3-M02] OPERATIONS 내전등록 keeps exact V1 reply parity (0.3155ms)
✔ [P3-M03] OPERATIONS 경고등록 keeps exact V1 reply parity (0.2847ms)
✔ [P3-M04] OPERATIONS 인증 keeps exact V1 reply parity (0.3288ms)
✔ [P3-M05] OPERATIONS 경고현황 keeps exact V1 reply parity (0.2717ms)
✔ [P3-M06] OPERATIONS 결과현황 keeps exact V1 reply parity (0.2332ms)
✔ [P3-M07] OPERATIONS 사진취소 keeps exact V1 reply parity (0.1857ms)
✔ [P3-M08] OPERATIONS 자동공지 20 keeps exact V1 reply parity (0.1969ms)
✔ [P3-A01] Phase 3 authorization is installation/profile based and never receives room, sender or role (0.6207ms)
✔ [P3-A02] two ordinary senders can use the same Phase 3 command without a sender allowlist (0.3715ms)
✔ [P3-R01] identical eventId replays one successful Phase 3 mutation without a second dispatch (0.5163ms)
✔ [P3-R02] same eventId with a conflicting body maps to public HTTP 409 REPLAY_CONFLICT (24.1076ms)
✔ Phase 3-A: 내전 모드 선택과 협곡·칼바람 복사 양식을 출력한다 (14.7619ms)
✔ Phase 3-A: 내전 전체 현황과 회차 상세는 정확히 한 번 authoritative assistant를 호출한다 (0.7495ms)
✔ Phase 3-A: 협곡 명단 A→B→A와 0명은 각 입력당 한 번의 authoritative snapshot이다 (6.33ms)
✔ R23: 스크림 양식·현황·상세는 종료 안내만 반환한다 (1.6748ms)
✔ R23: 구형 스크림 신규 양식과 재전송은 저장 없이 종료 안내만 반환한다 (0.314ms)
✔ R23: 구형 스크림 수정 양식은 기존 데이터와 대회 바인딩을 변경하지 않는다 (0.2716ms)
✔ Phase 3-A: 번호 행 하나가 빠진 양식은 그 슬롯을 보존하고 나머지 행을 동기화한다 (0.5951ms)
✔ four V1 operation forms become exact typed payloads (12.6487ms)
✔ all four forms report their exact missing fields as INVALID_FORM commands (1.2165ms)
✔ registration, result, warning, evidence, status and photo-cancel preserve V1 replies (4.7141ms)
✔ scheduled notice uses one durable assistant request and preserves the V41 formatter (0.7521ms)
✔ valid form submits one typed mutation in the shared V4 event scope (3.3224ms)
✔ invalid form claims a durable receipt before exposing field-specific INVALID_FORM (23.3626ms)
✔ operation forms reuse the same durable event identity as recruiting and assistant (0.4855ms)
✔ fresh service instances replay the durable form result and reject a changed body (2.1256ms)
✔ internal raw JSON and phone-local session commands do not become public canonical operations (0.7863ms)
✔ [P4-S01] every V1 PUBLIC alias succeeds on its actual profile with exact zero/one slash parity (33.4957ms)
✔ [P4-S02] every single-profile PUBLIC alias maps its opposite profile to HTTP 403 WRONG_PROFILE (42.9157ms)
✔ [P4-S03] authorization never receives room, sender, role or member allowlist fields (0.5012ms)
✔ [P4-S04] unknown public input is INVALID_FORM instead of 501 ROUTER_NOT_ENABLED (0.8776ms)
✔ [P4-S05] 사진상태 gives a site check path without claiming a nonexistent phone session is healthy (0.2659ms)
✔ [P4-S06] 내전미리보기취소 returns a no-mutation discard notice (0.2546ms)
✔ [P4-S07] 내전확인 ABCD1234 returns a no-mutation discard notice (0.2476ms)
✔ [P4-S01] every public fixture alias has a local reply or canonical dispatcher route (18.0444ms)
✔ [P4-S02] server fallback gives exact local help, photo guidance, and no-mutation preview notices (1.4049ms)
✔ [P4-S01A] every actual V41 public sample has a local reply or canonical dispatcher route (8.9419ms)
✔ [P4-S03] unknown and internal direct API inputs normalize to explicit HTTP 400 (26.0209ms)
✔ [P4-S04] V4 command HTTP surface contains no 501 or router-not-enabled response (4.3098ms)
✔ [S01] zero or one leading slash is equivalent for the complete V1 route fixture (2.1554ms)
✔ [S02] malformed slash, URL and middle slash canonicalize to no command (0.2241ms)
✔ [S03] two unregistered general users can create, cross-edit and cross-finish one recruit (9.8896ms)
✔ [S04] full recruit snapshots delete names, accept zero people and preserve A→B→A (1.5553ms)
✔ [S05] FEATURES ranking, record and recent commands return successful replies (3.7101ms)
✔ [S06] a retired scrim command returns the R23 notice after authorization (0.2983ms)
✔ [S07] duplicate mutation callback is applied once and replayed once (0.2481ms)
✔ [S08] an event ID body conflict maps to public REPLAY_CONFLICT with HTTP 409 (19.1909ms)
✔ [S09:NORMAL] normal V4 status returns a successful reply (0.3997ms)
✔ [S09:WRONG_PROFILE] wrong profile has an exact public code (0.2103ms)
✔ [S09:INVALID_SIGNATURE] invalid signature has an exact public code (0.4679ms)
✔ [S09:REPLAY_CONFLICT] replay conflict has an exact public code (0.3548ms)
✔ [S09:SERVER_UNAVAILABLE] server failure has an exact public code (0.3908ms)
✔ [S09:INVALID_FORM] invalid V1 form has an exact public code (0.0807ms)
✔ [S10] V1 golden regression inventory remains present for the release run (0.8768ms)
✔ legacy participation redirects preserve only reviewed query values (0.8021ms)
✔ legacy 정수 ID는 양의 PostgreSQL int32 canonical 형식만 허용한다 (0.9738ms)
✔ 대회 legacy UUID는 승인된 PostgreSQL cutover recipe와 일치한다 (0.3248ms)
✔ 미디어 legacy resolver는 유효한 숫자만 공개 매핑 port로 전달한다 (0.957ms)
✔ legacy proxy는 GET/HEAD만 308로 이동하고 query allowlist를 적용한다 (4.9929ms)
✔ UUID mapping이 없는 legacy player detail은 영구 redirect하지 않는다 (0.4744ms)
✔ legacy account adapters preserve only reviewed canonical intent (1.437ms)
✔ legacy statistics routes use one allowlisted canonical ranking destination (1.2318ms)
✔ reviewed administrator aliases resolve to their canonical integrated views (0.9641ms)
✔ legacy 앱 로그인은 내부 next만 보존하고 중복·외부 주소는 계정으로 축소한다 (1.1097ms)
✔ legacy 경기 목록은 canonical 공개 필터만 단일 값으로 보존한다 (0.4195ms)
✔ 동적 legacy ID와 밸런스 추천 query는 path traversal과 미검토 값을 버린다 (0.2637ms)
✔ 멸망전 참가자와 이미지 legacy deep link는 검증한 ID와 ordinal만 보존한다 (0.2506ms)
✔ 멸망전 V1 이미지 route는 1-based 번호를 canonical 0-based query로 308 이동한다 (17.8386ms)
✔ legacy redirect 응답은 상대 Location과 no-store를 사용한다 (0.3279ms)
✔ USER_ROUTE_MAP의 redirect 32개와 통합 20개는 모두 한 버전 호환 진입점을 가진다 (3.7659ms)
✔ admin match conflict parser accepts only a complete canonical aggregate (3.1504ms)
✔ stored instant conversion is explicit and bounded by the recorded offset (0.1422ms)
✔ admin import recovery stores only minimal expiring non-secret metadata (1.3745ms)
✔ admin import recovery is best-effort when session storage is unavailable (0.2946ms)
✔ admin import recovery rejects expired, corrupt and expanded state (0.2709ms)
✔ ambiguous admin import failures preserve the exact upload key (1.2926ms)
✔ a verified latest projection is the only conflict path that changes revision or opens review (0.2022ms)
✔ latest projection parser rejects malformed or unknown state (0.2195ms)
✔ definitive client rejection retains replay while allowing an explicit file reselection (0.1298ms)
✔ picker keyboard navigation skips inactive and duplicate-disabled rows (0.6376ms)
✔ match client retries preserve one key for exact body and revision (0.8093ms)
✔ submission continuation code is strict uppercase and canonical (1.0023ms)
✔ offline legacy match ids use the exact PostgreSQL int32 compatibility range (0.1451ms)
✔ MVP v1 formula is the only versioned score source (1.2231ms)
✔ MVP V1 compatibility tie-break is score, kills, deaths, assists, player id (0.4103ms)
✔ participant display identity is server-captured and retained across unrelated amendments (0.9105ms)
✔ KST date and explicit started-at offset are strict (0.1411ms)
✔ complete match input rejects unknown keys, bidi text and incomplete rosters (0.6939ms)
✔ submission input has a bounded image/game count (0.9528ms)
✔ private image validator fully decodes, checks bounds/container end and SHA (13.0728ms)
✔ fake private adapters are exact development and non-Vercel only (0.4121ms)
✔ deterministic match review passes a structurally consistent series (1.0108ms)
✔ deterministic match review blocks stale aggregates and duplicate roster entries (0.2252ms)
✔ match participant schema requires immutable display identity snapshots (1.684ms)
✔ match series and each recalculation event carry nullable team-balance provenance (0.5862ms)
✔ submission audit snapshots retain a public rejection reason before reopen clears the live row (1.6153ms)
✔ public match player DTO is an exact safe allowlist including inactive profile policy (1.3261ms)
✔ match submit page accepts one canonical continuation or owned draft reference (2.4469ms)
✔ public match query is exact, duplicate-safe and date bounded (0.9529ms)
✔ admin match query separates match and submission filters (0.4219ms)
✔ admin player picker query is bounded, canonical and duplicate-safe (0.3869ms)
✔ literal substring filters escape SQL LIKE metacharacters (0.1865ms)
✔ admin player picker uses indexed prefix or exact combined Riot ID strategy (0.2874ms)
✔ public match cursor is opaque, exact and coupled to sort/order (1.997ms)
✔ own submission history cursor is status-bound and reaches beyond the first page (2.514ms)
✔ mutation and source hashes use a domain-separated HMAC pepper (15.1084ms)
✔ admin direct import stays in the private submission saga and only produces review candidates (13.5113ms)
✔ storage object is compensation-deleted when the DB attach fails (4.143ms)
✔ OCR timeout becomes a bounded FAILED candidate and manual review remains possible (3.6528ms)
✔ a finalize replay never deletes the deterministic canonical storage object (16.4137ms)
✔ a completed receipt replay returns before decode, storage and OCR work (1.7274ms)
✔ delete failure leaves a durable DELETE_PENDING cleanup request (7.9857ms)
✔ missing fake object after process restart fails closed instead of returning corrupt bytes (0.5737ms)
✔ image decode/OCR work is admitted through a bounded FIFO gate (0.3862ms)
✔ image work queue times out without leaking an active lease (16.4441ms)
✔ private storage keys bind the idempotency key while same-key retries remain stable (1.1428ms)
✔ an abort-aware never-resolving storage stage times out and reaches durable cleanup (28.7782ms)
✔ a late stage completion remains visibly DELETE_PENDING for the cleanup worker (62.1035ms)
✔ an abort-aware OCR timeout becomes review-first FAILED without holding the request (33.0622ms)
✔ OCR retry commits its durable preflight before storage and provider work (1.3041ms)
✔ OCR receipt replay returns before private storage work (0.2339ms)
✔ OCR retry deadline aborts the provider and durably finalizes a review-first failure (36.7881ms)
✔ selected team-balance provenance requires the exact ten-player two-team layout (0.9345ms)
✔ stalled upload body reaches an idle deadline and cancels its stream (40.1913ms)
✔ exact upload body still joins chunks under the deadline (0.619ms)
✔ 빈 캐러셀과 한 장 캐러셀은 첫 위치를 유지한다 (0.6577ms)
✔ 여러 장 캐러셀은 이전·다음 이동과 양 끝 순환을 결정적으로 계산한다 (0.1356ms)
✔ 캐러셀 장수는 음수나 비정수일 수 없다 (0.3482ms)
✔ 휠 이동은 양 끝에서 페이지 세로 스크롤로 빠져나갈 수 있도록 순환하지 않는다 (0.1389ms)
✔ YouTube inputs canonicalize only supported HTTPS origins and paths (1.2975ms)
✔ highlight uses canonical video data and explicit public DTO (0.9146ms)
✔ gallery validates one to five distinct storage assets (0.5225ms)
✔ publication FSM archives without hard delete and restore returns to draft (0.2506ms)
✔ home display is limited to published gallery and clears on unpublish (0.2531ms)
✔ public gallery DTO resolves only reviewed asset identifiers (0.2725ms)
✔ gallery keeps one explicit display order across private and migrated external images (0.4139ms)
✔ metadata edits preserve publication status, increment revision, and reject archived content (0.432ms)
✔ admin private asset query is bounded and rejects duplicate or unknown parameters (2.0718ms)
✔ raw media upload preflight requires same origin, If-Match, bounded image MIME/size, SHA and safe name (28.9067ms)
✔ unconfigured upload storage returns the specific fail-closed problem (1.0728ms)
✔ media editor and private asset administration expose the complete safe workflow (1.2021ms)
✔ gallery editor accepts only bounded bulk upload result counts (0.2806ms)
✔ media list parsers are bounded and reject unknown query keys (1.4695ms)
✔ media commands use the existing strict YouTube parser, exact bodies, If-Match revision, and deterministic fingerprints (11.4535ms)
✔ gallery input permits only one to five distinct READY asset identifiers at the application boundary (1.5207ms)
✔ gallery input accepts an explicit mixed image order without exposing arbitrary fields (1.0209ms)
✔ published asset delivery checks publication/READY via its port and never returns the storage locator (0.9819ms)
✔ V2 deterministic formula transition truthfully requires explicit admin recalculation (0.6467ms)
✔ MMR public query accepts only singular canonical allowlisted filters (1.4375ms)
✔ MMR integrated admin redirects drop unsafe and unknown query values (0.4194ms)
✔ MMR rebuild is deterministic and ignores source array order (3.0961ms)
✔ voided and draft matches never affect profiles (0.166ms)
✔ winner and position performance update profiles within bounded scores (0.277ms)
✔ manual adjustments are immutable ordered events and clamp at profile bounds (0.2728ms)
✔ public and team-balance DTOs expose only bounded score summaries (0.4106ms)
✔ malformed rosters, duplicate sources and unsafe adjustments fail closed (0.5923ms)
✔ r1에서 발급한 own r2 응답은 최신 projection과 일회성 비밀번호를 함께 유지한다 (0.8714ms)
✔ r2 비밀번호 표시 중 외부 r3 projection이 도착하면 r2 비밀번호를 폐기한다 (0.1498ms)
✔ r3 prop이 선반영된 뒤 도착한 늦은 r2 응답은 projection과 비밀번호 모두 거부한다 (0.1462ms)
✔ OpenAI runtime configuration is explicit, bounded and all-or-nothing (1.0185ms)
✔ Responses adapter uses the fixed official endpoint and aggregates output text safely (22.0019ms)
✔ Responses adapter fails closed for budget, authorization, rate limit and malformed output (1.2433ms)
✔ operation form payloads accept only their bounded allowlist (3.3643ms)
✔ review transitions are monotonic and revision checked (2.3025ms)
✔ delete is soft and the admin DTO excludes source, reviewer identity, and deletion metadata (0.22ms)
✔ Kakao operation form failures distinguish integration, room and capability without exposing identifiers (0.2245ms)
✔ operational observations separate missing evidence, disabled flags and historical success (2.809ms)
✔ daily close follows the KST 06:00 operating boundary with a 15 minute grace (0.1864ms)
✔ bounded queue thresholds and unfinished jobs draw attention without claiming delivery (0.2783ms)
✔ site settings update is revision-bound and public DTO is allowlisted (1.9504ms)
✔ AI is hard-disabled first, then checks approval, role, rate and prompt (0.2813ms)
✔ CSV backup quotes fields and neutralizes spreadsheet formulas (0.3432ms)
✔ operations HTTP input allowlists reject extra or privileged-looking fields (0.3084ms)
✔ internal job signature is scoped, expiring and nonce replay aware (0.6988ms)
✔ copy snapshot round-trips the original while retaining current authorization and identity context (1.8725ms)
✔ concurrent numbered additions keep the latest roster and use the next vacant main slot (0.4928ms)
✔ a free numbered slot is kept and a replay cannot add the same person twice (0.2288ms)
✔ copy forms cannot delete, replace, move or demote an existing original member (0.4413ms)
✔ a participant removed after the copied original never reappears from a stale form (0.2055ms)
✔ latest slot changes remain intact instead of restoring positions from the original (0.1725ms)
✔ line-specific collisions reject the submission instead of assigning a different position (0.3775ms)
✔ changing an existing line in the copy is treated as replacement, not a new signup (0.3234ms)
✔ full main roster rejects concurrent additions without silently switching them to reserve (0.2106ms)
✔ explicit reserves stay reserves and concurrent reserves receive an empty reserve slot (0.1827ms)
✔ a signup already accepted concurrently is recognized by normalized name without moving that member (0.1812ms)
✔ duplicate names across main and reserve are rejected after Unicode and whitespace normalization (0.2164ms)
✔ the total 99-member bound applies even when a reserve slot appears available (0.4991ms)
✔ editable copies accept already-applied draft metadata and merge a later signup (0.4049ms)
✔ editable copies delete and replace explicit original slots without collapsing gaps (0.2011ms)
✔ editable metadata merges different fields but rejects competing changes atomically (0.265ms)
✔ editable copies preserve concurrent members, move reserves and replay the same move (0.219ms)
✔ an editable stale copy cannot resurrect a removed participant by moving them (0.2513ms)
✔ editable conflicting replacements reject all changes and preserve concurrent cancellation (0.2038ms)
✔ editable simultaneous additions shift to free slots while explicit moves require their destination (0.2102ms)
✔ editable copies reject duplicate results, capacity overflow and full reserve rosters (0.5025ms)
▶ malformed snapshot envelopes cannot become a merge baseline
  ✔ missing (0.1264ms)
  ✔ unsupported version (0.0699ms)
  ✔ different target (0.0728ms)
  ✔ different type (0.0641ms)
  ✔ changed capacity (0.062ms)
  ✔ text revision (0.0722ms)
  ✔ fractional revision (0.0824ms)
  ✔ negative revision (0.0692ms)
  ✔ future revision (0.93ms)
  ✔ closed original (0.0666ms)
  ✔ invalid start (0.0702ms)
  ✔ empty start (0.1045ms)
  ✔ oversize start (0.0918ms)
  ✔ invalid game (0.0889ms)
  ✔ empty game (0.0905ms)
  ✔ oversize game (0.1015ms)
  ✔ invalid organizer (0.0683ms)
  ✔ empty organizer (0.0666ms)
  ✔ non-array members (0.0582ms)
  ✔ non-object member (0.0508ms)
  ✔ missing member name (0.0598ms)
  ✔ empty member name (0.0509ms)
  ✔ oversize member name (0.0584ms)
  ✔ member control character (0.0561ms)
  ✔ zero slot (0.0471ms)
  ✔ negative slot (0.0495ms)
  ✔ fractional slot (0.1044ms)
  ✔ out-of-capacity slot (0.0622ms)
  ✔ out-of-range reserve (0.0649ms)
  ✔ invalid substitute (0.0974ms)
  ✔ invalid position (0.0681ms)
  ✔ duplicate slot (0.0888ms)
  ✔ duplicate name (0.0894ms)
  ✔ duplicate normalized name (0.0989ms)
  ✔ duplicate position (0.0856ms)
  ✔ too many members (0.226ms)
✔ malformed snapshot envelopes cannot become a merge baseline (6.2124ms)
✔ player write DTO is an allowlist with normalized validated values (2.2559ms)
✔ legacy numeric ids accept only the positive PostgreSQL integer range (0.1946ms)
✔ administrator player query rejects duplicates, unknown keys, and oversized values (0.5738ms)
✔ mutation fingerprint is canonical and changes with revision or allowlisted input (0.2199ms)
✔ legacy detail mapping remains outside proxy and administrator APIs use the shared HTTP contract (1.142ms)
✔ administrator player pages present operational labels in Korean (0.5046ms)
✔ 공개 Riot 플레이어 ID는 canonical UUID만 받는다 (0.7446ms)
✔ 공개 Riot 조회는 없는 플레이어·미연동·동기화 대기·준비 완료를 구분한다 (2.8771ms)
✔ 플레이어 목록 query는 검색어·페이지 길이와 범위를 제한한다 (1.4537ms)
✔ 티어 query는 허용 목록만 받고 영문·한글 티어 표기를 같은 계열로 묶는다 (0.1787ms)
✔ 내정보 티어 선택값은 10개 티어와 다이아 이하 4단계 및 마스터 이상 점수 계약을 보존한다 (0.5733ms)
✔ 목록·상세 유스케이스는 repository port를 통해 pagination과 404 계약을 지킨다 (0.3117ms)
✔ fixture 목록도 회원명 검색과 티어 필터를 함께 적용하되 회원명은 반환하지 않는다 (0.3045ms)
✔ 공개 플레이어 projection에는 금지된 회원·계정·Discord·내부 보정 필드가 없다 (0.165ms)
✔ 두 legacy redirect는 route별 query allowlist만 보존한다 (0.2921ms)
✔ upload validation binds declared MIME, decoded dimensions, exact container, SHA-256, and a safe name (1.74ms)
✔ lifecycle is explicit and cleanup plans are deterministic, bounded, and DELETE_PENDING-only (13.216ms)
✔ purpose/resource and actor authorization form a closed allowlist (0.2338ms)
✔ forbidden and absent are deliberately rendered with one outward problem (0.1462ms)
✔ public and private DTOs never expose storage keys, URL locators, creator IDs, or SHA-256 (0.5378ms)
✔ application saga rechecks ownership, blocks duplicates, finalizes only verified bytes, and reads READY only (4.309ms)
✔ failed staging enters DELETE_PENDING; cleanup is retryable and keeps the tombstone (1.2208ms)
✔ a bounded worker sweep turns crash-abandoned STAGED rows into cleanup tombstones (0.4391ms)
✔ admin list is bounded and excludes SUPER-only purposes at the repository boundary (0.3978ms)
✔ private storage mode is one fail-closed production policy (2.0098ms)
✔ fake private storage can preload immutable local QA bytes without sharing caller buffers (140.0963ms)
✔ official SDK seam uses private deterministic collision-safe put/get/delete options (3.9379ms)
✔ connected private Blob credentials prefer OIDC and pass only the store-scoped SDK options (0.5344ms)
✔ deterministic retries are idempotent only for the same digest and DELETE_PENDING cleanup is repeatable (0.682ms)
✔ adapter rejects traversal, mismatched digest, invalid containers and pre-aborted calls before SDK access (0.4064ms)
✔ all application and Blob boundaries share the 4 MiB server upload ceiling (0.113ms)
✔ 공개 랭킹 세 분류는 명시된 동률 규칙으로 독립 정렬되고 원본을 바꾸지 않는다 (1.2585ms)
✔ 홈 Top 3은 상세 탭과 같은 공개 정렬 계약을 사용한다 (0.1813ms)
✔ 표시 승률이 66.7%로 같아도 667/1000은 2/3보다 정확히 앞선다 (0.1622ms)
✔ 랭킹 분류 파서는 허용된 공개 뷰만 통과시킨다 (0.1239ms)
✔ 랭킹 화면은 세 분류, 상태 안내, MMR 진입과 모바일 44px 계약을 제공한다 (1.4483ms)
✔ R23 party copy reference rejects stale, reused-number identity and prior-day forms without mutations (8.9391ms)
✔ R24 latest copy rejects deletion and duplicate names atomically (1.18ms)
✔ R23 legacy copies are append-only for both member rows and metadata (1.8428ms)
✔ R23 unchanged full copy preserves revision, metadata and scheduled timestamp (0.7087ms)
✔ R23 blank draft activates with participant name only and no organizer (0.8449ms)
✔ ADR0011 finishing a draft cancels once and replay preserves its record and audit (0.8425ms)
✔ stored numbered copies allow deletions, replacements and reserve moves in one atomic save (2.096ms)
✔ stored numbered copies merge independent edits and preserve the latest scheduled time (1.6488ms)
✔ stored draft copies accept the same activated metadata and add the next participant (1.0754ms)
✔ stored numbered copies reject missing main, reserve and metadata fields without deleting members (3.1794ms)
✔ copy headers cannot change the locked party type or capacity even when every original row remains (3.3111ms)
✔ stored numbered explicit blanks clear metadata and roster while legacy copies remain append-only (0.9362ms)
✔ BOT idempotency fingerprints bind the signed room, sender, and command source (0.3331ms)
✔ party create, sync, status and finish use the domain while mutations commit in atomic order (1.025ms)
✔ V4 slot patches preserve absent rows, delete explicit empty rows, and use stored party shape (0.6378ms)
✔ atomic party member commands compose on the locked latest revision and persist stable outcomes (1.529ms)
✔ scrim participant shortcuts compose on the locked latest revision across room members (1.6254ms)
✔ party member command validation and ambiguous removal fail closed before persistence (1.6421ms)
✔ party cancel and SUPER-only reset are distinct terminal commands (0.6789ms)
✔ scrim create, join, reopen, confirm, complete and cancel enforce the state machine (1.6916ms)
✔ legacy scrim form fields remain durable in the typed aggregate (0.3486ms)
✔ signed V1 scrim forms infer exactly one active destruction tournament inside the transaction (0.4806ms)
✔ signed V1 scrim inference rejects zero or multiple active destruction tournaments atomically (0.5657ms)
✔ full scrim sync is revision-bound, audited and idempotently replayed (0.9938ms)
✔ durable receipt replay returns before load and same request key with another body conflicts (0.879ms)
✔ one signed Kakao delivery received by two installations mutates canonical room state once (0.4476ms)
✔ server-clock party metadata fallback is identical on durable replay (0.4348ms)
✔ signed V1 creates allocate the party number inside the mutation transaction (0.6027ms)
✔ a malformed replay receipt is rejected even when its request hash matches (0.4428ms)
✔ outbox failure rolls repository, audit, outbox, and receipt back together (0.3297ms)
✔ BOT body binding, JOB restriction, stale revision, and authorization failures happen before mutation (1.7028ms)
✔ public party and scrim DTOs expose only reviewed fields (0.2045ms)
✔ V4 room scope allows cross-sender snapshots and finish while preserving durable event receipts (1.7881ms)
✔ V4 automatic scrim number is allocated after receipt claim and replays before a second allocation (0.3781ms)
✔ V4 scrim draft activates with one inferred tournament and a server-time fallback (0.4679ms)
✔ V4 request fingerprint is stable across server-resolved revisions but changes with the signed body (0.1646ms)
✔ KST recruit date is stable across the UTC day boundary (0.9486ms)
✔ KST recruit display time is stable across midnight (0.1452ms)
✔ party metadata distinguishes absent preservation from explicit empty defaults (0.7215ms)
✔ a Kakao V4 number reservation stays draft until the completed V1 form activates it (1.836ms)
✔ party slot patches use stored type and capacity while preserving absent and deleting explicit empty slots (0.492ms)
✔ canonical party sync returns the stored aggregate without increasing revision (0.1866ms)
✔ party member mutation requires an active party and fills the first primary hole before reserve (0.4169ms)
✔ party member no-ops preserve revision and removal preserves every remaining slot (0.4186ms)
✔ request fingerprint is canonical and binds actor, action, key and body (0.3732ms)
✔ party sync enforces capacity, positions, slots and optimistic revision (0.3704ms)
✔ Kakao recruit aggregates are visible and mutable only from their signed source room (0.1436ms)
✔ party primary capacity excludes candidates while the total list remains bounded (0.2201ms)
✔ party terminal transitions do not permit mutation or replay with a new command (0.2041ms)
✔ auto finish respects scheduled protection and idle window (0.1647ms)
✔ scrim follows recruiting, matched, confirmed and completed states (0.2761ms)
✔ scrim opponent can be reopened but requester cannot join itself (0.1579ms)
✔ full scrim sync replaces V1 form fields but binds date, number, tournament and revision (0.4803ms)
✔ public party DTO excludes room, sender, notes and request keys by construction (0.1548ms)
✔ Kakao command access separates public create/read/join from controller lifecycle changes (0.1437ms)
✔ V1 room members may update and close shared forms without weakening raw V2 (0.1006ms)
✔ Kakao creator, joined opponent leader, or trusted operator controls lifecycle commands (0.1226ms)
✔ public scrim join binds the opponent leader and reopen clears that controller (0.1207ms)
✔ recruiting JSON boundary accepts only reviewed create fields (2.1617ms)
✔ raw V2 recruit commands require an operator or explicit non-production development mode (0.1859ms)
✔ signed V1 compatibility targets are exact while raw V2 cannot smuggle extra fields (0.8487ms)
✔ party member command boundary accepts exactly one bounded name (0.1823ms)
✔ scrim boundary validates UUID seams and command allowlists (0.3506ms)
✔ command scope is bound to both actor and action (0.1421ms)
✔ recruiting operating day changes exactly at 06:00 KST (2.2197ms)
✔ signed party targets use the envelope instant and the 06:00 KST operating boundary (9.574ms)
✔ signed scrim templates and targets use the same 06:00 KST operating boundary (2.4843ms)
✔ Kakao webhook binds HMAC to timestamp, nonce, room, sender, and raw body with key rotation (2.4974ms)
✔ Kakao webhook rejects stale/replayed, forbidden room/sender, and bot-self requests (0.5208ms)
✔ same allowed room accepts arbitrary members A/B/C without granting operator capabilities (0.5256ms)
✔ malformed signatures and unsafe request structure fail closed (0.2617ms)
✔ Riot cron rejects invalid requests before runtime access and noops when unconfigured (21.3662ms)
✔ Riot cron signs one bounded consumer call with a fresh replay nonce and returns only safe counters (3.8065ms)
✔ disabled Riot cron is a safe noop; unexpected errors stay opaque (1.4608ms)
✔ missing RSO never supplies state or verified identity (0.52ms)
✔ key probe requests only fixed KR status once, discards body, and exposes no credentials (1.1846ms)
✔ probe HTTP authenticates exact empty request and rejects caller URLs before invocation (3.9035ms)
✔ S12 schema exposes durable ledgers without OAuth token/code/request-log columns (1.9017ms)
✔ 0014 migration and snapshot add only the S12 Riot schema (10.8963ms)
✔ Riot production feature flag is exact and fail-closed by default (0.1359ms)
✔ explicit fake runtime adapter connects application mutations to safe query DTOs (4.9828ms)
✔ admin Riot query is bounded and rejects duplicate or unknown HTTP parameters (0.6079ms)
✔ public, owner, admin HTTP routes and responsive UI states are present (1.6483ms)
✔ scheduled sync queues one connected account, keeps direct links unverified and respects six hours (8.5683ms)
✔ queued sync is cancelled after disconnect and stale exhausted leases cannot block later jobs (2.501ms)
✔ sync discards a provider response when owner disconnects during the network request (1.0524ms)
✔ a provider rate limit pauses both queued consumption and scheduled account discovery (1.398ms)
✔ approved owner direct link/unlink is transactional, idempotent, and never leaks PUUID (0.7377ms)
✔ direct and RSO links must match the player's canonical registry Riot ID (1.9857ms)
✔ feature flag fails closed and outbox failure rolls link, audit, and receipt back together (0.6474ms)
✔ RSO callback is internal-return, expiring, one-time and exchange-idempotent across response replay (1.3085ms)
✔ only SUPER_ADMIN can bulk/sync-all while owner is restricted to the owned link (1.475ms)
✔ SUPER bulk-link derives registry Riot IDs and atomically records exact replay (1.6301ms)
✔ bulk-link rolls every successful link back when durable event recording fails (0.5201ms)
✔ sync enforces cooldown, Retry-After, stale lease recovery and partial completion (1.4914ms)
✔ recent solo summary persists only when complete; missing data preserves rank and 429 retains retry (2.2133ms)
✔ Riot IDs normalize NFKC and reject separators or oversized tags (1.5351ms)
✔ RSO return path cannot escape origin (0.1882ms)
✔ RSO state is owner-bound, expiring and one-time (0.3449ms)
✔ disconnect clears encrypted PUUID and hides existence from another owner (0.185ms)
✔ sync jobs retry rate limits and transient failures with bounded backoff (0.3601ms)
✔ last allowed transient attempt becomes terminal failure (0.1381ms)
✔ last allowed rate-limited attempt retains its provider cooldown after terminal failure (0.7148ms)
✔ stale RUNNING lease is recoverable and the old worker cannot finish it (0.1983ms)
✔ invalid upstream Retry-After is rejected rather than creating an invalid schedule (0.1545ms)
✔ permanent upstream failure never retries (1.2529ms)
✔ public Riot DTO excludes PUUID, owner and request-log provenance (0.3624ms)
✔ PUUID encryption is authenticated, opaque and rotation-ready (2.5197ms)
✔ Riot gateway resolves Riot ID and reads the SOLO queue through bounded official endpoints (19.5838ms)
✔ Riot gateway classifies 429, 404, 5xx and malformed responses without exposing credentials (0.7599ms)
✔ production API configuration is independent of optional RSO and binds the exact callback (0.3803ms)
✔ RSO state is HMAC-bound and authorization URL never includes the client secret (0.844ms)
✔ 0020 adds only the protected exchange cache and signed sync consumer route (1.0721ms)
✔ public Riot profile separates unlinked, connected, stale, temporary and rate-limited states (1.2641ms)
✔ recent solo uses queue 420, 20 matches, at most two concurrent requests and a summary-only result (147.9555ms)
✔ empty history and explicit remakes are known zero samples while malformed or wrong-scope details are unavailable (1.0012ms)
✔ rate limiting stops subsequent chunks and propagates bounded Retry-After (0.7971ms)
✔ total time, response size, unsafe IDs and duplicate IDs are bounded before further provider reads (1.4677ms)
✔ stored recent-solo summaries reject extra identity data, invalid counts and invalid numeric values (0.2849ms)
✔ season domain normalizes names and produces stable canonical JSON (1.0152ms)
✔ KST application date is independent of server timezone (21.0773ms)
✔ only an active season inside its application window accepts applications (0.1654ms)
✔ admin datetime-local values are converted to and from explicit KST instants (1.2263ms)
✔ client idempotency keys stay stable until success and follow the payload fingerprint (0.3365ms)
✔ application position UI never offers or preserves an ALL mixture (0.7515ms)
✔ season commands require exact JSON keys, safe text and zoned ISO dates (1.3194ms)
✔ admin season query parser rejects unknown, duplicate, noncanonical and unsafe values (0.6631ms)
✔ SITE and completed administrator decisions deterministically win Kakao merges (0.2705ms)
✔ Kakao pending filters are bounded and canonical (0.6183ms)
✔ Kakao pending mutations carry SUPER intent, revision and deterministic fingerprint (0.7047ms)
✔ statistics public queries accept only singular canonical allowlisted values (1.1149ms)
✔ statistics recalculate command binds exact body, projection revision and idempotency identity (0.633ms)
✔ bounded statistics drain stops on idle, failure and hard event limit (0.8817ms)
✔ season projection deterministically counts games, distinct series, stored MVP and dimensions (1.5041ms)
✔ participation counts a multi-game series once and S05 never derives a missing MVP (0.3849ms)
✔ canonical ranking uses exact rational win rate, stable identity and sequential rank (0.2513ms)
✔ public ranking DTO is an exact allowlist (0.1334ms)
✔ statistics cron rejects credentials, query overrides, wrong path and method before opening the database (27.6952ms)
✔ authenticated empty queue is a no-op; a request never consumes more than ten events (2.2494ms)
✔ time budget finishes the current event and stops before claiming another (1.3349ms)
✔ failed event stops the batch, returns retryable status and exposes no event or raw error (0.9804ms)
✔ database setup, claim and release failures remain retryable without disclosing internals (1.5746ms)
✔ affected seasons dedupe and lock in canonical order for every S04 action scope (1.0637ms)
✔ application passes old/new season rebuild scope to one atomic repository operation (0.1973ms)
✔ application reports idle and releases a failed exact lease without touching READY data (0.2237ms)
✔ statistics failure storage allowlists domain and SQLSTATE codes without copying raw errors (0.2461ms)
✔ storage probe rejects invalid signature, route, query and body before any job dependency (33.3603ms)
✔ storage probe uses a generated UUID and exposes only the matching anonymous trace (1.7919ms)
✔ storage probe preserves replay/rate-limit status and hides job exceptions (1.6706ms)
✔ storage probe reads exact bytes and removes only its new diagnostic object (1.8171ms)
✔ ambiguous write failure is compensated and raw errors never escape (0.3723ms)
✔ cleanup failure is visible and arbitrary keys are rejected before storage access (0.5767ms)
✔ probe bytes pass the production image adapter and cleanup reads bypass the CDN (3.9975ms)
✔ team balance vocabulary and neutral provider defaults are explicit (108.7542ms)
✔ input rejects oversized, duplicate, missing-position, and invalid-score cases (1.1149ms)
✔ the V1 global recommendation is one lossless 5:5 layout with every position exactly once (95.4961ms)
✔ V1 global recommendation is deterministic regardless of request order (126.1124ms)
✔ mixed legacy and new player ids keep a total order across forward, reverse and rotate (1007.6354ms)
✔ V1 search evaluates 126 anchored team splits and each team's best permutation (34.7483ms)
✔ automatic and manual paths return the exact same scoring-kernel breakdown (33.9885ms)
✔ position rating overrides overall and confidence shrinks unknown data toward 50 (45.088ms)
✔ positions omitted from the request remain legal V1 AUTO assignments (34.4788ms)
✔ [V1 blueblack golden] score uses tier, inhouse, position experience and the data-missing path (1.0638ms)
✔ share text keeps the V1 line order and excludes draft ids, account ids and links (53.2073ms)
✔ manual evaluation rejects duplicate players and incomplete team-position coverage (0.3492ms)
✔ team override HTTP binds origin, scope, revision and idempotency; response is private and replayable (41.0422ms)
✔ override route and Korean control retain ADMIN read, SUPER mutation and optimistic concurrency (5.7311ms)
✔ team-only overrides retain the existing -1000..1000 integer contract without touching MMR inputs (5.9368ms)
✔ 팀 밸런스 초안 목록 query는 단일·제한된 페이지 값만 허용한다 (1.4113ms)
✔ 팀 밸런스 후보 query는 플레이어 검색과 최근 신청 출처만 허용한다 (0.5245ms)
✔ recommendation list and detail queries use exact draft/team allowlists (1.3728ms)
✔ recommendation API requires one explicit RED or BLUE team (0.2365ms)
✔ team recommendations are deterministic, position ordered, and ban champions are unique (1.746ms)
✔ team recommendations keep selected lineup for an unavailable projection (0.1738ms)
✔ team recommendations do not infer an unselected candidate (0.1021ms)
✔ 랜덤 팀 legacy redirect는 mode와 PWA source allowlist만 보존한다 (0.5916ms)
✔ 팀 밸런스 legacy redirect는 검토한 PWA source만 보존한다 (0.2421ms)
✔ 코인 토스 legacy redirect는 PWA source만 보존한다 (0.1198ms)
✔ random-team parser accepts common numbered and bullet list forms (1.8628ms)
✔ random-team parser reports exact participant counts (0.161ms)
✔ duplicate display names remain distinct slots and are disclosed (0.4297ms)
✔ seeded Fisher-Yates is replayable, non-mutating, and preserves every slot (0.2473ms)
✔ uniform index rejects the modulo-bias tail (0.1171ms)
✔ random teams remain a lossless 5:5 partition across seeds (2.1356ms)
✔ simple tier mapping is the V2 1-to-10 contract (0.1628ms)
✔ tier balance is deterministic and reaches the exhaustive minimum (2.1785ms)
✔ tier balance rejects forged scores and duplicate slots (0.9399ms)
✔ coin toss follows idle-playing-revealed and blocks illegal transitions (0.3565ms)
✔ seeded coin toss reaches both sides and replays each seed (0.4502ms)
✔ RFC 6238 SHA-1 vector produces the expected six digit suffix (1.044ms)
✔ TOTP verifier accepts only the configured time window (0.9471ms)
✔ USER_ROUTE_MAP canonical 사용자 경로 39개가 중복 없이 분류된다 (1.0624ms)
✔ page-contract로 표시한 사용자 경로는 실제 App Router 페이지가 있다 (1.9937ms)
✔ 공지·뉴스·패치노트는 현재 V1 기능 계약에 없으므로 V2 canonical을 꾸며내지 않는다 (0.1855ms)
✔ 현재 경로 표시는 홈을 하위 경로 전체에 오인 적용하지 않는다 (0.1138ms)
✔ 전역 명령 팔레트는 검색 dialog·단축키·방향키 탐색 계약을 제공한다 (1.0699ms)
✔ Vercel cron accepts only the exact timing-safe Bearer secret (0.8041ms)
✔ daily close identity changes at 06:00 KST and remains stable for delayed retries (2.0335ms)
✔ invalid cron clocks fail closed before any repository input is made (0.2695ms)
ℹ tests 949
ℹ suites 0
ℹ pass 948
ℹ fail 0
ℹ cancelled 0
ℹ skipped 1
ℹ todo 0
ℹ duration_ms 4691.0181

> klol-gg-v2@0.1.0 build
> next build

▲ Next.js 16.3.4 (Turbopack)
- Environments: .env.local
✓ Running next.config.ts took 22ms

  Creating an optimized production build ...
✓ Compiled successfully in 4.1s
  Running TypeScript ...
  Finished TypeScript in 3.0s ...
  Collecting page data using 15 workers ...
  Generating static pages using 15 workers (0/94) ...
  Generating static pages using 15 workers (23/94)
  Generating static pages using 15 workers (46/94)
  Generating static pages using 15 workers (70/94)
✓ Generating static pages using 15 workers (94/94) in 213ms
  Finalizing page optimization ...

Route (app)
┌ ƒ /
├ ƒ /_not-found
├ ƒ /account
├ ƒ /account/discipline
├ ƒ /account/password
├ ƒ /account/riot
├ ƒ /account/tier
├ ƒ /admin
├ ƒ /admin/ai-requests
├ ƒ /admin/balance
├ ƒ /admin/balance-ai
├ ƒ /admin/balance-ai/players
├ ƒ /admin/balance-ai/recalculate
├ ƒ /admin/balance-ai/reviews
├ ƒ /admin/balance-ai/reviews/[reviewId]
├ ƒ /admin/balance/drafts
├ ƒ /admin/balance/drafts/[draftId]
├ ƒ /admin/balance/drafts/[draftId]/recommendations
├ ƒ /admin/balance/recommendations
├ ƒ /admin/champions
├ ƒ /admin/champions/[championId]/edit
├ ƒ /admin/champions/new
├ ƒ /admin/discipline
├ ƒ /admin/discipline/[recordId]
├ ƒ /admin/discipline/new
├ ƒ /admin/highlights
├ ƒ /admin/highlights/[highlightId]/edit
├ ƒ /admin/highlights/new
├ ƒ /admin/images
├ ƒ /admin/images/[imageId]/edit
├ ƒ /admin/images/new
├ ƒ /admin/kakao
├ ƒ /admin/kakao/operation-forms
├ ƒ /admin/kakao/operation-forms/[formType]
├ ƒ /admin/kakao/recruits
├ ƒ /admin/kakao/recruits/logs
├ ƒ /admin/kakao/recruits/settings
├ ƒ /admin/kakao/rooms
├ ƒ /admin/kakao/scrims
├ ƒ /admin/kakao/season-apply
├ ƒ /admin/kakao/settings
├ ƒ /admin/kakao/stats
├ ƒ /admin/login
├ ƒ /admin/logs
├ ƒ /admin/logs/kakao
├ ƒ /admin/matches
├ ƒ /admin/matches/[matchId]
├ ƒ /admin/matches/[matchId]/ai-review
├ ƒ /admin/matches/[matchId]/edit
├ ƒ /admin/matches/new
├ ƒ /admin/matches/submissions/[submissionId]
├ ƒ /admin/operation-forms
├ ƒ /admin/operation-forms/[formType]
├ ƒ /admin/operation-forms/[formType]/[id]
├ ƒ /admin/operation-forms/warnings
├ ƒ /admin/players
├ ƒ /admin/players/[playerId]
├ ƒ /admin/players/[playerId]/balance
├ ƒ /admin/players/[playerId]/edit
├ ƒ /admin/players/[playerId]/riot
├ ƒ /admin/players/new
├ ƒ /admin/private-assets
├ ƒ /admin/private-assets/[assetId]
├ ƒ /admin/progress
├ ƒ /admin/progress/destruction
├ ƒ /admin/progress/destruction/[tournamentId]
├ ƒ /admin/progress/destruction/new
├ ƒ /admin/progress/event
├ ƒ /admin/progress/event/[eventId]
├ ƒ /admin/progress/event/new
├ ƒ /admin/recruits
├ ƒ /admin/riot
├ ƒ /admin/search
├ ƒ /admin/seasons
├ ƒ /admin/seasons/kakao-pending
├ ƒ /admin/seasons/kakao-pending/[pendingId]
├ ƒ /admin/security
├ ƒ /admin/site-settings
├ ƒ /admin/users
├ ƒ /admin/users/[userAccountId]
├ ƒ /ai-balance
├ ƒ /ai-balance/players
├ ƒ /api/admin/ai-requests
├ ƒ /api/admin/backups/[kind]
├ ƒ /api/admin/balance-ai/adjustments
├ ƒ /api/admin/balance-ai/players
├ ƒ /api/admin/balance-ai/recalculate
├ ƒ /api/admin/balance-ai/reviews
├ ƒ /api/admin/balance-ai/summary
├ ƒ /api/admin/balance-ai/team-overrides
├ ƒ /api/admin/champions
├ ƒ /api/admin/champions/[championId]
├ ƒ /api/admin/competitions/destruction
├ ƒ /api/admin/competitions/destruction/[tournamentId]
├ ƒ /api/admin/competitions/events
├ ƒ /api/admin/competitions/events/[eventId]
├ ƒ /api/admin/dashboard
├ ƒ /api/admin/discipline-records
├ ƒ /api/admin/discipline-records/[recordId]
├ ƒ /api/admin/discipline-records/target-options
├ ƒ /api/admin/discipline-tasks/[taskId]/review
├ ƒ /api/admin/discipline/assets/[assetId]
├ ƒ /api/admin/highlights
├ ƒ /api/admin/highlights/[highlightId]
├ ƒ /api/admin/highlights/[highlightId]/assets
├ ƒ /api/admin/images
├ ƒ /api/admin/images/[imageId]
├ ƒ /api/admin/images/[imageId]/assets
├ ƒ /api/admin/images/[imageId]/home-display
├ ƒ /api/admin/kakao/recruit-health
├ ƒ /api/admin/kakao/rooms
├ ƒ /api/admin/kakao/settings
├ ƒ /api/admin/kakao/stats
├ ƒ /api/admin/login
├ ƒ /api/admin/logout
├ ƒ /api/admin/logs
├ ƒ /api/admin/logs/stats
├ ƒ /api/admin/maintenance/admin-log-cleanup
├ ƒ /api/admin/maintenance/rate-limit-cleanup
├ ƒ /api/admin/matches
├ ƒ /api/admin/matches/[matchId]
├ ƒ /api/admin/matches/[matchId]/publish
├ ƒ /api/admin/matches/[matchId]/restore
├ ƒ /api/admin/matches/[matchId]/void
├ ƒ /api/admin/matches/editor-options/players
├ ƒ /api/admin/matches/import
├ ƒ /api/admin/matches/integrity
├ ƒ /api/admin/matches/submissions
├ ƒ /api/admin/matches/submissions/[submissionId]
├ ƒ /api/admin/matches/submissions/[submissionId]/approve
├ ƒ /api/admin/matches/submissions/[submissionId]/cancel-import
├ ƒ /api/admin/matches/submissions/[submissionId]/images/[imageId]
├ ƒ /api/admin/matches/submissions/[submissionId]/images/[imageId]/ocr
├ ƒ /api/admin/matches/submissions/[submissionId]/reject
├ ƒ /api/admin/matches/submissions/[submissionId]/reopen
├ ƒ /api/admin/matches/submissions/[submissionId]/review-draft
├ ƒ /api/admin/operation-forms
├ ƒ /api/admin/operation-forms/[formType]/[id]
├ ƒ /api/admin/players
├ ƒ /api/admin/players/[playerId]
├ ƒ /api/admin/players/[playerId]/balance-profile
├ ƒ /api/admin/players/[playerId]/password-reset
├ ƒ /api/admin/players/[playerId]/reactivate
├ ƒ /api/admin/private-assets
├ ƒ /api/admin/private-assets/[assetId]
├ ƒ /api/admin/private-assets/[assetId]/metadata
├ ƒ /api/admin/recruits
├ ƒ /api/admin/recruits/[recruitId]
├ ƒ /api/admin/riot
├ ƒ /api/admin/riot/bulk
├ ƒ /api/admin/riot/bulk-link
├ ƒ /api/admin/riot/link
├ ƒ /api/admin/riot/retry
├ ƒ /api/admin/riot/sync
├ ƒ /api/admin/season-applications
├ ƒ /api/admin/season-applications/[applicationId]/review
├ ƒ /api/admin/season-kakao-pending
├ ƒ /api/admin/season-kakao-pending/[pendingId]
├ ƒ /api/admin/season-kakao-pending/[pendingId]/cancel
├ ƒ /api/admin/season-kakao-pending/[pendingId]/resolve
├ ƒ /api/admin/seasons
├ ƒ /api/admin/seasons/[seasonId]
├ ƒ /api/admin/seasons/[seasonId]/activate
├ ƒ /api/admin/seasons/[seasonId]/clone
├ ƒ /api/admin/seasons/[seasonId]/end
├ ƒ /api/admin/security/totp
├ ƒ /api/admin/security/totp/disable
├ ƒ /api/admin/security/totp/enable
├ ƒ /api/admin/security/totp/setup
├ ƒ /api/admin/session
├ ƒ /api/admin/site-settings
├ ƒ /api/admin/stats/consistency
├ ƒ /api/admin/stats/recalculate
├ ƒ /api/admin/team-tools/drafts/[draftId]
├ ƒ /api/admin/team-tools/drafts/[draftId]/archive
├ ƒ /api/admin/team-tools/drafts/[draftId]/recommendations
├ ƒ /api/admin/team-tools/drafts/[draftId]/reevaluate
├ ƒ /api/admin/team-tools/drafts/[draftId]/restore
├ ƒ /api/admin/team-tools/drafts/[draftId]/save
├ ƒ /api/admin/team-tools/drafts/[draftId]/select
├ ƒ /api/admin/users
├ ƒ /api/admin/users/[userAccountId]
├ ƒ /api/admin/users/[userAccountId]/2fa-reset
├ ƒ /api/admin/users/[userAccountId]/approve
├ ƒ /api/admin/users/[userAccountId]/delete
├ ƒ /api/admin/users/[userAccountId]/details
├ ƒ /api/admin/users/[userAccountId]/password-reset
├ ƒ /api/admin/users/[userAccountId]/reject
├ ƒ /api/admin/users/[userAccountId]/reset
├ ƒ /api/admin/users/[userAccountId]/reset-pending
├ ƒ /api/admin/users/[userAccountId]/restore
├ ƒ /api/admin/users/[userAccountId]/role
├ ƒ /api/admin/users/[userAccountId]/suspend
├ ƒ /api/ai/chat
├ ƒ /api/applications/available
├ ƒ /api/applications/season
├ ƒ /api/auth/login
├ ƒ /api/auth/logout
├ ƒ /api/auth/me
├ ƒ /api/auth/me/player
├ ƒ /api/auth/password
├ ƒ /api/auth/password/forgot
├ ƒ /api/auth/reset-requests
├ ƒ /api/auth/signup
├ ƒ /api/champions
├ ƒ /api/champions/[championId]
├ ƒ /api/competitions/destruction
├ ƒ /api/competitions/destruction/[tournamentId]
├ ƒ /api/competitions/destruction/[tournamentId]/application
├ ƒ /api/competitions/destruction/[tournamentId]/mvp-vote
├ ƒ /api/competitions/events
├ ƒ /api/competitions/events/[eventId]
├ ƒ /api/competitions/events/[eventId]/application
├ ƒ /api/cron/kakao-daily-close
├ ƒ /api/cron/riot-sync
├ ƒ /api/cron/statistics-projection
├ ƒ /api/discipline/stats
├ ƒ /api/health
├ ƒ /api/highlights
├ ƒ /api/highlights/[highlightId]
├ ƒ /api/images
├ ƒ /api/images/[imageId]
├ ƒ /api/integrations/kakao/image-receive
├ ƒ /api/integrations/kakao/managed-forms
├ ƒ /api/integrations/kakao/openchat
├ ƒ /api/integrations/kakao/operation-forms
├ ƒ /api/integrations/kakao/pair-room
├ ƒ /api/integrations/kakao/recruits
├ ƒ /api/integrations/kakao/scheduled-notice
├ ƒ /api/integrations/kakao/search-player
├ ƒ /api/integrations/kakao/season-applications
├ ƒ /api/integrations/kakao/site-notices
├ ƒ /api/integrations/kakao/v4/commands
├ ƒ /api/internal/jobs/discipline-assets-cleanup
├ ƒ /api/internal/jobs/discipline-assets-recover
├ ƒ /api/internal/jobs/kakao-daily-close
├ ƒ /api/internal/jobs/maintenance
├ ƒ /api/internal/jobs/riot-api-probe
├ ƒ /api/internal/jobs/riot-sync
├ ƒ /api/internal/jobs/storage-probe
├ ƒ /api/kakao/destruction-scrim-recruits/[action]
├ ƒ /api/kakao/image-receive
├ ƒ /api/kakao/managed-forms
├ ƒ /api/kakao/openchat
├ ƒ /api/kakao/operation-forms
├ ƒ /api/kakao/party-recruits/[action]
├ ƒ /api/kakao/recruit/season-apply
├ ƒ /api/kakao/recruit/season-apply/status
├ ƒ /api/kakao/scheduled-notice
├ ƒ /api/kakao/search-player
├ ƒ /api/matches
├ ƒ /api/matches/[matchId]
├ ƒ /api/me/discipline/assets/[assetId]
├ ƒ /api/me/discipline/tasks
├ ƒ /api/me/discipline/tasks/[taskId]
├ ƒ /api/me/discipline/tasks/[taskId]/evidence
├ ƒ /api/me/discipline/tasks/[taskId]/evidence/[assetId]/submit
├ ƒ /api/me/discipline/tasks/[taskId]/kakao-session
├ ƒ /api/me/match-submissions
├ ƒ /api/me/match-submissions/[code]
├ ƒ /api/me/match-submissions/[code]/cancel
├ ƒ /api/me/match-submissions/[code]/images
├ ƒ /api/me/match-submissions/[code]/images/[imageId]
├ ƒ /api/me/match-submissions/[code]/kakao-session
├ ƒ /api/me/riot
├ ƒ /api/me/riot/rso/callback
├ ƒ /api/me/riot/rso/start
├ ƒ /api/me/riot/sync
├ ƒ /api/media/assets/[assetId]
├ ƒ /api/rankings
├ ƒ /api/rankings/mmr
├ ƒ /api/recruits
├ ƒ /api/riot/player/[playerId]/summary
├ ƒ /api/seasons
├ ƒ /api/seasons/current
├ ƒ /api/site-settings
├ ƒ /api/stats/player/[playerId]/recent
├ ƒ /api/stats/player/[playerId]/summary
├ ƒ /api/stats/top
├ ƒ /api/team-tools/candidates
├ ƒ /api/team-tools/drafts
├ ƒ /api/team-tools/drafts/[draftId]
├ ƒ /api/team-tools/drafts/[draftId]/recommendations
├ ƒ /api/team-tools/drafts/[draftId]/reevaluate
├ ƒ /api/team-tools/drafts/[draftId]/save
├ ƒ /api/team-tools/drafts/[draftId]/select
├ ƒ /app
├ ƒ /app/account
├ ƒ /app/coin-toss
├ ƒ /app/install
├ ƒ /app/login
├ ƒ /app/matches
├ ƒ /app/matches/[matchId]
├ ƒ /app/me
├ ƒ /app/me/riot
├ ƒ /app/players
├ ƒ /app/players/[legacyId]
├ ƒ /app/progress/destruction/[tournamentId]
├ ƒ /app/progress/destruction/[tournamentId]/mvp-vote
├ ƒ /app/progress/event/[eventId]
├ ƒ /app/random-team
├ ƒ /app/rankings
├ ƒ /app/recruits
├ ƒ /applications
├ ƒ /balance
├ ƒ /coin-toss
├ ƒ /competitions
├ ƒ /competitions/destruction
├ ƒ /competitions/destruction/[tournamentId]
├ ƒ /competitions/events
├ ƒ /competitions/events/[eventId]
├ ƒ /destruction-auction-live/[tournamentId]
├ ƒ /discipline
├ ƒ /discipline/evidence
├ ƒ /forbidden
├ ƒ /forgot-password
├ ƒ /help/kakao
├ ƒ /help/recruits
├ ƒ /help/riot
├ ƒ /highlights
├ ƒ /highlights/[highlightId]
├ ○ /icon.svg
├ ƒ /images
├ ƒ /images/[imageId]
├ ƒ /install
├ ƒ /kakao
├ ƒ /login
├ ○ /manifest.webmanifest
├ ƒ /matches
├ ƒ /matches/[matchId]
├ ƒ /matches/submissions
├ ƒ /matches/submit
├ ƒ /me/player
├ ƒ /me/riot
├ ƒ /participation
├ ƒ /participation/destruction/[tournamentId]
├ ƒ /participation/destruction/[tournamentId]/captain-points
├ ƒ /participation/destruction/[tournamentId]/participants
├ ƒ /participation/destruction/[tournamentId]/participants/[playerId]
├ ƒ /participation/event/[eventId]
├ ƒ /participation/season
├ ƒ /players
├ ƒ /players/[playerId]
├ ƒ /players/[playerId]/riot
├ ƒ /players/balance
├ ƒ /players/balance/drafts
├ ƒ /players/balance/drafts/[draftId]
├ ƒ /players/balance/drafts/[draftId]/recommendations
├ ƒ /players/balance/recommendations
├ ƒ /privacy
├ ƒ /progress
├ ƒ /progress/destruction
├ ƒ /progress/destruction/[tournamentId]
├ ƒ /progress/destruction/[tournamentId]/images
├ ƒ /progress/destruction/[tournamentId]/images/[imageIndex]
├ ƒ /progress/destruction/[tournamentId]/mvp-vote
├ ƒ /progress/event
├ ƒ /progress/event/[eventId]
├ ƒ /random-team
├ ƒ /rankings
├ ƒ /rankings/mmr
├ ƒ /recruit
├ ƒ /recruit-helper
├ ƒ /recruits
├ ƒ /riot-api
├ ƒ /signup
├ ƒ /start
├ ƒ /team-balance
├ ƒ /team-balance/drafts/[draftId]
├ ƒ /terms
├ ƒ /tools/coin-toss
├ ƒ /tools/random-team
├ ƒ /tools/team-balance
├ ƒ /tools/team-balance/drafts
└ ƒ /tools/team-balance/drafts/[draftId]


ƒ Proxy (Middleware)

○  (Static)   prerendered as static content
ƒ  (Dynamic)  server-rendered on demand
