
> klol-gg-v2@0.1.0 check
> npm run lint && npm run typecheck && npm run db:erd:check && npm test && npm run verify:home-guide-art && npm run build


> klol-gg-v2@0.1.0 lint
> eslint


E:\k-LOL.GG\worktrees\kakao-v4-gateway\integrations\messengerbot-r\KLOL_KAKAO_BOT_V41_MESSENGERBOT_R.js
   1:838   warning  'e' is defined but never used  @typescript-eslint/no-unused-vars
   5:130   warning  'e' is defined but never used  @typescript-eslint/no-unused-vars
  32:231   warning  'e' is defined but never used  @typescript-eslint/no-unused-vars
  33:79    warning  'e' is defined but never used  @typescript-eslint/no-unused-vars
  33:196   warning  'e' is defined but never used  @typescript-eslint/no-unused-vars
  34:274   warning  'e' is defined but never used  @typescript-eslint/no-unused-vars
  35:200   warning  'e' is defined but never used  @typescript-eslint/no-unused-vars
  36:66    warning  'e' is defined but never used  @typescript-eslint/no-unused-vars
  44:347   warning  'n' is defined but never used  @typescript-eslint/no-unused-vars
  54:409   warning  'e' is defined but never used  @typescript-eslint/no-unused-vars
  56:71    warning  'e' is defined but never used  @typescript-eslint/no-unused-vars
  59:168   warning  'e' is defined but never used  @typescript-eslint/no-unused-vars
  60:318   warning  'e' is defined but never used  @typescript-eslint/no-unused-vars
  65:1002  warning  'e' is defined but never used  @typescript-eslint/no-unused-vars
  74:403   warning  'e' is defined but never used  @typescript-eslint/no-unused-vars
  75:151   warning  'e' is defined but never used  @typescript-eslint/no-unused-vars
  75:216   warning  'e' is defined but never used  @typescript-eslint/no-unused-vars
  75:497   warning  'e' is defined but never used  @typescript-eslint/no-unused-vars
  78:2934  warning  'e' is defined but never used  @typescript-eslint/no-unused-vars
  79:8     warning  'e' is defined but never used  @typescript-eslint/no-unused-vars
  80:116   warning  'e' is defined but never used  @typescript-eslint/no-unused-vars
  81:378   warning  'e' is defined but never used  @typescript-eslint/no-unused-vars

E:\k-LOL.GG\worktrees\kakao-v4-gateway\integrations\messengerbot-r\KLOL_KAKAO_BOT_V41_V1_COMPAT.js
  1:1  warning  Unused eslint-disable directive (no problems were reported)

E:\k-LOL.GG\worktrees\kakao-v4-gateway\integrations\messengerbot-r\KLOL_KAKAO_BOT_V41_V2_COMPLETE.js
    2:5  warning  'KLOL_V41_BUNDLE_START_SENTINEL' is assigned a value but never used  @typescript-eslint/no-unused-vars
  369:1  warning  Unused eslint-disable directive (no problems were reported)

E:\k-LOL.GG\worktrees\kakao-v4-gateway\integrations\messengerbot-r\v1-strict\KLOL_KAKAO_BOT_V1_STRICT_MESSENGERBOT_R.js
     1:5   warning  'KLOL_V1_SOURCE_SHA256' is assigned a value but never used           @typescript-eslint/no-unused-vars
     2:5   warning  'KLOL_V1_EXTRACTED_SHA256' is assigned a value but never used        @typescript-eslint/no-unused-vars
     3:5   warning  'KLOL_V1_SOURCE_FUNCTIONS' is assigned a value but never used        @typescript-eslint/no-unused-vars
     6:5   warning  'KLOL_V1_TRANSPORT_SEAMS' is assigned a value but never used         @typescript-eslint/no-unused-vars
    35:10  warning  'ignored' is defined but never used                                  @typescript-eslint/no-unused-vars
   119:10  warning  'ignored' is defined but never used                                  @typescript-eslint/no-unused-vars
   208:5   warning  'PARTY_RECRUIT_STATUS_API_URL' is assigned a value but never used    @typescript-eslint/no-unused-vars
   281:10  warning  'ignoredJavaNormalizationError' is defined but never used            @typescript-eslint/no-unused-vars
   291:10  warning  'parsePartyMemberMutationCommand' is defined but never used          @typescript-eslint/no-unused-vars
   434:10  warning  'error' is defined but never used                                    @typescript-eslint/no-unused-vars
   453:10  warning  'error' is defined but never used                                    @typescript-eslint/no-unused-vars
   468:10  warning  'error' is defined but never used                                    @typescript-eslint/no-unused-vars
   506:10  warning  'error' is defined but never used                                    @typescript-eslint/no-unused-vars
   532:10  warning  'error' is defined but never used                                    @typescript-eslint/no-unused-vars
   544:10  warning  'error' is defined but never used                                    @typescript-eslint/no-unused-vars
   582:10  warning  'error' is defined but never used                                    @typescript-eslint/no-unused-vars
   586:29  warning  'room' is defined but never used                                     @typescript-eslint/no-unused-vars
   586:35  warning  'sender' is defined but never used                                   @typescript-eslint/no-unused-vars
   586:43  warning  'imageBase64' is defined but never used                              @typescript-eslint/no-unused-vars
   586:56  warning  'replier' is defined but never used                                  @typescript-eslint/no-unused-vars
   589:36  warning  'room' is defined but never used                                     @typescript-eslint/no-unused-vars
   589:42  warning  'sender' is defined but never used                                   @typescript-eslint/no-unused-vars
   589:50  warning  'replier' is defined but never used                                  @typescript-eslint/no-unused-vars
   731:77  warning  'packageName' is defined but never used                              @typescript-eslint/no-unused-vars
   742:10  warning  'ignoredImageError' is defined but never used                        @typescript-eslint/no-unused-vars
   746:10  warning  'ignoredImageBase64Error' is defined but never used                  @typescript-eslint/no-unused-vars
   759:10  warning  'ignoredImageBitmapError' is defined but never used                  @typescript-eslint/no-unused-vars
  1775:5   warning  'isOperationFormCompleteMessage' is assigned a value but never used  @typescript-eslint/no-unused-vars
  1777:5   warning  'isSeasonApplyCompleteMessage' is assigned a value but never used    @typescript-eslint/no-unused-vars
  1807:10  warning  'response' is defined but never used                                 @typescript-eslint/no-unused-vars

✖ 55 problems (0 errors, 55 warnings)
  0 errors and 2 warnings potentially fixable with the `--fix` option.


> klol-gg-v2@0.1.0 typecheck
> tsc --noEmit


> klol-gg-v2@0.1.0 db:erd:check
> tsx scripts/database/generate-erd.ts --check

[db:erd] up to date: 105 tables, 168 foreign keys, schema sha256 2fe6810527b1714f7c1555c39f7d6aa85e4d936424f757676f2a7488bd2f25ae

> klol-gg-v2@0.1.0 test
> npm run test:contracts && npm run test:unit


> klol-gg-v2@0.1.0 test:contracts
> node --test tests/*.test.mjs

✔ public match and player detail use the same allowlisted champion portrait with a safe fallback (1.7684ms)
✔ my account connects bounded participation and current discipline status to details and evidence (1.7158ms)
✔ event and destruction details retain actions while exposing readable lifecycle and result hierarchy (0.9497ms)
✔ own player mutation keeps approval, origin, revision and idempotency guards (4.3426ms)
✔ own player form keeps one idempotency key for an uncertain retry and explains Riot relinking (1.7923ms)
✔ account pages reuse the account shell and avoid decorative English headings (2.2689ms)
✔ isolated account HTTP verification runs the real Chromium owner profile regression (1.3727ms)
✔ 역할 변경 API는 same-origin 세션 검사 뒤 일반 ADMIN을 mutation parsing 전에 거부한다 (4.271ms)
✔ 역할 관리 UI와 목록 진입점은 SUPER_ADMIN에게만 노출된다 (1.6007ms)
✔ 승인된 미삭제 USER의 ADMIN 승격은 플레이어 연결을 요구하지 않는다 (2.045ms)
✔ 플레이어 상세는 연결 계정 revision으로 기존 SUPER_ADMIN 역할 API를 안전하게 재사용한다 (1.4569ms)
✔ administrator balance status uses readable Korean operational labels (4.4905ms)
✔ administrator balance navigation is a visible keyboard-focusable control (1.0013ms)
✔ MMR 수동 조정은 raw UUID 대신 bounded 플레이어 선택기를 사용한다 (1.7362ms)
✔ Riot 작업은 현재 목록에서 플레이어와 link를 선택하고 revision을 자동 계산한다 (0.3733ms)
✔ 징계 대상 선택은 관리자 전용 bounded endpoint의 allowlist metadata로 표시값을 채운다 (1.2509ms)
✔ 공통 bounded picker는 원격 metadata를 문자열 allowlist로 제한한다 (0.3074ms)
✔ the contracted match edit page reuses the guarded editor and preserves the AI review alias (4.9756ms)
✔ season administration presents lifecycle, status, source, and position labels in Korean (3.3076ms)
✔ account and settings administration avoid decorative English labels (1.7629ms)
✔ admin HTTP guard matrix covers every canonical App Router page (93.6061ms)
✔ administrator team draft pages use the ADMIN viewer and administrator mutation boundary (6.0951ms)
✔ administrator recommendation aliases remain same-origin permanent redirects (1.1188ms)
✔ administrator drafts support recoverable archive and persisted match registration (2.9659ms)
✔ capture fixture example resolves every repository page without placeholders (173.6465ms)
✔ browser QA server emits setup credentials, actor identity and fail-fast dynamic source IDs (2.245ms)
✔ browser quality boundary accepts WCAG and performance values at their budgets (2.171ms)
✔ browser quality boundary reports semantic, keyboard, motion, axe and performance failures (0.3666ms)
✔ compact standalone auth pages do not require a skip link or a single h1 (0.1683ms)
✔ full-page capture uses stable light reduced-motion rendering and wakes lazy media (1.743ms)
✔ full-page capture fails visible repository error states even when HTTP is 200 (0.1495ms)
✔ full-page capture accepts synthetic credentials through bounded stdin (0.2291ms)
✔ champion administrator pages reuse the highlight content shell and keep safe mutations (6.1569ms)
✔ champion read APIs keep public and administrator namespaces separated (1.972ms)
✔ Data Dragon version monitor discovers the upstream latest version without changing the pinned catalog (4.645ms)
✔ 핵심 일반 텍스트 토큰은 밝은 배경에서 WCAG AA 4.5:1 이상이다 (5.0518ms)
✔ 기능 상태 패널의 홈 링크는 AA 대비 primary 토큰 쌍을 사용한다 (1.2642ms)
✔ public destruction detail keeps owner application, vote and explicit unavailable/error states (2.0008ms)
✔ administrator destruction workspaces expose the full staged lifecycle (2.1477ms)
✔ API source keeps account owner and ADMIN boundaries separate (0.651ms)
✔ public discipline API exposes aggregate statistics only (5.2154ms)
✔ owner and admin evidence boundaries require session, revision, idempotency, and concealed reads (1.8976ms)
✔ regular administrators may read discipline details but only super administrators may mutate them (2.9376ms)
✔ asset jobs accept signed requests only and are durably replay-guarded (1.146ms)
✔ discipline pages declare real empty, error, and unavailable states (1.2941ms)
✔ discipline administrator headings and status labels are readable Korean (0.8666ms)
✔ public competition pages expose list/detail/application states without administrator controls (2.6656ms)
✔ administrator event pages connect every lifecycle operation to protected canonical APIs (1.0751ms)
✔ legacy event routes reuse the common no-store same-origin redirect boundary (0.5203ms)
✔ full-page QA runner parses only tagged synthetic harness values (2.6078ms)
✔ full-page QA summary fails count drift and any route issue (0.2162ms)
✔ capture credentials use bounded stdin instead of command-line secrets (5.6883ms)
✔ capture CLI rejects unknown stdin credential fields before opening files or Chromium (108.3472ms)
✔ 홈과 데스크톱 메뉴는 이미 구현된 경기·팀 밸런스를 준비 중으로 표시하지 않는다 (2.4081ms)
✔ 홈 공개 집계는 활성 플레이어·시즌과 게시 경기만 센다 (0.3259ms)
✔ 홈 공개 피드는 실제 구인·대회와 완료된 멸망전 우승 갤러리를 조회한다 (0.7553ms)
✔ 홈 피드 공개 projection은 소유자·회원·Discord 필드를 선택하지 않는다 (0.3075ms)
✔ 홈은 DB 전체 활성 챔피언을 읽되 여성 허용 목록에서 KST 일일 안내 챔피언을 선택한다 (1.1712ms)
✔ 홈과 플레이어 찾기는 회원명 검색을 안내하되 회원명을 결과로 출력하지 않는다 (0.6202ms)
✔ 홈의 지표별 랭킹 요약은 모바일에서 44px 터치 영역과 단일 열을 유지한다 (0.8474ms)
✔ Kakao admin API splits ADMIN reads from SUPER TOTP mutations (7.079ms)
✔ legacy Kakao admin pages permanently redirect to canonical real-state tabs (8.4438ms)
✔ every canonical Kakao handler checks the stored feature policy (8.5511ms)
✔ owner image session creation honors site and Kakao feature switches (1.1267ms)
✔ Kakao assistant routes share raw-body HMAC and durable read receipts (6.9981ms)
✔ managed forms remain isolated while season snapshots and owner-bound images are durable (2.3099ms)
✔ legacy Kakao paths execute the signed canonical POST handlers without redirects (6.2349ms)
✔ Kakao route capability policy is explicit for every phone endpoint (6.8012ms)
✔ season member submissions and reads use the FEATURES room but force cancel has a trusted command gate (1.4553ms)
✔ normal room authorization uses only canonical registry state and keeps environment bootstrap explicit (1.3571ms)
✔ private installer generator preserves shared settings and creates one identity per Kakao room (421.7221ms)
✔ Kakao routes are explicitly isolated between recruit and features installations (4.7801ms)
✔ wrong-room failures remain short and actionable on the phone (1.4868ms)
✔ recruit mutations expose PII-free stage timing for p50 and p95 aggregation (0.9933ms)
✔ companion is ES5 and below both editor character limits (25.7925ms)
✔ no registration, disabled, wrong app/code, or another session cannot send (1.3993ms)
✔ ACK loss retries ACK without sending again, including after restart (1.4187ms)
✔ crash marker or ambiguous SDK result never resends automatically (2.0549ms)
✔ ledger write failure, wrong target and stale lease fail closed before send (3.1524ms)
✔ explicit SDK rejection is retryable after manual session renewal (1.879ms)
✔ the ADR freezes every non-negotiable V1-exact adapter constraint (6.2985ms)
✔ the reusable V4 text transport is one signed five-second request without bearer fallback (1.1909ms)
✔ the V1 strict phone installer uses the current private artifact and omits public-only provenance (1.8514ms)
✔ installation profiles, not callback room or sender role, form the V4 text authorization boundary (1.0474ms)
✔ V2 services can reserve a hidden DRAFT and legacy bearer routes remain closed (1.2221ms)
✔ the existing image service is separately signed, bounded, and session-backed (0.8385ms)
✔ canonical V40 R2 routes managed commands to site-first links, not the legacy image session creator (31.2987ms)
✔ a clean V1-strict install keeps imageDB silent instead of inventing an unreachable UUID flow (6.2844ms)
✔ the dormant legacy image receiver remains secure for non-strict clients without reopening bearer access (1.579ms)
✔ builder pins the canonical V1 hash and produces an ES5/Rhino-safe artifact (368.7657ms)
✔ Rhino audit detects functions that mix value and bare returns (0.7424ms)
✔ V1 strict routes organizer-only metadata activation forms with or without one slash (30.6766ms)
✔ V1 strict routes scoped in-house finish commands as unchanged raw text (52.3504ms)
✔ R23 retired scrim commands and forms reply locally without an HTTP request (116.668ms)
✔ R25 local help matches optional member linking, Rift lanes, protected editing and detail rereads (14.9273ms)
✔ R24 compact copy forms keep complete success and pending envelopes in one signed request (94.1943ms)
✔ R24 compact form routing leaves malformed references to the server and ignores prose (33.0134ms)
✔ R24 actual server-rendered party and inhouse templates accept one name through the phone (281.3362ms)
✔ R23 copy-paste party and inhouse forms forward names and saved references unchanged (8.6519ms)
✔ V1 strict routes the full organizer-only template returned by the production server (3.3082ms)
✔ artifact excludes legacy HTTP, bearer, and embedded secret material (1.0895ms)
✔ all response-reachable non-transport V1 executable lines are preserved without comments or blank spacers (41.3259ms)
✔ strict adapter reuses the canonical V1 local dedupe storage keys (1.397ms)
✔ local replies, echo rules, events, and no-reply behavior equal the canonical V1 (8.5044ms)
✔ R19 chooses one complete tone when the OpenChat entry guide appears (5.1307ms)
✔ R19 consumes the raw join event and accepts only the OpenChat entry heading (2.2975ms)
✔ approved party member mutations parse safely and use one RECRUIT gateway request (8.2273ms)
✔ inhouse member shortcuts reach the matching profile gateway (17.2874ms)
✔ reported inhouse loading echo is ignored while user commands and explicit member edits keep one reply (4.7729ms)
✔ same MessengerBot logId replay suppresses only the duplicate visible reply (2.622ms)
✔ ambiguous party member text never reaches the mutation gateway (12.4446ms)
✔ local recruit help documents member commands and keeps full-form guidance (1.4262ms)
✔ command and form predicates are byte-derived and behaviorally equal to V1 (5.4646ms)
✔ one public command performs one five-second signed gateway request without room binding (3.9289ms)
✔ recoverable season rows reach the gateway once even with whitespace numbering and partial fields (3.5729ms)
✔ completed augment-ARAM in-house forms reach the FEATURES gateway and always reply (1.9067ms)
✔ completed augment-ARAM metadata with ten empty name rows activates through FEATURES (2.5386ms)
✔ a complete empty season snapshot reaches the gateway once for authoritative cancellation (4.7505ms)
✔ empty-snapshot gate rejects incomplete forms and ordinary conversation (8.7159ms)
✔ clean-session imageDB input preserves the active V40 R2 no-reply and no-HTTP behavior (2.4992ms)
✔ all seven active text seams preserve V1 success and empty replies while failures use safe common notices (36.0008ms)
✔ literal transport failures distinguish settings, input, and connection errors without exposing values (18.5127ms)
✔ both V40 R2 image seams stay inactive for every transport outcome (7.6177ms)
✔ V1-strict keeps completion diagnostics but routes incomplete operation-form candidates (8.9962ms)
✔ V1-strict candidate routing ignores ordinary label discussion (6.8062ms)
✔ V1-strict ordinary label discussion performs no request or local dedupe write (5.7222ms)
✔ V1-strict accepts standalone wrapper titles but ignores wrappers embedded in prose (6.4108ms)
✔ V1-strict response forwards one incomplete form request to the FEATURES gateway (2.9435ms)
✔ V1-strict canonicalizes tolerant label spelling before gateway classification (3.4423ms)
✔ V1_STRICT fixture preserves the canonical V1 bytes across checkout line endings (2.5476ms)
✔ V1_STRICT fixture contains no hard-coded credential value (0.7736ms)
✔ V1_STRICT fixture remains ES5 and Rhino-static warning free (66.9633ms)
✔ V1_STRICT executes the original bot-version reply with or without slash (6.2249ms)
✔ V1_STRICT executes the original user help exactly (3.5533ms)
✔ APPROVED_EXTENSIONS cannot be mislabeled as commands from the V1_STRICT oracle (10.5925ms)
✔ [A01] the unified phone artifact is a readable ES5 single file below 40,000 characters (54.4547ms)
✔ [A02] the final unified artifact has zero Rhino static warning candidates (16.003ms)
✔ [A03] the generated artifact classifies each command into exactly one server profile (1.2789ms)
✔ [A04] callback room, channel and group values are neither read nor transmitted (4.1891ms)
✔ [A05] text transport timeout is no more than five seconds (1.0904ms)
✔ V4 source template is one thin command-family routing client (16.1485ms)
✔ the generated unified phone file is standalone ES5 with one callback (26.6136ms)
✔ builder owns the unified output and refreshes deprecated split fixtures (1.7398ms)
✔ release docs lock one phone, one MessengerBot profile, and two Kakao rooms (3.5731ms)
✔ [C01] each entry sends its own static profile regardless of poisoned callback room values (13.3268ms)
✔ [C02] RECRUIT ignores FEATURES commands locally without a server call (2.2411ms)
✔ [C03] FEATURES ignores RECRUIT commands locally without a server call (2.1181ms)
✔ [C03A] one unified phone bot routes both room command families exactly once (9.1665ms)
✔ [C03C] party template commands including spaced aliases use exactly one server request for a V1 number (3.2619ms)
✔ [C03D] a copied V1 party form without its number returns the exact local guidance (2.183ms)
✔ [C03B] unified bot version is one local reply and never reaches transport (2.71ms)
✔ [C04] malformed slash, URLs and middle slash are rejected before transport (3.3397ms)
✔ [C05] no-logId boot counter gives every independent command a new event ID (2.8233ms)
✔ [C06] one command performs one HTTP execute with a five-second maximum (1.8756ms)
✔ [C05A] logId replay is stable in one boot and isolated across profiles and restarts (3.492ms)
✔ [C05C] phone settings are read from MessengerBot storage once within one request cache (1.2512ms)
✔ [C05B] unified echo suppression checks both room-specific bot display names (1.6296ms)
✔ [C07] one scrim command performs exactly one client-to-server send (7.6956ms)
✔ [C08:WRONG_PROFILE] client exposes the WRONG_PROFILE error category (2.4642ms)
✔ [C08:INVALID_SIGNATURE] client exposes the INVALID_SIGNATURE error category (1.8173ms)
✔ [C08:REPLAY_CONFLICT] client exposes the REPLAY_CONFLICT error category (1.2461ms)
✔ [C08:SERVER_UNAVAILABLE] client exposes the SERVER_UNAVAILABLE error category (1.2845ms)
✔ [C08:INVALID_FORM] client exposes the INVALID_FORM error category (1.2537ms)
✔ [C08A] INVALID_FORM keeps the server parser detail and has a safe fallback (1.3008ms)
✔ [P3-C01] FEATURES entry sends one request for 내전구인 (13.7054ms)
✔ [P3-C02] FEATURES entry sends one request for 내전구인 협곡 2026-09-09 21:30 #2 10명 (1.2995ms)
✔ [P3-C03] FEATURES entry sends one request for 내전구인 칼바람 2026-09-09 21:30 #3 10명 (1.2479ms)
✔ [P3-C04] FEATURES entry sends one request for 내전구인 증바람 2026-09-09 21:30 #4 10명 (1.171ms)
✔ [P3-C05] FEATURES entry sends one request for 내전현황 (1.2792ms)
✔ [P3-C06] FEATURES entry sends one request for 내전상세 2 (1.1669ms)
✔ [P3-C07] FEATURES entry sends one request for 📢 내전하실분 #2 (1.7919ms)
✔ [P3-C08] RECRUIT entry sends one request for 스크림구인 (2.5929ms)
✔ [P3-C09] RECRUIT entry sends one request for [K-LOL.GG 스크림 구인 양식] (8.7947ms)
✔ [P3-C10] FEATURES entry sends one request for 지인 이름: 친구 (4.8915ms)
✔ [P3-C11] FEATURES entry sends one request for 본인 이름 및 닉네임: 홍길동/테스터 (5.6099ms)
✔ [P3-C12] FEATURES entry sends one request for 주최자 이름 및 닉네임: 홍길동/테스터 (1.8755ms)
✔ [P3-C13] FEATURES entry sends one request for 이름 및 닉네임: 신청자/닉 (3.1817ms)
✔ [P3-C14] FEATURES entry sends one request for 등록 (1.2086ms)
✔ [P3-C15] FEATURES entry sends one request for 내전등록 (1.2789ms)
✔ [P3-C16] FEATURES entry sends one request for 경고등록 (1.9428ms)
✔ [P3-C17] FEATURES entry sends one request for 인증 (0.9993ms)
✔ [P3-C18] FEATURES entry sends one request for 경고현황 (2.556ms)
✔ [P3-C19] FEATURES entry sends one request for 결과현황 (2.9123ms)
✔ [P3-C20] FEATURES entry sends one request for 사진취소 (1.4033ms)
✔ [P3-C21] FEATURES entry sends one request for 자동공지 20 (0.9328ms)
✔ [P4-C01] unified 봇버전 is client-only with exact local content (11.0688ms)
✔ [P4-C02] unified 도움말 is client-only with exact local content (3.5853ms)
✔ [P4-C03] unified 구인도움말 is client-only with exact local content (2.1684ms)
✔ [P4-C04] unified 구인웹도우미 is client-only with exact local content (2.296ms)
✔ [P4-C05] every V1 PUBLIC alias is classified by the unified phone with at most one send (56.1496ms)
✔ [P4-C06] malformed slash, URL and middle-slash inputs never enter public transport (137.9189ms)
✔ [P4-I01] V2도움말 never enters public V4 transport (29.1695ms)
✔ [P4-I02] V2진단 never enters public V4 transport (20.637ms)
✔ [P4-I03] V2연동확인 never enters public V4 transport (9.6134ms)
✔ [P4-I04] 연동확인 never enters public V4 transport (27.4077ms)
✔ [P4-I05] V2모집 never enters public V4 transport (27.0805ms)
✔ [P4-I06] V2시즌 never enters public V4 transport (11.6336ms)
✔ [P4-I07] V2양식 never enters public V4 transport (5.999ms)
✔ [P4-I08] V2사진세션 never enters public V4 transport (16.5534ms)
✔ [P4-I09] V2사진취소 never enters public V4 transport (15.5442ms)
✔ [P4-A01] final unified phone artifact is synchronized ES5, under 40k and Rhino-static clean (65.3557ms)
✔ [P4-C01] every public V1 alias passes the correct phone profile with zero-or-one slash (32.2932ms)
✔ [P4-C02] local public replies are exact and never include V2 operator commands (5.3221ms)
✔ [P4-C02A] all actual V41 public command samples pass the matching V4 phone profile (6.5641ms)
✔ [P4-C03] photo and retired preview commands reply locally with no server transmission (2.6673ms)
✔ [P4-C04] internal, unknown, and malformed inputs are rejected before transport (1.8043ms)
✔ [P4-C05] unified entry preserves one send site, five-second timeout, and dynamic family split (1.1642ms)
✔ [P4-C02B] member shortcuts tolerate mobile normalization and reject ambiguous mutations (5.379ms)
✔ V4 private generator creates one ignored paste-ready file without printing secrets (909.9608ms)
✔ [R01] V4 durable receipt and nonce schema is present in the ordered migration ledger (15.5577ms)
✔ [R02] installation, canonical room, key and capability migrations match the runtime schema (11.8353ms)
✔ [R03] V3 and V4 server intake coexist while one V4 entry binds profile-specific installation identity (1.5459ms)
✔ [RESOLVED R04] V4 uses deterministic installation scope without a pairing command (1.8486ms)
✔ [R05] documented Vercel variable names cover the V4 runtime without reading values (0.5087ms)
✔ contract fixture has traceable V1 evidence and all required domains (1.6949ms)
✔ zero or exactly one leading slash routes to the same command (0.6549ms)
✔ double slash, URL slash, separated slash, and middle slash are not commands (0.1691ms)
✔ same installation scope members can edit and finish across sender identities (0.2116ms)
✔ initial party form exposes the three activation fields without participant rows (0.2847ms)
✔ full party forms are authoritative snapshots and allow A→B→A (0.2639ms)
✔ party member shortcuts retain the full-form workflow and current-scope mutation boundary (0.1965ms)
✔ Rift, ARAM, and Augment ARAM preserve their V1 field policies (0.2105ms)
✔ scrim keeps full-form editing and V1 disabled manual lifecycle replies (0.2372ms)
✔ operation forms retain V1 labels, wrappers, missing-field reply, and echo guard (0.8327ms)
✔ registration and warning guidance preserve exact V1 headings and destinations (0.2007ms)
✔ user-facing help excludes V2 diagnostics and raw JSON commands (0.1532ms)
✔ representative record, recent, and ranking replies remain exact V1 fixtures (0.0984ms)
✔ V40 구인도움말 문구와 줄바꿈을 그대로 유지한다 (26.9032ms)
✔ V40 5인파티 생성 응답에 모집번호가 있는 편집 가능한 전체 양식을 유지한다 (7.1258ms)
✔ V40 구인현황 제목과 상세 명령 CTA를 포함한 정확한 응답을 유지한다 (4.387ms)
✔ V40 bare 멸망전스크림 입력을 스크림 명령으로 분류한다 (2.8732ms)
✔ V40 일반 도움말의 제목·항목·줄바꿈을 모든 별칭에서 그대로 유지한다 (24.776ms)
✔ V40 구인 웹 도우미와 구인 도움말을 서로 다른 응답으로 유지한다 (21.5821ms)
✔ V40 등록 센터의 설명과 기존 링크를 모든 별칭에서 그대로 유지한다 (33.004ms)
▶ V40 내전·경고·인증·현황 링크 응답을 그대로 유지한다
  ✔ 내전등록 (38.9563ms)
  ✔ 경고등록 (10.7118ms)
  ✔ 인증 (9.887ms)
  ✔ 경고현황 (12.2842ms)
  ✔ 결과현황 (10.8244ms)
✔ V40 내전·경고·인증·현황 링크 응답을 그대로 유지한다 (83.8463ms)
▶ V40 전적·최근·랭킹의 사용자 표시 정보를 잃지 않는다
  ✔ 전적 (5.3246ms)
  ✔ 최근 (4.2146ms)
  ✔ 랭킹 (5.128ms)
✔ V40 전적·최근·랭킹의 사용자 표시 정보를 잃지 않는다 (15.6657ms)
✔ V40처럼 오픈채팅봇이 출력한 운영 양식은 재접수하지 않는다 (2.6353ms)
✔ V40 운영 양식은 서버가 만든 접수 문구를 그대로 전달한다 (4.535ms)
✔ V40 사진취소 별칭의 사이트 우선 안내 동작을 그대로 유지한다 (6.1979ms)
✔ V40 입장·퇴장·초대·서버 echo 동작을 유지한다 (2.9535ms)
✔ V40 스크림구인은 자동배정 번호와 원래 줄바꿈을 가진 전체 양식을 반환한다 (42.8602ms)
✔ V40 스크림현황은 파티 현황과 섞지 않고 한글 상태와 상세 명령을 표시한다 (7.4721ms)
✔ V40 스크림현황 빈 상태 문구를 정확히 유지한다 (3.6599ms)
✔ V40 스크림상세는 복사 가능한 전체 양식과 수정 안내를 그대로 반환한다 (4.0052ms)
✔ V40 스크림 전체 양식 신규 제출은 즉시 한 번 저장하고 등록 완료만 응답한다 (11.7746ms)
✔ V40 원본 양식은 멸망전번호 없이 서버의 단일 활성 대회 자동 판별을 사용한다 (5.9493ms)
✔ V40 스크림 전체 양식 수정 제출은 별도 확인 없이 같은 번호를 교체 반영한다 (7.467ms)
✔ V40에서 사용 중단된 참가·확정·취소·수동 종료는 원래 안내만 하고 변경하지 않는다 (9.2823ms)
✔ paste-ready V41 bot routes major commands only through the signed V2 transport (11.4156ms)
✔ mobile installer has no Rhino CODE_HAS_NO_SIDE_EFFECTS statement candidates (100.5853ms)
✔ phone transport renders actionable HTTP failure categories (3.133ms)
✔ Kakao pending slot lookup is lifecycle-neutral and only cancels ACTIVE rows (3.0185ms)
✔ 자동 수집한 전체 명령 계약은 slash/무슬래시를 하나의 canonical command로 만든다 (8.8343ms)
✔ V1 호환 파서는 모든 공개 V1 명령에서 slash/무슬래시 분류를 동일하게 유지한다 (16.4687ms)
✔ canonical command 경계는 본문과 Riot ID를 보존하고 slash 오인식을 막는다 (2.0103ms)
✔ 휴대폰 압축본의 V1 무통신 명령은 읽기 쉬운 전체본과 동일하게 응답한다 (25.6099ms)
✔ room and channel callback fields are not used for installation scope (25.7903ms)
✔ installation scope is stable across signing-key rotation and differs across installations (3.7492ms)
✔ delivery identity ignores raw room and channel while binding installation, sender, log, and message (2.6914ms)
✔ opaque sender uses userHash when available and display-name fallback is labeled (1.6374ms)
✔ field diagnostics explicitly use installation scope and retain opaque sender (1.904ms)
✔ response stores a season preview and only the matching one-time code performs SYNC (38.8265ms)
✔ response requires a complete authoritative snapshot scope and supports preview cancellation (6.355ms)
✔ response ignores server echoes and restores legacy guide aliases after full-width normalization (3.7077ms)
✔ response preserves V40 room events, missing-number guidance, and parameterized managed shortcuts (6.636ms)
✔ response keeps an active image session when MessengerBot only exposes a placeholder (6.1135ms)
✔ response routes legacy record, recent, and ranking commands through V2 data while preserving V1 replies (5.0327ms)
✔ response formats scheduled notice aliases as read-only previews (9.0586ms)
✔ response accepts bitmap fallback, reports image progress, and clears terminal or cancelled sessions (18.3258ms)
✔ response exposes a secret-free V2 transport diagnostic (2.8011ms)
✔ response scopes different senders to one installation and ignores broken room parser fields (3.3904ms)
✔ response suppresses a duplicate callback with the same Kakao log identity (3.3062ms)
✔ response entry point keeps representative V1 and V2 replies identical with or without slash (49.6182ms)
✔ raw V2 recruiting JSON is explicitly marked for the server-side operator gate (10.0242ms)
✔ response entry point does not treat slash-only, URL, middle slash, double slash, or slash-space as commands (3.5628ms)
✔ V41 season output uses the site application fields and round-trips as bot input (10.9452ms)
✔ V41 season input accepts the labeled site form and rejects invalid sub positions (3.1396ms)
✔ V41 authoritative sync response reports create, update, cancel and review counts (3.3855ms)
✔ V1 compatibility parser stays ES5, transport-free, and rejects unsafe input (30.7491ms)
✔ all V40 party creation, finish, help, status, and detail aliases are classified (5.6239ms)
✔ party form parser preserves metadata, positions, numbered members, and substitutes (6.4587ms)
✔ party form metadata accepts line endings and colon variants without rewriting values (2.4628ms)
✔ party form tolerates clipped headers, Markdown escapes, attached values, and controlled line wraps (1.8424ms)
✔ inhouse aliases parse mode, date, time, recruit number, and capacity (5.0485ms)
✔ scrim aliases and legacy full form are converted without a transport call (4.151ms)
✔ four operation forms become exact V2 payload shapes with sender fallbacks (5.7648ms)
✔ four legacy 외출 wrappers parse identically and missing fields are explicit (15.8822ms)
✔ registration, warning, result, evidence, status, and photo-cancel aliases are classified (9.2245ms)
✔ V1: 내전구인만 입력하면 종목 선택 안내를 정확히 보낸다 (24.2837ms)
✔ V1: 알 수 없는 내전 종목에만 입력값을 포함한 오류와 선택 안내를 보낸다 (11.0309ms)
✔ V1: 협곡 내전구인은 티어·라인과 빈 칸을 포함한 전체 양식을 정확히 보낸다 (5.2389ms)
✔ V1: 칼바람 내전구인은 이름 전용 전체 양식을 정확히 보낸다 (3.1194ms)
✔ V1: 번호 없는 내전현황은 모든 회차 요약과 내전상세 명령을 정확히 보낸다 (3.1614ms)
✔ V1: 내전상세 번호는 참여자와 빈 칸을 포함한 편집 가능한 전체 양식을 정확히 보낸다 (3.4486ms)
✔ V1: 작성한 전체 신청 양식은 확인 단계 없이 한 번 동기화하고 서버 답변을 그대로 보낸다 (6.4232ms)
✔ V1: 같은 전체 신청 양식이 연속 수신되면 첫 반영 뒤 중복 요청과 중복 답변을 내지 않는다 (4.1783ms)
✔ V1: 빈 전체 양식은 일반·ASCII slash·전각 slash 모두 0명 authoritative sync로 처리한다 (20.4246ms)
✔ V1: 불완전한 빈 양식과 double·URL·중간 slash는 authoritative sync를 실행하지 않는다 (13.6284ms)
✔ 외출 필수값 누락은 항목별 안내만 보내고 서버 제출을 실행하지 않는다 (6.1316ms)
✔ 오류 제목이 이미 포함된 서버 상세는 K-LOL.GG 요청 실패 제목을 중복하지 않는다 (3.7782ms)
✔ legacy party create suppresses a duplicate callback before a second V2 mutation (27.5398ms)
✔ legacy full party form maps positions to slots and synchronizes the existing V2 party (18.636ms)
✔ slash and plain temporary/form flows share server-first metadata fallback and preserve free text (10.3871ms)
✔ 99 재현, 지오, 97 기용 fixtures complete public create, form, and finish flows with or without slash (45.4782ms)
✔ legacy party candidates stay separate from primary capacity (5.2864ms)
✔ legacy finish suppresses a duplicate callback after the party leaves active status (4.3135ms)
✔ same-room users can clear and finish another user's two-digit party while repeated forms stay idempotent (18.2637ms)
✔ failed party mutations return the cause without fetching or appending status (7.3145ms)
✔ successful sync, blank deletion, and finish explain a failed status refresh (16.9596ms)
✔ legacy operation form, inhouse template, and scrim template stay available (22.4733ms)
✔ legacy scrim full form is stored through the typed V2 mutation and replays safely (13.5711ms)
✔ 숫자형 플레이어·미디어 상세는 존재 확인 뒤 canonical UUID로 이동한다 (3.1705ms)
✔ 숫자형 이벤트전·멸망전은 존재 확인 뒤 canonical UUID로 이동한다 (1.8579ms)
✔ 관리자 직접 가져오기는 파일·붙여넣기·비공개 미리보기·재시도 복구를 제공한다 (11.0961ms)
✔ 관리자 로그아웃은 가져오기 복구 namespace만 best-effort로 지운다 (1.2577ms)
✔ 직접 가져오기 API는 예약→bounded body→work gate→private finalize 순서를 지킨다 (0.9813ms)
✔ 검토 UI는 fuzzy 자동 연결 없이 구조화 행별 사람 확인을 요구한다 (3.7107ms)
✔ admin import cancellation is authorized only for ADMIN-source rows (0.9751ms)
✔ match editor exposes only the structured form and traps the void confirmation dialog (7.7902ms)
✔ picker status copy is outside the listbox and visual active row matches aria active descendant (1.0113ms)
✔ submission reject dialog shares the accessible modal behavior (2.0128ms)
✔ submission conflict keeps component identity and adopts only a verified latest revision (0.9948ms)
✔ match editor conflict preserves local input and adopts only a verified latest aggregate (0.9827ms)
✔ match editor save action stays readable in enabled and disabled states (0.9356ms)
✔ OCR route reserves before the process gate and all external work (9.6995ms)
✔ OCR reservation is durable, single-image and replay-first (2.1452ms)
✔ submission approval durably transfers team-balance provenance into the match aggregate (0.8242ms)
✔ ordinary match amendments cannot clear immutable team-balance provenance (0.1903ms)
✔ web submission linkage revalidates draft ownership, lifecycle and selected layout in its transaction (1.1239ms)
✔ match changed outbox carries team-balance provenance in its typed row and payload (0.2ms)
✔ public match detail returns a not-found contract instead of a blank success (3.3259ms)
✔ match submission accepts only an owner-verified selected team-balance draft (0.7686ms)
✔ successful server selection remounts both draft workspaces without resetting local edits (0.1495ms)
✔ 홈과 이미지 상세은 같은 접근 가능한 수동 캐러셀을 사용한다 (3.1047ms)
✔ 캐러셀은 빈 상태를 안전하게 닫고 한 장에는 이동 컨트롤을 숨기며 여러 장에는 직접 이동을 제공한다 (1.2882ms)
✔ 캐러셀은 모바일 비율·44px 조작 영역·모션 감소 설정을 유지한다 (0.4984ms)
✔ 홈 우승 사진은 FK 연결을 우선하고 엄격한 레거시 후보만 보강하며 실제 자산 URL을 사용한다 (0.8637ms)
✔ gallery image load failures keep a clear, accessible fallback in the reserved card area (8.0843ms)
✔ migration journal has contiguous indices, increasing timestamps, and matching SQL tags (5.7504ms)
✔ public MMR page exposes canonical allowlisted filters and bounded projection summaries (1.2472ms)
✔ admin MMR workspace connects protected recalculate, adjustment, players and review states (0.5465ms)
✔ team balance provider selects READY MMR before statistics fallback (2.8162ms)
✔ signed operation-form submit retains raw-body HMAC and durable replay boundaries (7.2673ms)
✔ admin mutation requires ADMIN session, same-origin, If-Match and idempotency (1.4714ms)
✔ admin pages expose filtered empty/error/unavailable states and compatibility routes (2.2691ms)
✔ public operations endpoints expose bounded settings and minimum health only (4.5314ms)
✔ admin mutations and downloads retain strong server authorization boundaries (2.5075ms)
✔ internal maintenance requires a signed job and never accepts session authorization (2.8178ms)
✔ Vercel schedules statistics and daily Kakao close through protected GET boundaries (2.5752ms)
✔ route groups are removed while concrete and dynamic segments become canonical URLs (43.4421ms)
✔ route fixtures override parameter fixtures and every missing dynamic fixture fails immediately (1.7756ms)
✔ recommendation query variants reject a malformed transcribed draft fixture (0.6979ms)
✔ capture sessions are isolated by authentication boundary (0.9851ms)
[capture-plan] 1 page files -> 4 capture targets at C:\Users\sjh11\AppData\Local\Temp\klol-capture-cli-5kgSlj\nested\capture-plan.json
✔ the CLI contract reads a fixtures JSON file and creates its output directory (34.3458ms)
✔ the repository plan covers every page once, resolves IDs and adds reviewed variants (151.0485ms)
✔ 사용자·관리자 상세 화면은 저장소 오류 상태에서도 페이지 제목과 상태 의미를 유지한다 (2.9455ms)
✔ 공용 미디어 편집 화면도 저장소 오류 상태에서 페이지 제목을 유지한다 (0.464ms)
✔ 챔피언 이미지 projection은 0025 적용 전에도 공개 통계·목록 조회를 유지한다 (1.637ms)
✔ 플레이어 공개 프로필은 실제 경기 KDA와 신청 포지션 배치·팀 밸런스 점수를 함께 설명한다 (2.4427ms)
✔ 공개 Riot 읽기는 API·RSO 비밀 구성과 분리되고 UI가 미연동·대기·오류를 구분한다 (0.6487ms)
✔ 플레이어 검색어는 문자열·배열·미입력을 하나의 안전한 문자열로 정규화한다 (0.7861ms)
✔ 중복 q 파라미터 배열은 첫 값으로 정규화되어 trim 오류를 만들지 않는다 (0.2043ms)
✔ 검색 유스케이스는 PlayerRepository 포트를 통해 주입된 구현만 호출한다 (0.6698ms)
✔ PWA manifest and layout publish the expected install contract (8.0743ms)
✔ service worker caches static public assets only (1.0231ms)
✔ install icons exist and are not empty (1.212ms)
✔ 공개 구인 카드와 API DTO는 참여자 표시 정보만 노출한다 (4.1091ms)
✔ 내전 등록·상세 UI는 경기 시간을 입력하거나 표시하지 않는다 (0.806ms)
✔ 이벤트 대회와 멸망전은 목록·필터·신청 CTA·관리 흐름을 독립 경로로 유지한다 (2.2962ms)
✔ Kakao pending API splits ADMIN reads from SUPER TOTP mutations (7.6573ms)
✔ pending operator UI uses bounded filters, a player picker and revision-safe commands (1.3761ms)
✔ public season applications expose Kakao-started recruit rounds without leaking pending identities (3.6844ms)
✔ feature-gated site assistant is mounted globally and uses protected AI contracts (1.4459ms)
✔ site feature access fails closed for missing or unreadable settings (2.066ms)
✔ registration feature protects both its page and mutation before credential work (0.7059ms)
✔ match submission feature keeps reads available but guards every owner mutation (2.2343ms)
✔ Kakao help feature controls its public guide without exposing configuration (0.9316ms)
✔ recruit guide teaches participation and guarded edits before optional creation (0.9213ms)
✔ recommendation APIs keep owner/admin scope and the team-balance feature boundary (5.6827ms)
✔ team-balance pages expose recommendation views and fail closed with the site switch (2.3493ms)
✔ 랜덤 팀 화면은 도메인 계산과 입력·빈·오류·결과·복사·초기화 상태를 연결한다 (1.1841ms)
✔ 코인 토스 화면은 제작 영상과 상태머신·fallback 공개 경로를 함께 둔다 (4.0368ms)
✔ 공개 도구 페이지에는 상호 이동과 canonical metadata가 있다 (0.907ms)
✔ 팀 밸런스 화면은 승인 계정, 10명 입력, V1 단일 추천·공유·수동·저장·재평가 수명주기를 연결한다 (2.3287ms)
✔ 팀 밸런스 후보 API는 승인 계정과 안전한 서버 검색·신청 그룹 경계를 사용한다 (0.4342ms)
✔ 시작 페이지는 익명·계정 상태·승인 계정·관리자 진입을 구분한다 (1.2035ms)
✔ Riot 도움말은 운영 연동 제한과 공개·비공개 범위를 안내한다 (0.3188ms)
✔ 설치 화면은 install prompt와 iOS·Android PWA·개인 캐시 금지를 구분한다 (0.7362ms)
✔ 사용자 shell은 skip target, landmark, modal search, 모바일 5개 진입점을 제공한다 (7.8698ms)
✔ 전체 메뉴는 로그인 상태에 맞지 않는 계정·인증 경로를 숨긴다 (0.783ms)
✔ 일반 로그인은 홈으로 돌아가고 로그인된 헤더·모바일 메뉴는 내 정보를 표시한다 (1.3738ms)
✔ V2 UI는 실제 운영 데이터가 없을 때 합성 샘플을 사용자 화면에 연결하지 않는다 (0.8466ms)
✔ 사용자와 관리자 로그아웃 UI는 세션 폐기 성공 뒤에만 로그인 화면으로 이동한다 (1.0521ms)
✔ 관리자 계정 상세는 저장소 장애를 존재하지 않음 404로 축소하지 않는다 (0.9747ms)
✔ 모바일 관리자 메뉴에서도 현재 역할과 안전한 로그아웃을 제공한다 (0.8535ms)
✔ 관리자 로그인 1단계는 존재하지 않는 TOTP 필드를 null로 보내지 않는다 (0.5353ms)
✔ 계정 작업 UI는 stale revision에서 최신 projection을 읽고 안내를 유지한다 (1.3214ms)
✔ 일회성 비밀번호는 숨김·BFCache 복귀·명시적 닫기에서 메모리와 안내를 함께 종료한다 (1.0091ms)
✔ 내 계정 플레이어 탭은 대기 claim과 거절 claim을 구분한다 (0.5202ms)
✔ 내 계정 상태 안내는 공개 사유가 없을 때도 상태별 기본 문구를 구분한다 (0.463ms)
✔ 계정 시각은 공통 Asia/Seoul 24시간 포맷터를 사용한다 (1.4568ms)
✔ 가입·본인 비밀번호 변경 UI는 성공과 pagehide에서 비밀번호 fingerprint ref를 즉시 비운다 (1.6318ms)
✔ 정적 마감 대상의 native button은 submit 여부를 명시한다 (229.8433ms)
✔ 이벤트 운영 폼은 내부 UUID나 JSON 복사를 요구하지 않는다 (1.2684ms)
✔ 완성된 메뉴와 관리자 검색은 과거 단계 문구를 노출하지 않는다 (0.4305ms)
✔ Riot ID의 게임 이름과 태그는 각각 이름을 가진다 (0.2799ms)
✔ 전체 화면 효과는 공개·관리자 범위를 구분하고 동적 화면에도 재사용된다 (1.3425ms)
✔ 전역 효과 CSS는 감속 모드·정밀 포인터·강제 색상 경계를 유지한다 (0.4988ms)
ℹ tests 416
ℹ suites 0
ℹ pass 416
ℹ fail 0
ℹ cancelled 0
ℹ skipped 0
ℹ todo 0
ℹ duration_ms 1772.3124

> klol-gg-v2@0.1.0 test:unit
> tsx --test tests/*.test.ts

✔ KST date-time formatting is deterministic and never uses AM/PM (1.7155ms)
✔ one-time secret response is discarded after any hidden-page boundary (0.184ms)
✔ initial pageshow does not invalidate a request, while history restoration does (0.1423ms)
✔ every account conflict reason has an explicit safe actionable HTTP problem (0.7859ms)
✔ recovery response timing applies the same bounded floor with injectable time (0.3104ms)
✔ signup is an exact agreement-bound contract with NFKC lowercase identities (2.7546ms)
✔ login and password change reject extra keys, controls, reuse, and weak passwords (0.3878ms)
✔ own player edit accepts only Riot ID and supported tier fields (0.7742ms)
✔ claim approval requires an exact explicit manual-review acknowledgement shape (0.5641ms)
✔ sensitive administrator mutations require an exact typed target login id (0.4187ms)
✔ admin account list query is canonical, bounded, and rejects duplicates or controls (0.5733ms)
✔ password verification identifies legacy bcrypt and new scrypt with dummy work for unusable hashes (212.924ms)
✔ safe next accepts only normalized same-origin paths (1.2183ms)
✔ account next rejects ambiguity, browser normalization tricks, and administrator paths (0.3313ms)
✔ login limiter caps attempts by normalized login and resets after its window (1.5563ms)
✔ login work gate releases capacity exactly once (0.2154ms)
✔ rate-limit IP keys trust only Vercel's anti-spoofing header on Vercel (32.3524ms)
✔ mutation guard requires an exact same origin (1.7973ms)
✔ body guard stops reading after the byte limit (2.901ms)
✔ invalid gallery files do not consume the five valid upload slots (1.508ms)
✔ gallery file planning applies remaining capacity after validation (0.2361ms)
✔ short-lived gallery upload reports are bounded before display (0.3294ms)
✔ administrator parity ledger accounts for all 81 V1 pages exactly once (1.6641ms)
✔ administrator transition decisions preserve the approved totals (2.4977ms)
✔ runtime parity ledger cannot drift from the reviewed route map (0.8167ms)
✔ every destination stays inside the reviewed administrator or operations-doc boundary (0.3769ms)
✔ legacy administrator routes resolve only to reviewed same-origin destinations (1.3437ms)
✔ target interpolation rejects missing parameters and non-local destinations (0.5231ms)
✔ 관리자 대상 선택기 검색은 bounded query와 선택 유지 ID만 허용한다 (2.6496ms)
✔ 관리자 대상 선택기는 짧은·중복·미허용·bidi·잘못된 include를 거부한다 (0.3449ms)
✔ TOTP lifecycle payloads are self-only and accept exactly one six-digit code (1.1914ms)
✔ generated TOTP secrets contain 160 random bits in canonical base32 form (0.5119ms)
✔ TOTP credential fingerprint binds every encrypted envelope field (1.7695ms)
✔ fixture authentication requires a live short-lived verifier proof on loopback (15.5894ms)
✔ production session cookies are Secure even when transport inference is false (0.2616ms)
✔ account and administrator elevation cookies coexist with purpose-bound lifetimes (0.1248ms)
✔ JWT decode rejects oversized attacker input before JOSE parsing (0.3924ms)
✔ administrator IA exposes exactly ten unique protected workspaces (2.5093ms)
✔ every administrator workspace has a canonical App Router page (0.9186ms)
✔ active workspace matching does not make the dashboard match every route (0.1998ms)
✔ dashboard leaves a real work destination available (0.1482ms)
✔ versioned keyrings require explicit current 32-byte keys (1.7314ms)
✔ database authentication fails closed when any required runtime value is missing (0.4239ms)
✔ AES-256-GCM TOTP envelope binds ciphertext to account and key version (1.1517ms)
✔ session signing keyring writes current kid and still verifies retained prior keys (25.2343ms)
✔ session codec round-trips only the minimal signed claims (28.932ms)
✔ session codec generates a unique required jti for every issuance (3.4767ms)
✔ session codec rejects tampering, expiry, and a different secret (4.8518ms)
✔ session codec requires iat and enforces the 30 minute lifetime contract (5.0299ms)
✔ session codec pins issuer, audience, algorithm, and rejects future issuance (4.3759ms)
✔ authorization distinguishes missing role and missing admin TOTP (0.275ms)
✔ account sessions are limited by status and never become administrator elevation (0.7249ms)
✔ codec accepts seven-day ACCOUNT sessions but rejects seven-day ADMIN sessions (2.1154ms)
✔ session is revoked when account state, role, or authVersion changes (0.2881ms)
✔ admin login requires password, TOTP, and rejects code replay (261.8846ms)
✔ non-admin and pending accounts cannot obtain an admin session (149.1768ms)
✔ missing TOTP decryption key is exposed only after the password is verified (132.5347ms)
✔ canonical selector parser preserves one reviewed value (1.2023ms)
✔ canonical selector parser rejects duplicates, unknown keys, and unreviewed values (0.1758ms)
✔ legacy application and season review destinations render distinct canonical states (0.567ms)
✔ champion identity and public DTO are canonical and allowlisted (2.25ms)
✔ ADMIN TOTP create, update and deactivate preserve history (4.4681ms)
✔ exact receipt replay returns before aggregate lock (0.6247ms)
✔ authorization and immutable body tampering fail closed (1.1145ms)
✔ outbox failure rolls aggregate, audit and receipt back together (3.719ms)
✔ champion HTTP boundary binds exact input, session, revision and idempotency (28.5395ms)
✔ 173-row V1 fixture maps every NULL portrait to a unique official URL (3.5115ms)
✔ backfill blocks duplicate identities and unmatched rows (0.5069ms)
✔ pinned Data Dragon catalog contains 173 unique official champions (0.8819ms)
✔ home splash chain keeps high-resolution artwork ahead of icon and stored fallback (0.8334ms)
✔ resolver uses official ids for canonical, legacy, numeric and Korean lookups (0.2165ms)
✔ all generated portrait URLs use the pinned official version (0.32ms)
✔ candidate chain prefers official identity, then validated stored URL, then text fallback (0.2487ms)
✔ champion list query is strict, bounded, and public status cannot be overridden (3.9025ms)
✔ admin DTO exposes revision and status but no hidden account or storage fields (1.3398ms)
✔ event lifecycle follows its explicit path and restores only its recorded cancelled state (1.8495ms)
✔ event lifecycle cannot complete without a confirmed final or leave a terminal state (0.1637ms)
✔ destruction lifecycle gates auction, preliminary, four-team tournament, and final (0.235ms)
✔ rosters enforce five unique players, positional coverage, ARAM semantics, and one captain (0.5062ms)
✔ best-of results require an exact clinching score and a consistent winner (0.2964ms)
✔ single elimination seeding is canonical and creates replayable bye/source-fixture structure (2.2446ms)
✔ bracket advancement is deterministic, idempotent, and rejects overwrites or premature results (0.8268ms)
✔ round robin schedules each pair exactly once without same-round double booking (0.5519ms)
✔ group round robin is group-key canonical and prevents cross-group duplicates (0.3355ms)
✔ standings rebuild from the full confirmed fixture set with V1-compatible canonical ties (0.5857ms)
✔ command envelope and receipt validators bind actor purpose, optimistic revision, and digests (2.1502ms)
✔ audit and outbox contracts reject secret-bearing or incoherent records (0.3963ms)
✔ competition display projections prefer human labels and never fall back to raw identifiers (0.8763ms)
✔ event result gallery can be linked only during or after play (3.2821ms)
✔ POSITION applications upsert, retain identity, cancel, and reactivate only inside recruitment (1.5664ms)
✔ ARAM applications reject position claims and accept positionless entries (0.2932ms)
✔ admin import is atomic at the aggregate boundary and recruitment closes with exactly ten active entries (0.5545ms)
✔ event consumes the S06 balance port shape and validates two complete five-person rosters (1.2454ms)
✔ seeded bracket derives the champion, supports correction, and completes with an event participant MVP (1.3865ms)
✔ correcting an upstream result preserves the other branch and explicitly invalidates downstream results (0.8401ms)
✔ cancellation recovery restores only the recorded phase and public DTOs omit private ownership data (1.3541ms)
✔ command handler rechecks authorization in-transaction and commits aggregate, audit, outbox, then receipt (3.2686ms)
✔ authorized idempotency replay skips aggregate work and a mismatched fingerprint fails closed (0.8241ms)
✔ command handler rejects stale expected revisions before any aggregate write (0.4556ms)
✔ command metadata cannot downgrade admin commands or detach owner intent from the player (0.5868ms)
✔ competition saved views only accept one allowlisted type (1.0067ms)
✔ event application deep link rejects unrelated and repeated values (0.2561ms)
✔ destruction detail deep links retain only valid section-bound values (1.0962ms)
✔ administrator live auction view requires the complete exact pair (0.2057ms)
✔ requires the exact destructive cutover acknowledgement and PostgreSQL URL (1.8651ms)
✔ orders read-only preflight, migration, and one repeatable-read import transaction (11.6346ms)
✔ rolls back the import transaction and closes the pool on phase failure (0.5737ms)
✔ rolls back read-only preflight before migration when the source check fails (0.3523ms)
✔ V1 events preserve participant ownership, team membership and a canonical import revision (4.8974ms)
✔ V1 event winners are replayed through the deterministic V2 bracket (1.2122ms)
✔ V1 destruction preserves four validated rosters, applications and auction balances (2.8928ms)
✔ lossy cancellation and in-flight auction states fail closed while gallery linking is deferred (1.1188ms)
✔ empty source imports are rerunnable and never control the caller transaction (1.2244ms)
✔ core record import is externally transactional and idempotent (3.8669ms)
✔ core record import uses qualified V1 sources and the shared legacy UUID mapping (0.367ms)
✔ core integrity sends an escaped Data Dragon allowlist to PostgreSQL (0.5706ms)
✔ integrity failure stops before the first write (0.6124ms)
✔ imports supported discipline and public Riot projections (2.1872ms)
✔ a clean rerun inserts no rows and still reconciles (0.3297ms)
✔ rejects an actor that cannot own imported discipline records before writes (0.5642ms)
✔ does not silently drop discipline task states that need evidence migration (0.2061ms)
✔ rejects Riot summaries that cannot be represented without a safe link (0.2435ms)
✔ throws when imported extension rows fail reconciliation (0.2611ms)
✔ imports V1 accounts and players through deterministic legacy mappings (2.5837ms)
✔ a clean rerun inserts nothing and still reconciles (0.2461ms)
✔ fails before writes when source identity data is unsafe (0.4897ms)
✔ throws on missing relationships so the caller transaction can roll back (1.8525ms)
✔ throws when target legacy IDs or core relationships do not reconcile (0.4289ms)
✔ imports public media URLs and inhouse private-asset metadata without secret blobs (4.785ms)
✔ legacy public URLs remain visible through the V2 media projection (0.46ms)
✔ a clean rerun inserts or relinks nothing and still reconciles (0.4279ms)
✔ rejects unsafe gallery URLs before the first write (1.0095ms)
✔ throws when imported metadata does not reconcile (0.313ms)
✔ projects only bounded Kakao feature settings and records excluded operational row counts (1.8251ms)
✔ a clean rerun does not rewrite the already reconciled settings projection (0.5742ms)
✔ rejects invalid_actor before any target mutation (0.7575ms)
✔ rejects invalid_settings_root before any target mutation (0.1553ms)
✔ rejects invalid_boolean_settings before any target mutation (0.2311ms)
✔ rejects invalid_max_message_length before any target mutation (0.132ms)
✔ fails closed when the target does not exactly reconcile (0.2698ms)
✔ the preservation policy explicitly excludes logs, secrets, transient jobs and caches (0.1697ms)
✔ imports parties and normalized operation forms idempotently in the caller transaction (5.8627ms)
✔ uses qualified V1 sources, full target UUID kinds, and parameterized reviewer identity (1.115ms)
✔ blocks malformed dates and members before any target write (1.2982ms)
✔ rejects invalid or non-SUPER cutover actors (0.4795ms)
✔ reconciliation failure asks the caller to roll back (0.3724ms)
✔ documents V1 party, operation-form, and scrim schema gaps (0.2435ms)
✔ season applications, saved drafts, and MMR projections import idempotently (4.7752ms)
✔ uses fully-qualified source tables and deterministic full target UUID kinds (0.3625ms)
✔ unrepresentable source data fails before the first target write (0.5705ms)
✔ preflight explicitly covers missing draft owners, nullable legacy game IDs, and review provenance (0.2584ms)
✔ source/target count mismatch requests caller rollback (0.4084ms)
✔ complete uses ADMIN intent, expectedRevision, one atomic audit/outbox/receipt commit, and replay (7.4732ms)
✔ idempotency conflicts, stale revisions, account sessions, and scope drift fail closed (1.3613ms)
✔ cancel and restore retain only the recorded lifecycle recovery state (0.8399ms)
✔ public DTO is an explicit allowlist without cancellation reason, raw votes, audit, or session material (0.3804ms)
✔ application port types retain JSON-safe public response material (0.281ms)
✔ the eight preliminary configurations derive BO1/BO3 and enforce viable lane capacity (3.3454ms)
✔ captain points use the versioned arithmetic boundary: subtract, round to ten, clamp (0.371ms)
✔ owner/admin cancellation intent is explicit and cannot cancel another user's application (0.8527ms)
✔ captain confirmation and seeded auction preserve draw, balance, roster, and position invariants (11.9038ms)
✔ preliminary standings always rebuild from the full fixture set and seed four finalists (3.0258ms)
✔ a replacement changes only the current roster and cannot rewrite an existing fixture snapshot (2.6595ms)
✔ match-wide MVP voting bans self votes, requires ten voters, and limits tie revotes (1.0935ms)
✔ the common bracket can finish semifinal and final fixtures for destruction completion (0.6929ms)
✔ destruction list query is an explicit single-value allowlist (1.6786ms)
✔ admin parser covers lifecycle commands and rejects unknown or extra material (1.1241ms)
✔ service binds owner identity, request fingerprint and SUPER-sensitive intent server-side (2.2542ms)
✔ HTTP mutation boundary requires same origin, If-Match and Idempotency-Key (34.8111ms)
✔ owner submission rechecks authorization and binds a READY private asset atomically (5.4742ms)
✔ exact replay returns the durable body without touching the task or asset (0.6549ms)
✔ missing private asset and failed authorization use existence-masked errors (0.8607ms)
✔ outbox failure rolls task, audit, outbox and receipt back together (0.4019ms)
✔ review requires an ADMIN-purpose TOTP recheck and approves the exact evidence batch (1.1603ms)
✔ tampered immutable request body fails before the transaction (0.6302ms)
✔ identity prioritizes account then player and normalizes direct identity (0.9569ms)
✔ warning policy preserves V1 counts and deterministic oldest-first conversion (0.9675ms)
✔ three active warnings create one review and an existing pending review suppresses duplicates (0.4547ms)
✔ owner evidence submission reaches review only at the exact required count (0.6384ms)
✔ rejection creates a batch boundary and requires a complete fresh batch (0.2139ms)
✔ stale, non-owner, duplicate, expired and invalid review operations fail closed (0.7402ms)
✔ public discipline DTO contains aggregate counts only (1.7683ms)
✔ discipline admin input parsers keep a closed field allowlist (1.4054ms)
✔ review and cancellation bodies reject ambiguous shapes (0.238ms)
✔ event public query rejects duplicate and unknown filters (1.5512ms)
✔ event service creates a server-fingerprinted command and rejects unstable identifiers or even BO (2.7362ms)
✔ own application requires a stable participant UUID so retry fingerprints cannot drift (0.5876ms)
✔ event gallery command accepts only an exact nullable gallery identifier (0.4929ms)
✔ 익명 전역 검색은 공개 canonical 기능만 반환한다 (0.8918ms)
✔ 팔레트 바로 가기는 실제 canonical 사용자 페이지 안에서만 구성된다 (0.7852ms)
✔ 로그인 전역 검색은 페이지·도구·콘텐츠·계정 키워드를 정규화해 찾는다 (2.1396ms)
✔ 플레이어 검색은 공백을 정리하고 URL 구성요소를 안전하게 인코딩한다 (0.4117ms)
✔ 홈의 서로 다른 공개 피드는 시간 역순과 ID tie-break로 결정적으로 합쳐진다 (16.0681ms)
✔ 홈 피드 제한은 음수와 비정수 값을 거부하고 0은 빈 피드를 만든다 (0.6328ms)
✔ 홈 멸망전 우승 갤러리는 FK 연결을 우선해 중복 제거하고 게시일 역순과 최대 개수를 지킨다 (0.5629ms)
✔ 오늘의 챔피언은 KST 날짜·활성 목록에 대해 SSR에서도 결정적이고 다음 날 변경된다 (12.414ms)
✔ 오늘의 챔피언 문구와 챔피언별 개별 재구성 이미지를 연결한다 (0.8868ms)
✔ 홈 안내 허용 목록은 공식 매핑을 통과한 여성 챔피언 68명과 고유 문구를 갖는다 (1.647ms)
✔ 특례 네 챔피언은 포함하고 Kindred와 남성·미확인 후보는 기본 거부한다 (0.2416ms)
✔ 레거시 키는 표시 이름으로 canonicalize하며 같은 공식 챔피언을 한 번만 선택한다 (0.2959ms)
✔ trace IDs accept only non-zero 32-digit hexadecimal values (1.0406ms)
✔ traceparent parsing pins version 00 and rejects ambiguous or zero identifiers (0.2275ms)
✔ validated trace extraction does not fall back around a malformed traceparent (19.6011ms)
✔ public problem definitions reject unsafe public fields (0.5669ms)
✔ problem responses expose only the fixed public contract and validated trace ID (3.2608ms)
✔ forged problem objects fall back without leaking stack, SQL, or extra fields (0.9255ms)
✔ no-store response helpers enforce API security headers over caller overrides (0.5949ms)
✔ JSON content types allow UTF-8 JSON and structured +json only (0.3008ms)
✔ JSON body reader preserves split UTF-8 code points and reports actual bytes (3.0468ms)
✔ JSON body reader separates media type, empty body, UTF-8, and JSON errors (1.8854ms)
✔ JSON body reader rejects duplicate decoded object keys at every nesting level (1.0938ms)
✔ JSON body reader enforces declared and streamed byte limits (2.2035ms)
✔ JSON body reader rejects malformed and mismatched Content-Length (0.6436ms)
✔ JSON body reader reports stream failures and rejects unsafe limit configuration (0.5572ms)
✔ JSON body reader cancels a rejected unread stream without exposing its data (0.1777ms)
✔ problem mappings keep parser failures on the reviewed public catalog (0.1668ms)
✔ Idempotency-Key parsing is strict, bounded, and case preserving (0.2653ms)
✔ idempotency hash material is deterministic and domain separated (0.3686ms)
✔ revision parsing accepts canonical non-negative safe integers including schema default 0 (0.1885ms)
✔ If-Match parsing requires one strong integer revision ETag (0.2966ms)
✔ pagination parsing applies defaults and explicit upper bounds (0.3024ms)
✔ pagination rejects duplicate, ambiguous, oversized, and attack-shaped values (0.239ms)
✔ pagination rejects unsafe parser configuration (0.1417ms)
✔ Kakao operation settings accept only bounded secret-free fields (1.4915ms)
✔ Kakao runtime configuration exposes booleans, never secret values (0.2963ms)
✔ Kakao message policy normalizes before applying the stored length limit (0.181ms)
✔ Kakao admin tab query accepts only allowlisted keys for the selected tab (0.2416ms)
✔ sensitive Kakao admin tabs require SUPER_ADMIN while operating tabs remain ADMIN (0.1712ms)
✔ party member statistics search is normalized and bounded (0.3496ms)
✔ Kakao assistant accepts only exact bounded search and read commands (2.6198ms)
✔ Kakao season snapshots require exact bounded participant slots and positions (1.7368ms)
✔ Kakao season command access keeps submit and status member-safe while force cancel stays trusted (0.127ms)
✔ managed forms route only the explicit operation-form command (0.1981ms)
✔ Kakao image receive requires an owner-created opaque session and exact bounded fields (0.4268ms)
✔ player search DTO is an explicit public allowlist (0.1919ms)
✔ form codes are readable ASCII and normalize mobile fullwidth/lowercase input (0.8605ms)
✔ snapshot expiry is precisely the next 06:00 KST, including month/year boundaries (1.812ms)
✔ identical canonical snapshot objects reuse their hash while row order remains significant (2.1804ms)
✔ snapshot storage rejects non-JSON, oversize and pathological nested originals before querying (23.5165ms)
✔ old-day, invalid scope and invalid code cannot read or issue snapshots (1.7255ms)
✔ guarded old name-only rows reach snapshot validation while new forms still require lanes (9.4776ms)
✔ legacy copies preserve current lanes and protected rows and do not resurrect removed entries (2.4478ms)
✔ name-only additions, replacements, moves and stale draft guesses never bypass mandatory lanes (0.3397ms)
✔ legacy compatibility retains explicit deletion, replacement protection and field conflicts (0.346ms)
✔ latest formatter sorts reserve gaps, prints one start phrase and makes no-change distinct from new registration (1.457ms)
✔ modern form round-trips empty metadata and all requested Rift line syntaxes (12.8787ms)
✔ Rift missing lines, duplicate names and incomplete copies never become mutations (4.7513ms)
✔ detail preserves aliases and reserve gaps and closed details cannot act as editable forms (0.797ms)
✔ member guidance distinguishes no match, many matches and unverified match without claiming nonmembership (0.3893ms)
✔ overview stays a list for one round, counts guests, and filled message uses mutation result only (0.6614ms)
✔ copy merge preserves concurrent additions, applies deletion and field edits, and protects SITE entries (1.1988ms)
✔ line errors are actionable without calling storage; saved result survives overview read failure (2.4088ms)
✔ R24 compact party form keeps the complete saved-result envelope copyable with one new name (22.1061ms)
✔ R24 fresh party templates need only a name and retain unknown time explicitly (4.4168ms)
✔ compact forms preserve jamo through parsing and storage and sort sparse reserve display slots (2.3536ms)
✔ R24 compact party forms cannot fall back to unguarded legacy parsing when the code is removed (2.483ms)
✔ the full legacy party detail can add a name without changing existing members or its saved identity (2.1352ms)
✔ copyable forms retain literal metadata, sparse reserve slots, and reserve display names (0.8812ms)
✔ resubmitting the current unchanged full form preserves the aggregate and revision (1.4309ms)
✔ line-party copies preserve stored slot names when old position metadata is missing or inconsistent (3.3394ms)
✔ metadata mentioning another recruitment title does not become a second form title (2.2919ms)
✔ custom stored titles remain visible in status while copy forms use the stored party type and capacity (2.7984ms)
✔ detail header and summary identity conflicts are ambiguous and never canonicalize (8.444ms)
✔ out-of-range detail identifiers and capacities are rejected (1.9794ms)
✔ ADR0011 overview includes all 99 numbers, bounds only summaries and keeps drafts private (12.2382ms)
✔ ADR0011 blank numbered draft round-trips CRLF and an optional display separator (6.9373ms)
✔ party parser keeps raw slot intent across Kakao punctuation variants (5.9325ms)
✔ party parser accepts clipped headers and an adjacent wrapped slot value (1.149ms)
✔ display values keep compatibility jamo while form numbers and codes retain width compatibility (0.6548ms)
✔ display separators never become metadata or a participant and blank rows remain explicit (1.3854ms)
✔ metadata is order independent, multiline, and keeps absent separate from empty (1.0858ms)
✔ V1 line-party position fixtures keep canonical positions (0.4135ms)
✔ duplicate, merged, missing, and multiple-number structures are diagnosed without last-wins parsing (1.8004ms)
✔ recoverable, rejected, and ordinary text decisions remain distinct (5.5335ms)
✔ numbered primary rows must stay within the submitted capacity even when empty (9.0139ms)
✔ saved form references require one concrete recruit number and cannot request automatic creation (5.8583ms)
✔ only EXACT party forms become SYNC while parsed title and slot states reach canonical payload (2.8348ms)
✔ metadata-only party activation forms accept slash and keep organizer separate from members (0.7626ms)
✔ the reported #11 party template classifies as one metadata activation snapshot (2.2726ms)
✔ generated operating day wins across the 06:00 boundary while legacy forms keep fallback behavior (0.9417ms)
✔ 내전/스크림 번호ㅉ 명령은 slash 유무와 관계없이 현재 운영일 FINISH로 canonicalize된다 (12.116ms)
✔ 다른 sender도 같은 installation/room의 내전 번호를 마감하고 최신 내전현황을 받는다 (1.0763ms)
✔ 다른 sender도 같은 installation/room의 스크림 번호를 마감하고 최신 스크림현황을 받는다 (1.2769ms)
✔ 동일 event replay는 내전 마감 한 번과 스크림 종료 안내를 재사용한다 (1.7506ms)
✔ room capability profiles are exclusive and exposed as authorization policies (1.3825ms)
✔ site notices are OFF by default and require an explicit target and identity (1.0827ms)
✔ notice source scope matches the real FEATURES inhouse router and rejects PARTY scope (1.2999ms)
✔ notice signatures bind action, exact target and installation with a separate protocol (0.5831ms)
✔ bounded envelope rejects arbitrary payload, room names and malformed ACK (0.4607ms)
✔ site notices expire by recruiting-day rollover and unverified filter is distinct (2.6821ms)
✔ HTTP boundary authenticates before DB access, rejects replay and never caches (62.9303ms)
✔ V1 strict record always shows season/tier and the canonical multi-game recent line (1.0594ms)
✔ V1 strict recent, missing player, and empty ranking preserve the canonical copy (0.2178ms)
✔ V1 strict operation and season empty replies keep public V1 labels (0.7996ms)
✔ V1 strict season STATUS keeps canonical zero, one, and multiple-round results (0.1838ms)
✔ V1 strict season DETAIL keeps the full existing form and empty missing result (0.1406ms)
✔ V1 strict scrim time keeps an explicit M/D instead of forcing the operation date (6.6991ms)
✔ V1 strict scrim time accepts 오전/오후 and H시 forms (3.2053ms)
✔ V1 strict scrim time preserves free text without exposing its internal memo carrier (0.392ms)
✔ strict V1 and ordinary V4 reserve copyable drafts and return the overview after saving (5.5806ms)
✔ strict V1 detail is the full copyable form without repeated command guidance (0.5546ms)
✔ party overview keeps full, started and large parties in numeric order (1.0978ms)
✔ strict V1 missing detail uses the canonical not-found reply (0.2485ms)
✔ strict V1 missing scrim detail uses the canonical success reply while ordinary V4 stays not-found (1.0955ms)
✔ strict V1 scrim status and detail preserve a free-text legacy start time (0.774ms)
✔ Kakao HTTP verification reports allowlisted internal reasons without weakening the generic boundary (58.7595ms)
✔ V2 installation fingerprint is inside the HMAC material (1.0441ms)
✔ V3 binds installation key id, delivery id, and bot version inside the HMAC material (1.7311ms)
✔ legacy party and scrim mutations fail closed with an explicit V2 successor and no redirect (14.0546ms)
✔ 내전과 스크림 빠른 추가·삭제는 슬래시, 모바일 공백과 제한된 오타를 허용한다 (12.8853ms)
✔ 협곡 내전 빠른 추가는 이름만 또는 티어·라인 전체 입력을 모두 허용한다 (4.7828ms)
✔ 내전 전체 양식은 일반 명단과 예비 명단을 함께 동기화한다 (9.5101ms)
✔ 빠른 추가·삭제는 명확한 번호와 한 명의 안전한 이름만 허용한다 (2.9749ms)
✔ 내전 명령도 파티·스크림과 같은 오전 6시 운영일을 사용한다 (0.5285ms)
✔ 내전·스크림 생성은 DRAFT 번호를 먼저 예약하고 실제 번호가 든 양식만 응답한다 (7.9581ms)
✔ 내전 안내 문구는 공지가 아니며 스크림 빈 예약 양식은 활성화 명령이 되지 않는다 (4.3702ms)
✔ 내전·스크림 빠른 추가는 이름을 서버 명령으로 보내고 최신 명단을 함께 응답한다 (3.4531ms)
✔ classifier exposes a complete canonical/profile matrix (1.4976ms)
✔ all 101 V41 parity samples classify with zero-or-one slash equivalence (33.2486ms)
✔ the V1 compatibility fixture routes all classify into the six canonical families (9.924ms)
✔ double slash, URL slash, separated slash, and middle slash stay UNKNOWN (0.3656ms)
✔ profile matrix routes recruit, features, and local commands explicitly (2.5613ms)
✔ diagnostic and raw JSON commands are classified as internal, not user help (0.4447ms)
✔ party, inhouse, and scrim full forms win over command parsing as SNAPSHOT (2.4049ms)
✔ party snapshot accepts metadata-only activation fields and legacy participant rows (1.6549ms)
✔ R23 scrim retirement is structural and does not capture ordinary party names or game information (0.7591ms)
✔ party member mutations require an explicit detail prefix and one safe single-line name (3.6931ms)
✔ Kakao copy/paste party row variants still canonicalize to one SYNC member (6.6632ms)
✔ full-width empty reserve punctuation and clock text never become party members (2.9736ms)
✔ flexible party row parsing does not classify ordinary chat or generic number lists (1.0521ms)
✔ party snapshot rejects truncated numeric and position templates (0.79ms)
✔ A→B→A identical text is reclassified without state or content-hash suppression (0.77ms)
✔ operation forms classify on FEATURES and reject the RECRUIT profile (1.0361ms)
✔ V4 schema preserves the seven-field client and accepts only the exact V1 strict extension (2.1993ms)
✔ slash boundary preserves zero-or-one leading slash parity (0.7517ms)
✔ V4 signature covers the exact raw envelope and timestamp (1.708ms)
✔ profile authorization does not receive sender role or allowlist inputs (4.9802ms)
✔ health, contract probes, and classified commands return deterministic replies without a runtime dispatcher (4.0988ms)
✔ event ID is the idempotency boundary and mismatched reuse conflicts (12.3627ms)
✔ hot replay cache binds the verified raw request digest (0.7148ms)
✔ R23 retires every old-phone scrim command and form without dispatching or writing (17.9553ms)
✔ server help explains editable numbered copies and inhouse mode requirements (0.9857ms)
✔ public error responses keep stable status and code contracts (24.8228ms)
✔ V4 application errors normalize idempotency conflicts to public 409 only (1.2121ms)
✔ 내전 빠른 명단 응답은 결과를 한 줄로 요약하고 본명과 닉네임을 표시한다 (4.8148ms)
✔ 내전 빠른 추가 대상이 미등록이어도 이름과 접수 인원에 포함한다 (0.3353ms)
✔ player record, recent matches, and ranking preserve exact V1-visible fields (0.7791ms)
✔ player and ranking boundary replies preserve V1 wording and percent formatting (0.2887ms)
✔ V4 event key is shared by recruiting and assistant durable receipts (0.7602ms)
✔ party create reserves an invisible draft and returns all blank slots with its copy reference (3.0217ms)
✔ the exact generated V1 party form activates with only organizer populated and applies metadata defaults (27.1255ms)
✔ R24 party creation shows empty metadata, all slots and the code below the title (0.7157ms)
✔ R24 copying the latest party form preserves names and returns a non-editable overview (7.8778ms)
✔ ADR0011 first registration names stay brief before the complete overview (0.9342ms)
✔ the reported metadata-only #11 form reaches one idempotent party activation (3.4479ms)
✔ first completed automatic party form creates the party once (0.6602ms)
✔ explicit missing party number never falls back to creating a new party (0.4951ms)
✔ closed party copies and repeated finish receive a scoped closed reply without mutation (0.5146ms)
✔ copy edit conflicts and incomplete rows explain recovery and never report a save (1.203ms)
✔ a concurrent finish gets a closed reply while an active revision race asks for a retry (0.4332ms)
✔ a copied form reference cannot be reused to create an automatic-number party (0.7116ms)
✔ incomplete copied party forms and numberless inhouse detail return actionable guidance (2.2018ms)
✔ existing party snapshots forward slot states without forwarding submitted type or capacity (0.5301ms)
✔ party status and detail use one server status receipt and return the latest aggregate (0.5378ms)
✔ party member shortcut classifications canonicalize to the current operating day (0.8163ms)
✔ party member shortcut outcomes return confirmation followed by the latest full form (1.0462ms)
✔ missing, ambiguous, and member-limit shortcut results stay concrete successful replies (0.5538ms)
✔ party mutation and latest full form keep the signed instant across the 06:00 KST boundary (1.0644ms)
✔ replayed sync, blank deletion, and finish disclose a failed post-mutation status refresh (0.3913ms)
✔ party snapshot and finish resolve latest revision without owner or role inputs (0.3326ms)
✔ missing current-operating-day party finish is a V1 success reply with the latest status and no mutation (0.1965ms)
✔ scrim status requests only the scrim projection (0.6359ms)
✔ season authoritative zero-person snapshot writes once then reads the overview (1.1357ms)
✔ season SYNC exposes the latest copy reply to both ordinary and strict clients (0.3562ms)
✔ V1 strict season STATUS maps no active season to the canonical empty reply only (0.604ms)
✔ scrim create and snapshot each issue one recruiting mutation (0.4122ms)
✔ season status and detail each return one authoritative assistant result (0.1902ms)
✔ scrim deprecated lifecycle commands use a static receipt without domain status queries (0.2159ms)
✔ dispatcher fails closed when command domain and static profile differ (0.3432ms)
✔ structural operation candidates with one empty value reach exact missingFields (14.5511ms)
✔ colonless prose and label-only lists remain UNKNOWN (4.9806ms)
✔ party members are canonical by primary/reserve and slot number, independent of row order (3.2467ms)
✔ inhouse copy requires explicit lanes for RIFT main/reserve rows and preserves save reference separately from notices (14.1517ms)
✔ inhouse copy rejects malformed/duplicate save references and marks old forms as legacy (3.4956ms)
✔ inhouse copy accepts valid lanes and rejects malformed lane input (0.2341ms)
✔ inhouse stale forms return the latest copy without retrying the mutation, and old days show today's rounds (3.1067ms)
✔ compact inhouse copies retain site-linked optional lanes and separate review rows from participants (8.3769ms)
✔ copy delta preserves latest rows, merges only pure additions, and never revives removed originals (0.5786ms)
✔ old pending footers restore placeholders but never override a corrected body row (2.9567ms)
✔ copy start text preserves free-form event descriptions without inventing a scheduled clock (2.8806ms)
✔ pending name corrections require the original pending row to still be current (0.5348ms)
✔ pending corrections and concurrent additions preserve other saved and cancelled rows (0.4709ms)
✔ real RIFT input recovers one missing position slash and accepts empty flexible rows (19.1232ms)
✔ recovery is limited to two valid position aliases and records the failed field (0.5447ms)
✔ legacy empty sub-position markers are accepted only in the sub-position field (0.4869ms)
✔ mixed real-world rows keep valid entries, route partial rows to review, and use the last duplicate slot (4.8095ms)
✔ a final empty duplicate row means cancellation while a missing numbered row is preserved (1.5428ms)
✔ an incomplete duplicate footer cannot replace a valid slot while valid edits stay last-write-wins (2.0104ms)
✔ numbered footer text after a complete empty roster cannot create a pending participant (1.6325ms)
✔ valid edits and explicit cancellation after a complete roster remain last-write-wins (2.502ms)
✔ the former canonical failure maps to the exact public HTTP 400 document (22.9376ms)
✔ [P0-FIXTURE] input-tolerance matrix is pinned to the unchanged V1 oracle (1.6436ms)
✔ [P0-PARTY-01] punctuation, full-width, escape, and whitespace rows have one semantic member (23.4487ms)
✔ [P0-PARTY-02] an explicit empty slot is valid but an absent slot row is not a full snapshot (10.3622ms)
✔ [P0-PARTY-03] slash and comma in one reserve row stay in one display name (7.0526ms)
✔ [P0-PARTY-04] a 2-person title cannot overwrite an existing 5-person recruit target (1.9088ms)
✔ [P0-PARTY-05] conflicting duplicate slot rows reject the whole snapshot (0.8645ms)
✔ [P0-PARTY-06] member order is canonical and independent of pasted row order (1.0615ms)
✔ [P0-PARTY-07] name suffix notes, emoji, and Kakao tags are preserved (2.055ms)
✔ [P0-PARTY-08] multiline metadata values match their single-line semantic values (1.8437ms)
✔ [P0-PARTY-09] an automatic-number empty draft never creates a recruit (2.2569ms)
✔ [P0-OPS-01] all four forms preserve values continued on the following line (9.4251ms)
✔ [P0-OPS-02] all four forms expose exact missing-field contracts without submission (4.4709ms)
✔ [P0-OPS-03] parentheses and comma stay in the person name instead of becoming an implicit delimiter (0.2775ms)
✔ [P0-OPS-04] ordinary conversation and partial label discussions remain UNKNOWN (1.9618ms)
✔ [P0-OPS-05:friends] field order does not alter the canonical payload (0.6257ms)
✔ [P0-OPS-06:friends] a conflicting duplicate label rejects the whole form (0.3782ms)
✔ [P0-OPS-07:friends] arbitrary footer text cannot contaminate the last field (0.5052ms)
✔ [P0-OPS-05:suggestions] field order does not alter the canonical payload (0.9226ms)
✔ [P0-OPS-06:suggestions] a conflicting duplicate label rejects the whole form (1.1561ms)
✔ [P0-OPS-07:suggestions] arbitrary footer text cannot contaminate the last field (0.6823ms)
✔ [P0-OPS-05:meetups] field order does not alter the canonical payload (1.0172ms)
✔ [P0-OPS-06:meetups] a conflicting duplicate label rejects the whole form (0.814ms)
✔ [P0-OPS-07:meetups] arbitrary footer text cannot contaminate the last field (0.7013ms)
✔ [P0-OPS-05:leaves] field order does not alter the canonical payload (0.7412ms)
✔ [P0-OPS-06:leaves] a conflicting duplicate label rejects the whole form (0.2793ms)
✔ [P0-OPS-07:leaves] arbitrary footer text cannot contaminate the last field (0.3975ms)
✔ [P0-OPS-08] prose mentioning every label is not classified as a form (0.2137ms)
✔ [P0-IDEMPOTENCY-01] the same event is dispatched exactly once and then replayed (0.986ms)
✔ [P0-IDEMPOTENCY-02] different events with one semantic payload are both dispatched (1.1197ms)
✔ [P0-MULTIUSER-01] same-room events from different senders reach edit and finish dispatch (1.8629ms)
✔ [P0-CANONICAL-01] V1-local fullwidth slash and digits canonicalize to the same finish command on the server (0.2048ms)
✔ [P0-CANONICAL-02] finish and detail commands tolerate whitespace after the copied hash marker (0.279ms)
﹣ [P0-MULTIUSER-02] PostgreSQL contract proves same-room cross-user edit/finish and different-room no-mutation without an administrator role (0.0573ms) # isolated PostgreSQL harness required
✔ V4 installation identity exactly mirrors the phone HMAC contract (1.1315ms)
✔ one unified phone script shares one identity secret while RECRUIT and FEATURES keep distinct stable installation scopes (0.4841ms)
✔ the server rejects cross-family commands before dispatch for both unified-script profiles (12.441ms)
✔ arbitrary installation IDs and cross-profile IDs fail closed (0.6441ms)
✔ current and previous signing keys authenticate only their exact HMAC (3.0134ms)
✔ two senders share one installation scope for create, cross-edit and finish (5.7985ms)
✔ runtime identity configuration is bounded without inspecting real environment values (0.243ms)
✔ V4 signing keyring is isolated from V1 and rejects unsafe reuse (0.314ms)
✔ V4 route is registry-free and keeps the seven-field identity-free boundary (4.4978ms)
✔ the unified V4 phone callback ignores room and channel values while routing both families (1.2938ms)
✔ admin and architecture copy distinguish V4 installation scope from the legacy room registry (1.2587ms)
✔ [P0-INHOUSE-LIVE-01] 동휘/김동휘 실양식은 Mid all을 복구해 같은 semantic payload로 dispatch한다 (31.1524ms)
✔ [P0-INHOUSE-LIVE-02] slash 계약에 맞춘 MID 또는 ALL 입력은 이름과 무관하게 정상 payload를 만든다 (2.6464ms)
✔ [P0-INHOUSE-LIVE-03] Mid all 복구는 mainPosition MID를 유지하고 나머지 네 부라인을 저장한다 (0.2824ms)
✔ [P0-INHOUSE-METADATA-01] 독립 공지와 20시 시작을 전체 스냅샷 메타로 보존한다 (5.8929ms)
✔ [P0-INHOUSE-METADATA-02] 시작 줄 tail 공지는 수용하고 슬롯 뒤 문장은 공지로 오인하지 않는다 (1.4404ms)
✔ [P0-INHOUSE-METADATA-03] 공지가 없는 전체 스냅샷은 명시적인 null을 만든다 (1.2924ms)
✔ [P0-INHOUSE-METADATA-04] 시작 줄 다음과 인원 줄 사이의 공지도 구조 필드와 분리해 저장한다 (0.6121ms)
✔ operation field map is order independent and tolerates Kakao paste punctuation (4.0439ms)
✔ person punctuation remains intact unless slash or pipe is explicit (0.4412ms)
✔ same duplicate fields dedupe while conflicting duplicates block submission with diagnostics (0.3197ms)
✔ leave scope reads only its selected field value, not room names in the footer (0.911ms)
✔ candidate detection is structural and does not require complete values (1.7902ms)
✔ operation wrappers are candidates only when they occupy a title line (0.2688ms)
✔ person fields are required and never fall back to an opaque sender identity (1.2116ms)
✔ [P3-I01] FEATURES INHOUSE 내전구인 keeps exact V1 reply parity (15.2381ms)
✔ [P3-I02] FEATURES INHOUSE 내전구인 양식 keeps exact V1 reply parity (1.8019ms)
✔ [P3-I03] FEATURES INHOUSE 내전구인 협곡 2026-09-09 21:30 #2 10명 keeps exact V1 reply parity (1.0826ms)
✔ [P3-I04] FEATURES INHOUSE 내전구인 칼바람 2026-09-09 21:30 #3 10명 keeps exact V1 reply parity (0.9732ms)
✔ [P3-I05] FEATURES INHOUSE 내전구인 증바람 2026-09-09 21:30 #3 10명 keeps exact V1 reply parity (0.3922ms)
✔ [P3-I06] FEATURES INHOUSE 내전현황 keeps exact V1 reply parity (0.377ms)
✔ [P3-I07] FEATURES INHOUSE 내전상세 2 keeps exact V1 reply parity (0.3407ms)
✔ [P3-I07] INHOUSE authoritative snapshots preserve delete, zero and A→B→A revisions (8.5662ms)
✔ [P3-I08] ARAM and AUGMENT_ARAM snapshots keep name-only authoritative arrays (0.8937ms)
✔ [P3-S01] R23 SCRIM create returns retirement guidance without dispatch (1.2713ms)
✔ [P3-S02] R23 SCRIM new full form cannot reach its former dispatcher (0.9168ms)
✔ [P3-S03] R23 SCRIM edit full form cannot reach its former dispatcher (0.3589ms)
✔ [P3-S04] R23 SCRIM retirement does not depend on active tournament state NO_ACTIVE_TOURNAMENT (0.2996ms)
✔ [P3-S05] R23 SCRIM retirement does not depend on active tournament state AMBIGUOUS_ACTIVE_TOURNAMENT (0.1087ms)
✔ [P3-O01] OPERATIONS friends complete form dispatches once and passes through exact server reply (1.826ms)
✔ [P3-O02] OPERATIONS suggestions complete form dispatches once and passes through exact server reply (0.3481ms)
✔ [P3-O03] OPERATIONS meetups complete form dispatches once and passes through exact server reply (0.7202ms)
✔ [P3-O04] OPERATIONS leaves complete form dispatches once and passes through exact server reply (0.6383ms)
✔ [P3-O05] OPERATIONS friends missing required values returns an explicit V1 error without dispatch (0.4573ms)
✔ [P3-O06] OPERATIONS suggestions missing required values returns an explicit V1 error without dispatch (0.2764ms)
✔ [P3-O07] OPERATIONS meetups missing required values returns an explicit V1 error without dispatch (0.4098ms)
✔ [P3-O08] OPERATIONS leaves missing required values returns an explicit V1 error without dispatch (0.8456ms)
✔ [P3-M01] OPERATIONS 등록 keeps exact V1 reply parity (0.9577ms)
✔ [P3-M02] OPERATIONS 내전등록 keeps exact V1 reply parity (0.369ms)
✔ [P3-M03] OPERATIONS 경고등록 keeps exact V1 reply parity (0.338ms)
✔ [P3-M04] OPERATIONS 인증 keeps exact V1 reply parity (0.3206ms)
✔ [P3-M05] OPERATIONS 경고현황 keeps exact V1 reply parity (0.2942ms)
✔ [P3-M06] OPERATIONS 결과현황 keeps exact V1 reply parity (0.2055ms)
✔ [P3-M07] OPERATIONS 사진취소 keeps exact V1 reply parity (0.1923ms)
✔ [P3-M08] OPERATIONS 자동공지 20 keeps exact V1 reply parity (0.2023ms)
✔ [P3-A01] Phase 3 authorization is installation/profile based and never receives room, sender or role (0.7053ms)
✔ [P3-A02] two ordinary senders can use the same Phase 3 command without a sender allowlist (0.3491ms)
✔ [P3-R01] identical eventId replays one successful Phase 3 mutation without a second dispatch (0.5241ms)
✔ [P3-R02] same eventId with a conflicting body maps to public HTTP 409 REPLAY_CONFLICT (25.5871ms)
✔ Phase 3-A: 내전 모드 선택과 협곡·칼바람 복사 양식을 출력한다 (25.1699ms)
✔ Phase 3-A: 내전 전체 현황과 회차 상세는 정확히 한 번 authoritative assistant를 호출한다 (9.0545ms)
✔ Phase 3-A: 협곡 명단 A→B→A와 0명은 각 입력당 한 번의 authoritative snapshot이다 (11.8576ms)
✔ R23: 스크림 양식·현황·상세는 종료 안내만 반환한다 (3.4697ms)
✔ R23: 구형 스크림 신규 양식과 재전송은 저장 없이 종료 안내만 반환한다 (0.3423ms)
✔ R23: 구형 스크림 수정 양식은 기존 데이터와 대회 바인딩을 변경하지 않는다 (0.3157ms)
✔ Phase 3-A: 번호 행 하나가 빠진 양식은 그 슬롯을 보존하고 나머지 행을 동기화한다 (1.0208ms)
✔ four V1 operation forms become exact typed payloads (20.4146ms)
✔ all four forms report their exact missing fields as INVALID_FORM commands (1.8497ms)
✔ registration, result, warning, evidence, status and photo-cancel preserve V1 replies (5.7923ms)
✔ scheduled notice uses one durable assistant request and preserves the V41 formatter (0.4974ms)
✔ valid form submits one typed mutation in the shared V4 event scope (0.4751ms)
✔ invalid form claims a durable receipt before exposing field-specific INVALID_FORM (24.6185ms)
✔ operation forms reuse the same durable event identity as recruiting and assistant (0.4653ms)
✔ fresh service instances replay the durable form result and reject a changed body (2.3798ms)
✔ internal raw JSON and phone-local session commands do not become public canonical operations (1.3245ms)
✔ [P4-S01] every V1 PUBLIC alias succeeds on its actual profile with exact zero/one slash parity (58.3664ms)
✔ [P4-S02] every single-profile PUBLIC alias maps its opposite profile to HTTP 403 WRONG_PROFILE (70.7371ms)
✔ [P4-S03] authorization never receives room, sender, role or member allowlist fields (0.5933ms)
✔ [P4-S04] unknown public input is INVALID_FORM instead of 501 ROUTER_NOT_ENABLED (2.1536ms)
✔ [P4-S05] 사진상태 gives a site check path without claiming a nonexistent phone session is healthy (0.3085ms)
✔ [P4-S06] 내전미리보기취소 returns a no-mutation discard notice (0.4642ms)
✔ [P4-S07] 내전확인 ABCD1234 returns a no-mutation discard notice (0.2932ms)
✔ [P4-S01] every public fixture alias has a local reply or canonical dispatcher route (25.9635ms)
✔ [P4-S02] server fallback gives exact local help, photo guidance, and no-mutation preview notices (1.6492ms)
✔ [P4-S01A] every actual V41 public sample has a local reply or canonical dispatcher route (7.4867ms)
✔ [P4-S03] unknown and internal direct API inputs normalize to explicit HTTP 400 (32.6138ms)
✔ [P4-S04] V4 command HTTP surface contains no 501 or router-not-enabled response (5.9358ms)
✔ [S01] zero or one leading slash is equivalent for the complete V1 route fixture (2.6505ms)
✔ [S02] malformed slash, URL and middle slash canonicalize to no command (0.3552ms)
✔ [S03] two unregistered general users can create, cross-edit and cross-finish one recruit (23.8416ms)
✔ [S04] full recruit snapshots delete names, accept zero people and preserve A→B→A (1.4478ms)
✔ [S05] FEATURES ranking, record and recent commands return successful replies (3.1703ms)
✔ [S06] a retired scrim command returns the R23 notice after authorization (0.3928ms)
✔ [S07] duplicate mutation callback is applied once and replayed once (0.3ms)
✔ [S08] an event ID body conflict maps to public REPLAY_CONFLICT with HTTP 409 (24.6839ms)
✔ [S09:NORMAL] normal V4 status returns a successful reply (0.6616ms)
✔ [S09:WRONG_PROFILE] wrong profile has an exact public code (0.2213ms)
✔ [S09:INVALID_SIGNATURE] invalid signature has an exact public code (1.0671ms)
✔ [S09:REPLAY_CONFLICT] replay conflict has an exact public code (1.3713ms)
✔ [S09:SERVER_UNAVAILABLE] server failure has an exact public code (0.5237ms)
✔ [S09:INVALID_FORM] invalid V1 form has an exact public code (0.1198ms)
✔ [S10] V1 golden regression inventory remains present for the release run (1.017ms)
✔ legacy participation redirects preserve only reviewed query values (1.0942ms)
✔ legacy 정수 ID는 양의 PostgreSQL int32 canonical 형식만 허용한다 (1.147ms)
✔ 대회 legacy UUID는 승인된 PostgreSQL cutover recipe와 일치한다 (0.4359ms)
✔ 미디어 legacy resolver는 유효한 숫자만 공개 매핑 port로 전달한다 (0.8331ms)
✔ legacy proxy는 GET/HEAD만 308로 이동하고 query allowlist를 적용한다 (5.5689ms)
✔ UUID mapping이 없는 legacy player detail은 영구 redirect하지 않는다 (0.4858ms)
✔ legacy account adapters preserve only reviewed canonical intent (1.534ms)
✔ legacy statistics routes use one allowlisted canonical ranking destination (0.8911ms)
✔ reviewed administrator aliases resolve to their canonical integrated views (1.1551ms)
✔ legacy 앱 로그인은 내부 next만 보존하고 중복·외부 주소는 계정으로 축소한다 (6.0982ms)
✔ legacy 경기 목록은 canonical 공개 필터만 단일 값으로 보존한다 (0.9411ms)
✔ 동적 legacy ID와 밸런스 추천 query는 path traversal과 미검토 값을 버린다 (0.3793ms)
✔ 멸망전 참가자와 이미지 legacy deep link는 검증한 ID와 ordinal만 보존한다 (0.2709ms)
✔ 멸망전 V1 이미지 route는 1-based 번호를 canonical 0-based query로 308 이동한다 (24.6398ms)
✔ legacy redirect 응답은 상대 Location과 no-store를 사용한다 (0.3502ms)
✔ USER_ROUTE_MAP의 redirect 32개와 통합 20개는 모두 한 버전 호환 진입점을 가진다 (4.8592ms)
✔ admin match conflict parser accepts only a complete canonical aggregate (4.7031ms)
✔ stored instant conversion is explicit and bounded by the recorded offset (0.1625ms)
✔ admin import recovery stores only minimal expiring non-secret metadata (1.4139ms)
✔ admin import recovery is best-effort when session storage is unavailable (0.2778ms)
✔ admin import recovery rejects expired, corrupt and expanded state (0.423ms)
✔ ambiguous admin import failures preserve the exact upload key (1.3723ms)
✔ a verified latest projection is the only conflict path that changes revision or opens review (0.1981ms)
✔ latest projection parser rejects malformed or unknown state (0.2028ms)
✔ definitive client rejection retains replay while allowing an explicit file reselection (0.1226ms)
✔ picker keyboard navigation skips inactive and duplicate-disabled rows (0.8682ms)
✔ match client retries preserve one key for exact body and revision (0.9762ms)
✔ submission continuation code is strict uppercase and canonical (1.3401ms)
✔ offline legacy match ids use the exact PostgreSQL int32 compatibility range (0.2024ms)
✔ MVP v1 formula is the only versioned score source (1.2069ms)
✔ MVP V1 compatibility tie-break is score, kills, deaths, assists, player id (0.5116ms)
✔ participant display identity is server-captured and retained across unrelated amendments (1.2867ms)
✔ KST date and explicit started-at offset are strict (0.1411ms)
✔ complete match input rejects unknown keys, bidi text and incomplete rosters (0.7755ms)
✔ submission input has a bounded image/game count (1.2914ms)
✔ private image validator fully decodes, checks bounds/container end and SHA (45.4438ms)
✔ fake private adapters are exact development and non-Vercel only (0.4825ms)
✔ deterministic match review passes a structurally consistent series (0.9602ms)
✔ deterministic match review blocks stale aggregates and duplicate roster entries (0.2219ms)
✔ match participant schema requires immutable display identity snapshots (2.9448ms)
✔ match series and each recalculation event carry nullable team-balance provenance (0.7551ms)
✔ submission audit snapshots retain a public rejection reason before reopen clears the live row (14.315ms)
✔ public match player DTO is an exact safe allowlist including inactive profile policy (1.1994ms)
✔ match submit page accepts one canonical continuation or owned draft reference (1.6172ms)
✔ public match query is exact, duplicate-safe and date bounded (0.8793ms)
✔ admin match query separates match and submission filters (0.3166ms)
✔ admin player picker query is bounded, canonical and duplicate-safe (0.3772ms)
✔ literal substring filters escape SQL LIKE metacharacters (0.1435ms)
✔ admin player picker uses indexed prefix or exact combined Riot ID strategy (0.6435ms)
✔ public match cursor is opaque, exact and coupled to sort/order (4.2992ms)
✔ own submission history cursor is status-bound and reaches beyond the first page (1.5478ms)
✔ mutation and source hashes use a domain-separated HMAC pepper (16.0632ms)
✔ admin direct import stays in the private submission saga and only produces review candidates (37.5092ms)
✔ storage object is compensation-deleted when the DB attach fails (7.4335ms)
✔ OCR timeout becomes a bounded FAILED candidate and manual review remains possible (3.5501ms)
✔ a finalize replay never deletes the deterministic canonical storage object (4.7111ms)
✔ a completed receipt replay returns before decode, storage and OCR work (1.5612ms)
✔ delete failure leaves a durable DELETE_PENDING cleanup request (4.0428ms)
✔ missing fake object after process restart fails closed instead of returning corrupt bytes (0.4728ms)
✔ image decode/OCR work is admitted through a bounded FIFO gate (0.8587ms)
✔ image work queue times out without leaking an active lease (16.1368ms)
✔ private storage keys bind the idempotency key while same-key retries remain stable (2.0118ms)
✔ an abort-aware never-resolving storage stage times out and reaches durable cleanup (29.5205ms)
✔ a late stage completion remains visibly DELETE_PENDING for the cleanup worker (94.6593ms)
✔ an abort-aware OCR timeout becomes review-first FAILED without holding the request (32.7315ms)
✔ OCR retry commits its durable preflight before storage and provider work (3.4423ms)
✔ OCR receipt replay returns before private storage work (0.4826ms)
✔ OCR retry deadline aborts the provider and durably finalizes a review-first failure (27.0124ms)
✔ selected team-balance provenance requires the exact ten-player two-team layout (0.9276ms)
✔ stalled upload body reaches an idle deadline and cancels its stream (54.4363ms)
✔ exact upload body still joins chunks under the deadline (0.5913ms)
✔ 빈 캐러셀과 한 장 캐러셀은 첫 위치를 유지한다 (0.7021ms)
✔ 여러 장 캐러셀은 이전·다음 이동과 양 끝 순환을 결정적으로 계산한다 (0.1189ms)
✔ 캐러셀 장수는 음수나 비정수일 수 없다 (0.3796ms)
✔ 휠 이동은 양 끝에서 페이지 세로 스크롤로 빠져나갈 수 있도록 순환하지 않는다 (0.1405ms)
✔ YouTube inputs canonicalize only supported HTTPS origins and paths (1.6493ms)
✔ highlight uses canonical video data and explicit public DTO (4.5373ms)
✔ gallery validates one to five distinct storage assets (0.9528ms)
✔ publication FSM archives without hard delete and restore returns to draft (0.6198ms)
✔ home display is limited to published gallery and clears on unpublish (0.3828ms)
✔ public gallery DTO resolves only reviewed asset identifiers (11.1245ms)
✔ gallery keeps one explicit display order across private and migrated external images (0.9802ms)
✔ metadata edits preserve publication status, increment revision, and reject archived content (0.3676ms)
✔ admin private asset query is bounded and rejects duplicate or unknown parameters (6.5607ms)
✔ raw media upload preflight requires same origin, If-Match, bounded image MIME/size, SHA and safe name (54.8992ms)
✔ unconfigured upload storage returns the specific fail-closed problem (2.0869ms)
✔ media editor and private asset administration expose the complete safe workflow (1.7776ms)
✔ gallery editor accepts only bounded bulk upload result counts (0.4827ms)
✔ media list parsers are bounded and reject unknown query keys (1.7472ms)
✔ media commands use the existing strict YouTube parser, exact bodies, If-Match revision, and deterministic fingerprints (15.8973ms)
✔ gallery input permits only one to five distinct READY asset identifiers at the application boundary (1.3506ms)
✔ gallery input accepts an explicit mixed image order without exposing arbitrary fields (1.0923ms)
✔ published asset delivery checks publication/READY via its port and never returns the storage locator (3.0883ms)
✔ V2 deterministic formula transition truthfully requires explicit admin recalculation (0.7272ms)
✔ MMR public query accepts only singular canonical allowlisted filters (1.7635ms)
✔ MMR integrated admin redirects drop unsafe and unknown query values (0.5879ms)
✔ MMR rebuild is deterministic and ignores source array order (4.5403ms)
✔ voided and draft matches never affect profiles (0.189ms)
✔ winner and position performance update profiles within bounded scores (0.2833ms)
✔ manual adjustments are immutable ordered events and clamp at profile bounds (0.2751ms)
✔ public and team-balance DTOs expose only bounded score summaries (0.4544ms)
✔ malformed rosters, duplicate sources and unsafe adjustments fail closed (0.5614ms)
✔ r1에서 발급한 own r2 응답은 최신 projection과 일회성 비밀번호를 함께 유지한다 (1.5351ms)
✔ r2 비밀번호 표시 중 외부 r3 projection이 도착하면 r2 비밀번호를 폐기한다 (0.2085ms)
✔ r3 prop이 선반영된 뒤 도착한 늦은 r2 응답은 projection과 비밀번호 모두 거부한다 (0.2589ms)
✔ OpenAI runtime configuration is explicit, bounded and all-or-nothing (1.1829ms)
✔ Responses adapter uses the fixed official endpoint and aggregates output text safely (21.2049ms)
✔ Responses adapter fails closed for budget, authorization, rate limit and malformed output (1.3408ms)
✔ operation form payloads accept only their bounded allowlist (2.0515ms)
✔ review transitions are monotonic and revision checked (2.467ms)
✔ delete is soft and the admin DTO excludes source, reviewer identity, and deletion metadata (2.4768ms)
✔ Kakao operation form failures distinguish integration, room and capability without exposing identifiers (0.2938ms)
✔ site settings update is revision-bound and public DTO is allowlisted (1.8178ms)
✔ AI is hard-disabled first, then checks approval, role, rate and prompt (0.2974ms)
✔ CSV backup quotes fields and neutralizes spreadsheet formulas (0.3567ms)
✔ operations HTTP input allowlists reject extra or privileged-looking fields (0.3693ms)
✔ internal job signature is scoped, expiring and nonce replay aware (0.7335ms)
✔ copy snapshot round-trips the original while retaining current authorization and identity context (2.3685ms)
✔ concurrent numbered additions keep the latest roster and use the next vacant main slot (0.5751ms)
✔ a free numbered slot is kept and a replay cannot add the same person twice (0.2167ms)
✔ copy forms cannot delete, replace, move or demote an existing original member (0.531ms)
✔ a participant removed after the copied original never reappears from a stale form (0.1963ms)
✔ latest slot changes remain intact instead of restoring positions from the original (0.1509ms)
✔ line-specific collisions reject the submission instead of assigning a different position (0.3842ms)
✔ changing an existing line in the copy is treated as replacement, not a new signup (0.1512ms)
✔ full main roster rejects concurrent additions without silently switching them to reserve (0.2608ms)
✔ explicit reserves stay reserves and concurrent reserves receive an empty reserve slot (0.2417ms)
✔ a signup already accepted concurrently is recognized by normalized name without moving that member (0.2083ms)
✔ duplicate names across main and reserve are rejected after Unicode and whitespace normalization (0.2162ms)
✔ the total 99-member bound applies even when a reserve slot appears available (0.5229ms)
✔ editable copies accept already-applied draft metadata and merge a later signup (0.5142ms)
✔ editable copies delete and replace explicit original slots without collapsing gaps (0.2156ms)
✔ editable metadata merges different fields but rejects competing changes atomically (0.3791ms)
✔ editable copies preserve concurrent members, move reserves and replay the same move (0.2129ms)
✔ an editable stale copy cannot resurrect a removed participant by moving them (1.9879ms)
✔ editable conflicting replacements reject all changes and preserve concurrent cancellation (0.2261ms)
✔ editable simultaneous additions shift to free slots while explicit moves require their destination (0.2094ms)
✔ editable copies reject duplicate results, capacity overflow and full reserve rosters (0.5024ms)
▶ malformed snapshot envelopes cannot become a merge baseline
  ✔ missing (0.3198ms)
  ✔ unsupported version (0.0732ms)
  ✔ different target (0.0607ms)
  ✔ different type (0.0594ms)
  ✔ changed capacity (0.0743ms)
  ✔ text revision (0.0716ms)
  ✔ fractional revision (0.0587ms)
  ✔ negative revision (0.0743ms)
  ✔ future revision (0.0819ms)
  ✔ closed original (0.0595ms)
  ✔ invalid start (0.0634ms)
  ✔ empty start (0.0885ms)
  ✔ oversize start (0.0671ms)
  ✔ invalid game (0.0734ms)
  ✔ empty game (0.0783ms)
  ✔ oversize game (0.1044ms)
  ✔ invalid organizer (0.0667ms)
  ✔ empty organizer (0.0579ms)
  ✔ non-array members (0.0553ms)
  ✔ non-object member (0.0556ms)
  ✔ missing member name (0.0748ms)
  ✔ empty member name (0.0706ms)
  ✔ oversize member name (0.0658ms)
  ✔ member control character (0.0625ms)
  ✔ zero slot (0.0558ms)
  ✔ negative slot (0.0527ms)
  ✔ fractional slot (0.0478ms)
  ✔ out-of-capacity slot (0.049ms)
  ✔ out-of-range reserve (0.0515ms)
  ✔ invalid substitute (0.048ms)
  ✔ invalid position (0.0518ms)
  ✔ duplicate slot (0.078ms)
  ✔ duplicate name (0.0626ms)
  ✔ duplicate normalized name (0.079ms)
  ✔ duplicate position (0.0661ms)
  ✔ too many members (0.0493ms)
✔ malformed snapshot envelopes cannot become a merge baseline (6.2174ms)
✔ player write DTO is an allowlist with normalized validated values (3.0564ms)
✔ legacy numeric ids accept only the positive PostgreSQL integer range (0.2058ms)
✔ administrator player query rejects duplicates, unknown keys, and oversized values (0.5305ms)
✔ mutation fingerprint is canonical and changes with revision or allowlisted input (0.3333ms)
✔ legacy detail mapping remains outside proxy and administrator APIs use the shared HTTP contract (2.1968ms)
✔ administrator player pages present operational labels in Korean (0.5573ms)
✔ 공개 Riot 플레이어 ID는 canonical UUID만 받는다 (0.8199ms)
✔ 공개 Riot 조회는 없는 플레이어·미연동·동기화 대기·준비 완료를 구분한다 (2.8573ms)
✔ 플레이어 목록 query는 검색어·페이지 길이와 범위를 제한한다 (1.4393ms)
✔ 티어 query는 허용 목록만 받고 영문·한글 티어 표기를 같은 계열로 묶는다 (0.2018ms)
✔ 내정보 티어 선택값은 10개 티어와 다이아 이하 4단계 및 마스터 이상 점수 계약을 보존한다 (0.6861ms)
✔ 목록·상세 유스케이스는 repository port를 통해 pagination과 404 계약을 지킨다 (0.3732ms)
✔ fixture 목록도 회원명 검색과 티어 필터를 함께 적용하되 회원명은 반환하지 않는다 (0.3064ms)
✔ 공개 플레이어 projection에는 금지된 회원·계정·Discord·내부 보정 필드가 없다 (0.1673ms)
✔ 두 legacy redirect는 route별 query allowlist만 보존한다 (0.2714ms)
✔ upload validation binds declared MIME, decoded dimensions, exact container, SHA-256, and a safe name (1.661ms)
✔ lifecycle is explicit and cleanup plans are deterministic, bounded, and DELETE_PENDING-only (18.8697ms)
✔ purpose/resource and actor authorization form a closed allowlist (0.8292ms)
✔ forbidden and absent are deliberately rendered with one outward problem (0.146ms)
✔ public and private DTOs never expose storage keys, URL locators, creator IDs, or SHA-256 (0.3732ms)
✔ application saga rechecks ownership, blocks duplicates, finalizes only verified bytes, and reads READY only (5.3985ms)
✔ failed staging enters DELETE_PENDING; cleanup is retryable and keeps the tombstone (8.4796ms)
✔ a bounded worker sweep turns crash-abandoned STAGED rows into cleanup tombstones (1.4185ms)
✔ admin list is bounded and excludes SUPER-only purposes at the repository boundary (1.6317ms)
✔ private storage mode is one fail-closed production policy (2.1489ms)
✔ fake private storage can preload immutable local QA bytes without sharing caller buffers (235.7939ms)
✔ official SDK seam uses private deterministic collision-safe put/get/delete options (4.2088ms)
✔ connected private Blob credentials prefer OIDC and pass only the store-scoped SDK options (0.6643ms)
✔ deterministic retries are idempotent only for the same digest and DELETE_PENDING cleanup is repeatable (0.7995ms)
✔ adapter rejects traversal, mismatched digest, invalid containers and pre-aborted calls before SDK access (0.4321ms)
✔ all application and Blob boundaries share the 4 MiB server upload ceiling (0.1078ms)
✔ 공개 랭킹 세 분류는 명시된 동률 규칙으로 독립 정렬되고 원본을 바꾸지 않는다 (1.5962ms)
✔ 홈 Top 3은 상세 탭과 같은 공개 정렬 계약을 사용한다 (0.3682ms)
✔ 표시 승률이 66.7%로 같아도 667/1000은 2/3보다 정확히 앞선다 (1.5598ms)
✔ 랭킹 분류 파서는 허용된 공개 뷰만 통과시킨다 (0.3494ms)
✔ 랭킹 화면은 세 분류, 상태 안내, MMR 진입과 모바일 44px 계약을 제공한다 (0.8481ms)
✔ R23 party copy reference rejects stale, reused-number identity and prior-day forms without mutations (24.9133ms)
✔ R24 latest copy rejects deletion and duplicate names atomically (1.915ms)
✔ R23 legacy copies are append-only for both member rows and metadata (2.4123ms)
✔ R23 unchanged full copy preserves revision, metadata and scheduled timestamp (0.7717ms)
✔ R23 blank draft activates with participant name only and no organizer (0.9577ms)
✔ ADR0011 finishing a draft cancels once and replay preserves its record and audit (0.9852ms)
✔ stored numbered copies allow deletions, replacements and reserve moves in one atomic save (2.2162ms)
✔ stored numbered copies merge independent edits and preserve the latest scheduled time (2.3722ms)
✔ stored draft copies accept the same activated metadata and add the next participant (2.6056ms)
✔ stored numbered copies reject missing main, reserve and metadata fields without deleting members (3.5251ms)
✔ copy headers cannot change the locked party type or capacity even when every original row remains (3.4382ms)
✔ stored numbered explicit blanks clear metadata and roster while legacy copies remain append-only (1.6155ms)
✔ BOT idempotency fingerprints bind the signed room, sender, and command source (0.4205ms)
✔ party create, sync, status and finish use the domain while mutations commit in atomic order (1.2064ms)
✔ V4 slot patches preserve absent rows, delete explicit empty rows, and use stored party shape (0.5956ms)
✔ atomic party member commands compose on the locked latest revision and persist stable outcomes (2.0595ms)
✔ scrim participant shortcuts compose on the locked latest revision across room members (3.0801ms)
✔ party member command validation and ambiguous removal fail closed before persistence (2.5052ms)
✔ party cancel and SUPER-only reset are distinct terminal commands (0.7764ms)
✔ scrim create, join, reopen, confirm, complete and cancel enforce the state machine (2.6835ms)
✔ legacy scrim form fields remain durable in the typed aggregate (0.3255ms)
✔ signed V1 scrim forms infer exactly one active destruction tournament inside the transaction (0.37ms)
✔ signed V1 scrim inference rejects zero or multiple active destruction tournaments atomically (0.3784ms)
✔ full scrim sync is revision-bound, audited and idempotently replayed (0.8938ms)
✔ durable receipt replay returns before load and same request key with another body conflicts (0.6137ms)
✔ one signed Kakao delivery received by two installations mutates canonical room state once (0.483ms)
✔ server-clock party metadata fallback is identical on durable replay (0.3876ms)
✔ signed V1 creates allocate the party number inside the mutation transaction (0.6315ms)
✔ a malformed replay receipt is rejected even when its request hash matches (0.5607ms)
✔ outbox failure rolls repository, audit, outbox, and receipt back together (0.6736ms)
✔ BOT body binding, JOB restriction, stale revision, and authorization failures happen before mutation (7.0551ms)
✔ public party and scrim DTOs expose only reviewed fields (0.2435ms)
✔ V4 room scope allows cross-sender snapshots and finish while preserving durable event receipts (3.5175ms)
✔ V4 automatic scrim number is allocated after receipt claim and replays before a second allocation (0.541ms)
✔ V4 scrim draft activates with one inferred tournament and a server-time fallback (0.9711ms)
✔ V4 request fingerprint is stable across server-resolved revisions but changes with the signed body (0.26ms)
✔ KST recruit date is stable across the UTC day boundary (0.9866ms)
✔ KST recruit display time is stable across midnight (0.1719ms)
✔ party metadata distinguishes absent preservation from explicit empty defaults (2.0564ms)
✔ a Kakao V4 number reservation stays draft until the completed V1 form activates it (2.4513ms)
✔ party slot patches use stored type and capacity while preserving absent and deleting explicit empty slots (0.4239ms)
✔ canonical party sync returns the stored aggregate without increasing revision (0.1751ms)
✔ party member mutation requires an active party and fills the first primary hole before reserve (0.4314ms)
✔ party member no-ops preserve revision and removal preserves every remaining slot (0.3859ms)
✔ request fingerprint is canonical and binds actor, action, key and body (0.2827ms)
✔ party sync enforces capacity, positions, slots and optimistic revision (0.482ms)
✔ Kakao recruit aggregates are visible and mutable only from their signed source room (0.3122ms)
✔ party primary capacity excludes candidates while the total list remains bounded (0.2722ms)
✔ party terminal transitions do not permit mutation or replay with a new command (0.2172ms)
✔ auto finish respects scheduled protection and idle window (0.1722ms)
✔ scrim follows recruiting, matched, confirmed and completed states (0.2901ms)
✔ scrim opponent can be reopened but requester cannot join itself (0.1527ms)
✔ full scrim sync replaces V1 form fields but binds date, number, tournament and revision (0.9338ms)
✔ public party DTO excludes room, sender, notes and request keys by construction (0.3026ms)
✔ Kakao command access separates public create/read/join from controller lifecycle changes (0.1743ms)
✔ V1 room members may update and close shared forms without weakening raw V2 (0.133ms)
✔ Kakao creator, joined opponent leader, or trusted operator controls lifecycle commands (0.1623ms)
✔ public scrim join binds the opponent leader and reopen clears that controller (0.0885ms)
✔ recruiting JSON boundary accepts only reviewed create fields (3.1454ms)
✔ raw V2 recruit commands require an operator or explicit non-production development mode (0.2344ms)
✔ signed V1 compatibility targets are exact while raw V2 cannot smuggle extra fields (0.8425ms)
✔ party member command boundary accepts exactly one bounded name (0.1754ms)
✔ scrim boundary validates UUID seams and command allowlists (0.4237ms)
✔ command scope is bound to both actor and action (0.1472ms)
✔ recruiting operating day changes exactly at 06:00 KST (3.1668ms)
✔ signed party targets use the envelope instant and the 06:00 KST operating boundary (9.6771ms)
✔ signed scrim templates and targets use the same 06:00 KST operating boundary (6.8919ms)
✔ Kakao webhook binds HMAC to timestamp, nonce, room, sender, and raw body with key rotation (2.9063ms)
✔ Kakao webhook rejects stale/replayed, forbidden room/sender, and bot-self requests (0.5487ms)
✔ same allowed room accepts arbitrary members A/B/C without granting operator capabilities (0.5701ms)
✔ malformed signatures and unsafe request structure fail closed (0.2544ms)
✔ S12 schema exposes durable ledgers without OAuth token/code/request-log columns (2.2512ms)
✔ 0014 migration and snapshot add only the S12 Riot schema (26.9964ms)
✔ Riot production feature flag is exact and fail-closed by default (0.3273ms)
✔ explicit fake runtime adapter connects application mutations to safe query DTOs (6.0837ms)
✔ admin Riot query is bounded and rejects duplicate or unknown HTTP parameters (0.6728ms)
✔ public, owner, admin HTTP routes and responsive UI states are present (1.9269ms)
✔ approved owner direct link/unlink is transactional, idempotent, and never leaks PUUID (7.1471ms)
✔ direct and RSO links must match the player's canonical registry Riot ID (2.5501ms)
✔ feature flag fails closed and outbox failure rolls link, audit, and receipt back together (1.2324ms)
✔ RSO callback is internal-return, expiring, one-time and exchange-idempotent across response replay (1.7036ms)
✔ only SUPER_ADMIN can bulk/sync-all while owner is restricted to the owned link (2.7385ms)
✔ SUPER bulk-link derives registry Riot IDs and atomically records exact replay (1.9083ms)
✔ bulk-link rolls every successful link back when durable event recording fails (0.5839ms)
✔ sync enforces cooldown, Retry-After, stale lease recovery and partial completion (2.9378ms)
✔ recent solo summary persists only when complete; missing data preserves rank and 429 retains retry (2.8245ms)
✔ Riot IDs normalize NFKC and reject separators or oversized tags (2.2301ms)
✔ RSO return path cannot escape origin (0.4714ms)
✔ RSO state is owner-bound, expiring and one-time (0.4461ms)
✔ disconnect clears encrypted PUUID and hides existence from another owner (0.2212ms)
✔ sync jobs retry rate limits and transient failures with bounded backoff (0.4146ms)
✔ last allowed transient attempt becomes terminal failure (0.9828ms)
✔ stale RUNNING lease is recoverable and the old worker cannot finish it (0.5781ms)
✔ invalid upstream Retry-After is rejected rather than creating an invalid schedule (0.49ms)
✔ permanent upstream failure never retries (15.0111ms)
✔ public Riot DTO excludes PUUID, owner and request-log provenance (0.3973ms)
✔ PUUID encryption is authenticated, opaque and rotation-ready (2.5759ms)
✔ Riot gateway resolves Riot ID and reads the SOLO queue through bounded official endpoints (35.6368ms)
✔ Riot gateway classifies 429, 404, 5xx and malformed responses without exposing credentials (1.3773ms)
✔ production runtime configuration is all-or-nothing and binds the exact callback (0.5566ms)
✔ RSO state is HMAC-bound and authorization URL never includes the client secret (1.9313ms)
✔ 0020 adds only the protected exchange cache and signed sync consumer route (2.9683ms)
✔ public Riot profile separates unlinked, connected, stale, temporary and rate-limited states (5.297ms)
✔ recent solo uses queue 420, 20 matches, at most two concurrent requests and a summary-only result (162.1391ms)
✔ empty history and explicit remakes are known zero samples while malformed or wrong-scope details are unavailable (1.2531ms)
✔ rate limiting stops subsequent chunks and propagates bounded Retry-After (0.8962ms)
✔ total time, response size, unsafe IDs and duplicate IDs are bounded before further provider reads (1.497ms)
✔ stored recent-solo summaries reject extra identity data, invalid counts and invalid numeric values (0.3524ms)
✔ season domain normalizes names and produces stable canonical JSON (1.0094ms)
✔ KST application date is independent of server timezone (33.6259ms)
✔ only an active season inside its application window accepts applications (0.4557ms)
✔ admin datetime-local values are converted to and from explicit KST instants (0.7773ms)
✔ client idempotency keys stay stable until success and follow the payload fingerprint (0.7015ms)
✔ application position UI never offers or preserves an ALL mixture (0.863ms)
✔ season commands require exact JSON keys, safe text and zoned ISO dates (1.6941ms)
✔ admin season query parser rejects unknown, duplicate, noncanonical and unsafe values (2.1191ms)
✔ SITE and completed administrator decisions deterministically win Kakao merges (7.0443ms)
✔ Kakao pending filters are bounded and canonical (0.7452ms)
✔ Kakao pending mutations carry SUPER intent, revision and deterministic fingerprint (0.6896ms)
✔ statistics public queries accept only singular canonical allowlisted values (2.0602ms)
✔ statistics recalculate command binds exact body, projection revision and idempotency identity (0.9875ms)
✔ bounded statistics drain stops on idle, failure and hard event limit (1.0041ms)
✔ season projection deterministically counts games, distinct series, stored MVP and dimensions (1.9089ms)
✔ participation counts a multi-game series once and S05 never derives a missing MVP (0.4959ms)
✔ canonical ranking uses exact rational win rate, stable identity and sequential rank (0.233ms)
✔ public ranking DTO is an exact allowlist (0.1552ms)
✔ statistics cron rejects credentials, query overrides, wrong path and method before opening the database (31.739ms)
✔ authenticated empty queue is a no-op; a request never consumes more than ten events (3.276ms)
✔ time budget finishes the current event and stops before claiming another (2.0426ms)
✔ failed event stops the batch, returns retryable status and exposes no event or raw error (1.5244ms)
✔ database setup, claim and release failures remain retryable without disclosing internals (7.4165ms)
✔ affected seasons dedupe and lock in canonical order for every S04 action scope (1.0867ms)
✔ application passes old/new season rebuild scope to one atomic repository operation (0.2164ms)
✔ application reports idle and releases a failed exact lease without touching READY data (0.236ms)
✔ statistics failure storage allowlists domain and SQLSTATE codes without copying raw errors (0.243ms)
✔ storage probe rejects invalid signature, route, query and body before any job dependency (51.2986ms)
✔ storage probe uses a generated UUID and exposes only the matching anonymous trace (6.5312ms)
✔ storage probe preserves replay/rate-limit status and hides job exceptions (3.4598ms)
✔ storage probe reads exact bytes and removes only its new diagnostic object (2.185ms)
✔ ambiguous write failure is compensated and raw errors never escape (0.8824ms)
✔ cleanup failure is visible and arbitrary keys are rejected before storage access (0.7205ms)
✔ probe bytes pass the production image adapter and cleanup reads bypass the CDN (5.335ms)
✔ team balance vocabulary and neutral provider defaults are explicit (136.7316ms)
✔ input rejects oversized, duplicate, missing-position, and invalid-score cases (1.6768ms)
✔ the V1 global recommendation is one lossless 5:5 layout with every position exactly once (156.2305ms)
✔ V1 global recommendation is deterministic regardless of request order (233.7289ms)
✔ mixed legacy and new player ids keep a total order across forward, reverse and rotate (1389.8557ms)
✔ V1 search evaluates 126 anchored team splits and each team's best permutation (42.2705ms)
✔ automatic and manual paths return the exact same scoring-kernel breakdown (45.778ms)
✔ position rating overrides overall and confidence shrinks unknown data toward 50 (55.6293ms)
✔ positions omitted from the request remain legal V1 AUTO assignments (38.4811ms)
✔ [V1 blueblack golden] score uses tier, inhouse, position experience and the data-missing path (1.1841ms)
✔ share text keeps the V1 line order and excludes draft ids, account ids and links (58.3669ms)
✔ manual evaluation rejects duplicate players and incomplete team-position coverage (0.3692ms)
✔ team override HTTP binds origin, scope, revision and idempotency; response is private and replayable (33.7461ms)
✔ override route and Korean control retain ADMIN read, SUPER mutation and optimistic concurrency (16.6161ms)
✔ team-only overrides retain the existing -1000..1000 integer contract without touching MMR inputs (2.1137ms)
✔ 팀 밸런스 초안 목록 query는 단일·제한된 페이지 값만 허용한다 (1.7221ms)
✔ 팀 밸런스 후보 query는 플레이어 검색과 최근 신청 출처만 허용한다 (0.5066ms)
✔ recommendation list and detail queries use exact draft/team allowlists (1.8149ms)
✔ recommendation API requires one explicit RED or BLUE team (0.285ms)
✔ team recommendations are deterministic, position ordered, and ban champions are unique (2.3713ms)
✔ team recommendations keep selected lineup for an unavailable projection (0.23ms)
✔ team recommendations do not infer an unselected candidate (1.5393ms)
✔ 랜덤 팀 legacy redirect는 mode와 PWA source allowlist만 보존한다 (1.0367ms)
✔ 팀 밸런스 legacy redirect는 검토한 PWA source만 보존한다 (0.4399ms)
✔ 코인 토스 legacy redirect는 PWA source만 보존한다 (0.2087ms)
✔ random-team parser accepts common numbered and bullet list forms (2.1244ms)
✔ random-team parser reports exact participant counts (0.2101ms)
✔ duplicate display names remain distinct slots and are disclosed (0.5347ms)
✔ seeded Fisher-Yates is replayable, non-mutating, and preserves every slot (0.3031ms)
✔ uniform index rejects the modulo-bias tail (0.1336ms)
✔ random teams remain a lossless 5:5 partition across seeds (1.7676ms)
✔ simple tier mapping is the V2 1-to-10 contract (0.1547ms)
✔ tier balance is deterministic and reaches the exhaustive minimum (1.8613ms)
✔ tier balance rejects forged scores and duplicate slots (0.6104ms)
✔ coin toss follows idle-playing-revealed and blocks illegal transitions (0.4983ms)
✔ seeded coin toss reaches both sides and replays each seed (0.4552ms)
✔ RFC 6238 SHA-1 vector produces the expected six digit suffix (1.177ms)
✔ TOTP verifier accepts only the configured time window (1.061ms)
✔ USER_ROUTE_MAP canonical 사용자 경로 39개가 중복 없이 분류된다 (1.2405ms)
✔ page-contract로 표시한 사용자 경로는 실제 App Router 페이지가 있다 (2.7762ms)
✔ 공지·뉴스·패치노트는 현재 V1 기능 계약에 없으므로 V2 canonical을 꾸며내지 않는다 (0.2488ms)
✔ 현재 경로 표시는 홈을 하위 경로 전체에 오인 적용하지 않는다 (0.1698ms)
✔ 전역 명령 팔레트는 검색 dialog·단축키·방향키 탐색 계약을 제공한다 (0.3754ms)
✔ Vercel cron accepts only the exact timing-safe Bearer secret (0.8654ms)
✔ daily close identity changes at 06:00 KST and remains stable for delayed retries (2.4185ms)
✔ invalid cron clocks fail closed before any repository input is made (0.3836ms)
ℹ tests 935
ℹ suites 0
ℹ pass 934
ℹ fail 0
ℹ cancelled 0
ℹ skipped 1
ℹ todo 0
ℹ duration_ms 6985.7955

> klol-gg-v2@0.1.0 verify:home-guide-art
> tsx scripts/home/verify-female-guide-art.ts

여성 챔피언 68명 · 개별 이미지 68개 · 1672x940 · SHA-256 중복 0건

> klol-gg-v2@0.1.0 build
> next build

▲ Next.js 16.3.4 (Turbopack)
- Environments: .env.local
✓ Running next.config.ts took 232ms

  Creating an optimized production build ...
✓ Compiled successfully in 16.8s
  Running TypeScript ...
  Finished TypeScript in 19.8s ...
  Collecting page data using 15 workers ...
  Generating static pages using 15 workers (0/94) ...
  Generating static pages using 15 workers (23/94)
  Generating static pages using 15 workers (46/94)
  Generating static pages using 15 workers (70/94)
✓ Generating static pages using 15 workers (94/94) in 271ms
  Finalizing page optimization ...

Route (app)
┌ ƒ /
├ ƒ /_not-found
├ ƒ /account
├ ƒ /account/discipline
├ ƒ /account/password
├ ƒ /account/riot
├ ƒ /account/tier
├ ƒ /admin
├ ƒ /admin/ai-requests
├ ƒ /admin/balance
├ ƒ /admin/balance-ai
├ ƒ /admin/balance-ai/players
├ ƒ /admin/balance-ai/recalculate
├ ƒ /admin/balance-ai/reviews
├ ƒ /admin/balance-ai/reviews/[reviewId]
├ ƒ /admin/balance/drafts
├ ƒ /admin/balance/drafts/[draftId]
├ ƒ /admin/balance/drafts/[draftId]/recommendations
├ ƒ /admin/balance/recommendations
├ ƒ /admin/champions
├ ƒ /admin/champions/[championId]/edit
├ ƒ /admin/champions/new
├ ƒ /admin/discipline
├ ƒ /admin/discipline/[recordId]
├ ƒ /admin/discipline/new
├ ƒ /admin/highlights
├ ƒ /admin/highlights/[highlightId]/edit
├ ƒ /admin/highlights/new
├ ƒ /admin/images
├ ƒ /admin/images/[imageId]/edit
├ ƒ /admin/images/new
├ ƒ /admin/kakao
├ ƒ /admin/kakao/operation-forms
├ ƒ /admin/kakao/operation-forms/[formType]
├ ƒ /admin/kakao/recruits
├ ƒ /admin/kakao/recruits/logs
├ ƒ /admin/kakao/recruits/settings
├ ƒ /admin/kakao/rooms
├ ƒ /admin/kakao/scrims
├ ƒ /admin/kakao/season-apply
├ ƒ /admin/kakao/settings
├ ƒ /admin/kakao/stats
├ ƒ /admin/login
├ ƒ /admin/logs
├ ƒ /admin/logs/kakao
├ ƒ /admin/matches
├ ƒ /admin/matches/[matchId]
├ ƒ /admin/matches/[matchId]/ai-review
├ ƒ /admin/matches/[matchId]/edit
├ ƒ /admin/matches/new
├ ƒ /admin/matches/submissions/[submissionId]
├ ƒ /admin/operation-forms
├ ƒ /admin/operation-forms/[formType]
├ ƒ /admin/operation-forms/[formType]/[id]
├ ƒ /admin/operation-forms/warnings
├ ƒ /admin/players
├ ƒ /admin/players/[playerId]
├ ƒ /admin/players/[playerId]/balance
├ ƒ /admin/players/[playerId]/edit
├ ƒ /admin/players/[playerId]/riot
├ ƒ /admin/players/new
├ ƒ /admin/private-assets
├ ƒ /admin/private-assets/[assetId]
├ ƒ /admin/progress
├ ƒ /admin/progress/destruction
├ ƒ /admin/progress/destruction/[tournamentId]
├ ƒ /admin/progress/destruction/new
├ ƒ /admin/progress/event
├ ƒ /admin/progress/event/[eventId]
├ ƒ /admin/progress/event/new
├ ƒ /admin/recruits
├ ƒ /admin/riot
├ ƒ /admin/search
├ ƒ /admin/seasons
├ ƒ /admin/seasons/kakao-pending
├ ƒ /admin/seasons/kakao-pending/[pendingId]
├ ƒ /admin/security
├ ƒ /admin/site-settings
├ ƒ /admin/users
├ ƒ /admin/users/[userAccountId]
├ ƒ /ai-balance
├ ƒ /ai-balance/players
├ ƒ /api/admin/ai-requests
├ ƒ /api/admin/backups/[kind]
├ ƒ /api/admin/balance-ai/adjustments
├ ƒ /api/admin/balance-ai/players
├ ƒ /api/admin/balance-ai/recalculate
├ ƒ /api/admin/balance-ai/reviews
├ ƒ /api/admin/balance-ai/summary
├ ƒ /api/admin/balance-ai/team-overrides
├ ƒ /api/admin/champions
├ ƒ /api/admin/champions/[championId]
├ ƒ /api/admin/competitions/destruction
├ ƒ /api/admin/competitions/destruction/[tournamentId]
├ ƒ /api/admin/competitions/events
├ ƒ /api/admin/competitions/events/[eventId]
├ ƒ /api/admin/dashboard
├ ƒ /api/admin/discipline-records
├ ƒ /api/admin/discipline-records/[recordId]
├ ƒ /api/admin/discipline-records/target-options
├ ƒ /api/admin/discipline-tasks/[taskId]/review
├ ƒ /api/admin/discipline/assets/[assetId]
├ ƒ /api/admin/highlights
├ ƒ /api/admin/highlights/[highlightId]
├ ƒ /api/admin/highlights/[highlightId]/assets
├ ƒ /api/admin/images
├ ƒ /api/admin/images/[imageId]
├ ƒ /api/admin/images/[imageId]/assets
├ ƒ /api/admin/images/[imageId]/home-display
├ ƒ /api/admin/kakao/recruit-health
├ ƒ /api/admin/kakao/rooms
├ ƒ /api/admin/kakao/settings
├ ƒ /api/admin/kakao/stats
├ ƒ /api/admin/login
├ ƒ /api/admin/logout
├ ƒ /api/admin/logs
├ ƒ /api/admin/logs/stats
├ ƒ /api/admin/maintenance/admin-log-cleanup
├ ƒ /api/admin/maintenance/rate-limit-cleanup
├ ƒ /api/admin/matches
├ ƒ /api/admin/matches/[matchId]
├ ƒ /api/admin/matches/[matchId]/publish
├ ƒ /api/admin/matches/[matchId]/restore
├ ƒ /api/admin/matches/[matchId]/void
├ ƒ /api/admin/matches/editor-options/players
├ ƒ /api/admin/matches/import
├ ƒ /api/admin/matches/integrity
├ ƒ /api/admin/matches/submissions
├ ƒ /api/admin/matches/submissions/[submissionId]
├ ƒ /api/admin/matches/submissions/[submissionId]/approve
├ ƒ /api/admin/matches/submissions/[submissionId]/cancel-import
├ ƒ /api/admin/matches/submissions/[submissionId]/images/[imageId]
├ ƒ /api/admin/matches/submissions/[submissionId]/images/[imageId]/ocr
├ ƒ /api/admin/matches/submissions/[submissionId]/reject
├ ƒ /api/admin/matches/submissions/[submissionId]/reopen
├ ƒ /api/admin/matches/submissions/[submissionId]/review-draft
├ ƒ /api/admin/operation-forms
├ ƒ /api/admin/operation-forms/[formType]/[id]
├ ƒ /api/admin/players
├ ƒ /api/admin/players/[playerId]
├ ƒ /api/admin/players/[playerId]/balance-profile
├ ƒ /api/admin/players/[playerId]/password-reset
├ ƒ /api/admin/players/[playerId]/reactivate
├ ƒ /api/admin/private-assets
├ ƒ /api/admin/private-assets/[assetId]
├ ƒ /api/admin/private-assets/[assetId]/metadata
├ ƒ /api/admin/recruits
├ ƒ /api/admin/recruits/[recruitId]
├ ƒ /api/admin/riot
├ ƒ /api/admin/riot/bulk
├ ƒ /api/admin/riot/bulk-link
├ ƒ /api/admin/riot/link
├ ƒ /api/admin/riot/retry
├ ƒ /api/admin/riot/sync
├ ƒ /api/admin/season-applications
├ ƒ /api/admin/season-applications/[applicationId]/review
├ ƒ /api/admin/season-kakao-pending
├ ƒ /api/admin/season-kakao-pending/[pendingId]
├ ƒ /api/admin/season-kakao-pending/[pendingId]/cancel
├ ƒ /api/admin/season-kakao-pending/[pendingId]/resolve
├ ƒ /api/admin/seasons
├ ƒ /api/admin/seasons/[seasonId]
├ ƒ /api/admin/seasons/[seasonId]/activate
├ ƒ /api/admin/seasons/[seasonId]/clone
├ ƒ /api/admin/seasons/[seasonId]/end
├ ƒ /api/admin/security/totp
├ ƒ /api/admin/security/totp/disable
├ ƒ /api/admin/security/totp/enable
├ ƒ /api/admin/security/totp/setup
├ ƒ /api/admin/session
├ ƒ /api/admin/site-settings
├ ƒ /api/admin/stats/consistency
├ ƒ /api/admin/stats/recalculate
├ ƒ /api/admin/team-tools/drafts/[draftId]
├ ƒ /api/admin/team-tools/drafts/[draftId]/archive
├ ƒ /api/admin/team-tools/drafts/[draftId]/recommendations
├ ƒ /api/admin/team-tools/drafts/[draftId]/reevaluate
├ ƒ /api/admin/team-tools/drafts/[draftId]/restore
├ ƒ /api/admin/team-tools/drafts/[draftId]/save
├ ƒ /api/admin/team-tools/drafts/[draftId]/select
├ ƒ /api/admin/users
├ ƒ /api/admin/users/[userAccountId]
├ ƒ /api/admin/users/[userAccountId]/2fa-reset
├ ƒ /api/admin/users/[userAccountId]/approve
├ ƒ /api/admin/users/[userAccountId]/delete
├ ƒ /api/admin/users/[userAccountId]/details
├ ƒ /api/admin/users/[userAccountId]/password-reset
├ ƒ /api/admin/users/[userAccountId]/reject
├ ƒ /api/admin/users/[userAccountId]/reset
├ ƒ /api/admin/users/[userAccountId]/reset-pending
├ ƒ /api/admin/users/[userAccountId]/restore
├ ƒ /api/admin/users/[userAccountId]/role
├ ƒ /api/admin/users/[userAccountId]/suspend
├ ƒ /api/ai/chat
├ ƒ /api/applications/available
├ ƒ /api/applications/season
├ ƒ /api/auth/login
├ ƒ /api/auth/logout
├ ƒ /api/auth/me
├ ƒ /api/auth/me/player
├ ƒ /api/auth/password
├ ƒ /api/auth/password/forgot
├ ƒ /api/auth/reset-requests
├ ƒ /api/auth/signup
├ ƒ /api/champions
├ ƒ /api/champions/[championId]
├ ƒ /api/competitions/destruction
├ ƒ /api/competitions/destruction/[tournamentId]
├ ƒ /api/competitions/destruction/[tournamentId]/application
├ ƒ /api/competitions/destruction/[tournamentId]/mvp-vote
├ ƒ /api/competitions/events
├ ƒ /api/competitions/events/[eventId]
├ ƒ /api/competitions/events/[eventId]/application
├ ƒ /api/cron/kakao-daily-close
├ ƒ /api/cron/statistics-projection
├ ƒ /api/discipline/stats
├ ƒ /api/health
├ ƒ /api/highlights
├ ƒ /api/highlights/[highlightId]
├ ƒ /api/images
├ ƒ /api/images/[imageId]
├ ƒ /api/integrations/kakao/image-receive
├ ƒ /api/integrations/kakao/managed-forms
├ ƒ /api/integrations/kakao/openchat
├ ƒ /api/integrations/kakao/operation-forms
├ ƒ /api/integrations/kakao/pair-room
├ ƒ /api/integrations/kakao/recruits
├ ƒ /api/integrations/kakao/scheduled-notice
├ ƒ /api/integrations/kakao/search-player
├ ƒ /api/integrations/kakao/season-applications
├ ƒ /api/integrations/kakao/site-notices
├ ƒ /api/integrations/kakao/v4/commands
├ ƒ /api/internal/jobs/discipline-assets-cleanup
├ ƒ /api/internal/jobs/discipline-assets-recover
├ ƒ /api/internal/jobs/kakao-daily-close
├ ƒ /api/internal/jobs/maintenance
├ ƒ /api/internal/jobs/riot-sync
├ ƒ /api/internal/jobs/storage-probe
├ ƒ /api/kakao/destruction-scrim-recruits/[action]
├ ƒ /api/kakao/image-receive
├ ƒ /api/kakao/managed-forms
├ ƒ /api/kakao/openchat
├ ƒ /api/kakao/operation-forms
├ ƒ /api/kakao/party-recruits/[action]
├ ƒ /api/kakao/recruit/season-apply
├ ƒ /api/kakao/recruit/season-apply/status
├ ƒ /api/kakao/scheduled-notice
├ ƒ /api/kakao/search-player
├ ƒ /api/matches
├ ƒ /api/matches/[matchId]
├ ƒ /api/me/discipline/assets/[assetId]
├ ƒ /api/me/discipline/tasks
├ ƒ /api/me/discipline/tasks/[taskId]
├ ƒ /api/me/discipline/tasks/[taskId]/evidence
├ ƒ /api/me/discipline/tasks/[taskId]/evidence/[assetId]/submit
├ ƒ /api/me/discipline/tasks/[taskId]/kakao-session
├ ƒ /api/me/match-submissions
├ ƒ /api/me/match-submissions/[code]
├ ƒ /api/me/match-submissions/[code]/cancel
├ ƒ /api/me/match-submissions/[code]/images
├ ƒ /api/me/match-submissions/[code]/images/[imageId]
├ ƒ /api/me/match-submissions/[code]/kakao-session
├ ƒ /api/me/riot
├ ƒ /api/me/riot/rso/callback
├ ƒ /api/me/riot/rso/start
├ ƒ /api/me/riot/sync
├ ƒ /api/media/assets/[assetId]
├ ƒ /api/rankings
├ ƒ /api/rankings/mmr
├ ƒ /api/recruits
├ ƒ /api/riot/player/[playerId]/summary
├ ƒ /api/seasons
├ ƒ /api/seasons/current
├ ƒ /api/site-settings
├ ƒ /api/stats/player/[playerId]/recent
├ ƒ /api/stats/player/[playerId]/summary
├ ƒ /api/stats/top
├ ƒ /api/team-tools/candidates
├ ƒ /api/team-tools/drafts
├ ƒ /api/team-tools/drafts/[draftId]
├ ƒ /api/team-tools/drafts/[draftId]/recommendations
├ ƒ /api/team-tools/drafts/[draftId]/reevaluate
├ ƒ /api/team-tools/drafts/[draftId]/save
├ ƒ /api/team-tools/drafts/[draftId]/select
├ ƒ /app
├ ƒ /app/account
├ ƒ /app/coin-toss
├ ƒ /app/install
├ ƒ /app/login
├ ƒ /app/matches
├ ƒ /app/matches/[matchId]
├ ƒ /app/me
├ ƒ /app/me/riot
├ ƒ /app/players
├ ƒ /app/players/[legacyId]
├ ƒ /app/progress/destruction/[tournamentId]
├ ƒ /app/progress/destruction/[tournamentId]/mvp-vote
├ ƒ /app/progress/event/[eventId]
├ ƒ /app/random-team
├ ƒ /app/rankings
├ ƒ /app/recruits
├ ƒ /applications
├ ƒ /balance
├ ƒ /coin-toss
├ ƒ /competitions
├ ƒ /competitions/destruction
├ ƒ /competitions/destruction/[tournamentId]
├ ƒ /competitions/events
├ ƒ /competitions/events/[eventId]
├ ƒ /destruction-auction-live/[tournamentId]
├ ƒ /discipline
├ ƒ /discipline/evidence
├ ƒ /forbidden
├ ƒ /forgot-password
├ ƒ /help/kakao
├ ƒ /help/recruits
├ ƒ /help/riot
├ ƒ /highlights
├ ƒ /highlights/[highlightId]
├ ○ /icon.svg
├ ƒ /images
├ ƒ /images/[imageId]
├ ƒ /install
├ ƒ /kakao
├ ƒ /login
├ ○ /manifest.webmanifest
├ ƒ /matches
├ ƒ /matches/[matchId]
├ ƒ /matches/submissions
├ ƒ /matches/submit
├ ƒ /me/player
├ ƒ /me/riot
├ ƒ /participation
├ ƒ /participation/destruction/[tournamentId]
├ ƒ /participation/destruction/[tournamentId]/captain-points
├ ƒ /participation/destruction/[tournamentId]/participants
├ ƒ /participation/destruction/[tournamentId]/participants/[playerId]
├ ƒ /participation/event/[eventId]
├ ƒ /participation/season
├ ƒ /players
├ ƒ /players/[playerId]
├ ƒ /players/[playerId]/riot
├ ƒ /players/balance
├ ƒ /players/balance/drafts
├ ƒ /players/balance/drafts/[draftId]
├ ƒ /players/balance/drafts/[draftId]/recommendations
├ ƒ /players/balance/recommendations
├ ƒ /privacy
├ ƒ /progress
├ ƒ /progress/destruction
├ ƒ /progress/destruction/[tournamentId]
├ ƒ /progress/destruction/[tournamentId]/images
├ ƒ /progress/destruction/[tournamentId]/images/[imageIndex]
├ ƒ /progress/destruction/[tournamentId]/mvp-vote
├ ƒ /progress/event
├ ƒ /progress/event/[eventId]
├ ƒ /random-team
├ ƒ /rankings
├ ƒ /rankings/mmr
├ ƒ /recruit
├ ƒ /recruit-helper
├ ƒ /recruits
├ ƒ /riot-api
├ ƒ /signup
├ ƒ /start
├ ƒ /team-balance
├ ƒ /team-balance/drafts/[draftId]
├ ƒ /terms
├ ƒ /tools/coin-toss
├ ƒ /tools/random-team
├ ƒ /tools/team-balance
├ ƒ /tools/team-balance/drafts
└ ƒ /tools/team-balance/drafts/[draftId]


ƒ Proxy (Middleware)

○  (Static)   prerendered as static content
ƒ  (Dynamic)  server-rendered on demand
