
> klol-gg-v2@0.1.0 check
> npm run lint && npm run typecheck && npm run db:erd:check && npm test && npm run verify:home-guide-art && npm run build


> klol-gg-v2@0.1.0 lint
> eslint


E:\k-LOL.GG\worktrees\ux-discoverability-20261002\integrations\messengerbot-r\KLOL_KAKAO_BOT_V41_MESSENGERBOT_R.js
   1:838   warning  'e' is defined but never used  @typescript-eslint/no-unused-vars
   5:130   warning  'e' is defined but never used  @typescript-eslint/no-unused-vars
  32:231   warning  'e' is defined but never used  @typescript-eslint/no-unused-vars
  33:79    warning  'e' is defined but never used  @typescript-eslint/no-unused-vars
  33:196   warning  'e' is defined but never used  @typescript-eslint/no-unused-vars
  34:274   warning  'e' is defined but never used  @typescript-eslint/no-unused-vars
  35:200   warning  'e' is defined but never used  @typescript-eslint/no-unused-vars
  36:66    warning  'e' is defined but never used  @typescript-eslint/no-unused-vars
  44:347   warning  'n' is defined but never used  @typescript-eslint/no-unused-vars
  54:409   warning  'e' is defined but never used  @typescript-eslint/no-unused-vars
  56:71    warning  'e' is defined but never used  @typescript-eslint/no-unused-vars
  59:168   warning  'e' is defined but never used  @typescript-eslint/no-unused-vars
  60:318   warning  'e' is defined but never used  @typescript-eslint/no-unused-vars
  65:1002  warning  'e' is defined but never used  @typescript-eslint/no-unused-vars
  74:403   warning  'e' is defined but never used  @typescript-eslint/no-unused-vars
  75:151   warning  'e' is defined but never used  @typescript-eslint/no-unused-vars
  75:216   warning  'e' is defined but never used  @typescript-eslint/no-unused-vars
  75:497   warning  'e' is defined but never used  @typescript-eslint/no-unused-vars
  78:2934  warning  'e' is defined but never used  @typescript-eslint/no-unused-vars
  79:8     warning  'e' is defined but never used  @typescript-eslint/no-unused-vars
  80:116   warning  'e' is defined but never used  @typescript-eslint/no-unused-vars
  81:378   warning  'e' is defined but never used  @typescript-eslint/no-unused-vars

E:\k-LOL.GG\worktrees\ux-discoverability-20261002\integrations\messengerbot-r\KLOL_KAKAO_BOT_V41_V1_COMPAT.js
  1:1  warning  Unused eslint-disable directive (no problems were reported)

E:\k-LOL.GG\worktrees\ux-discoverability-20261002\integrations\messengerbot-r\KLOL_KAKAO_BOT_V41_V2_COMPLETE.js
    2:5  warning  'KLOL_V41_BUNDLE_START_SENTINEL' is assigned a value but never used  @typescript-eslint/no-unused-vars
  369:1  warning  Unused eslint-disable directive (no problems were reported)

E:\k-LOL.GG\worktrees\ux-discoverability-20261002\integrations\messengerbot-r\v1-strict\KLOL_KAKAO_BOT_V1_STRICT_MESSENGERBOT_R.js
     1:5   warning  'KLOL_V1_SOURCE_SHA256' is assigned a value but never used           @typescript-eslint/no-unused-vars
     2:5   warning  'KLOL_V1_EXTRACTED_SHA256' is assigned a value but never used        @typescript-eslint/no-unused-vars
     3:5   warning  'KLOL_V1_SOURCE_FUNCTIONS' is assigned a value but never used        @typescript-eslint/no-unused-vars
     6:5   warning  'KLOL_V1_TRANSPORT_SEAMS' is assigned a value but never used         @typescript-eslint/no-unused-vars
    38:10  warning  'ignored' is defined but never used                                  @typescript-eslint/no-unused-vars
   131:10  warning  'ignored' is defined but never used                                  @typescript-eslint/no-unused-vars
   228:5   warning  'PARTY_RECRUIT_STATUS_API_URL' is assigned a value but never used    @typescript-eslint/no-unused-vars
   239:46  warning  'ignored' is defined but never used                                  @typescript-eslint/no-unused-vars
   304:10  warning  'ignoredJavaNormalizationError' is defined but never used            @typescript-eslint/no-unused-vars
   314:10  warning  'parsePartyMemberMutationCommand' is defined but never used          @typescript-eslint/no-unused-vars
   457:10  warning  'error' is defined but never used                                    @typescript-eslint/no-unused-vars
   476:10  warning  'error' is defined but never used                                    @typescript-eslint/no-unused-vars
   491:10  warning  'error' is defined but never used                                    @typescript-eslint/no-unused-vars
   529:10  warning  'error' is defined but never used                                    @typescript-eslint/no-unused-vars
   555:10  warning  'error' is defined but never used                                    @typescript-eslint/no-unused-vars
   567:10  warning  'error' is defined but never used                                    @typescript-eslint/no-unused-vars
   605:10  warning  'error' is defined but never used                                    @typescript-eslint/no-unused-vars
   609:29  warning  'room' is defined but never used                                     @typescript-eslint/no-unused-vars
   609:35  warning  'sender' is defined but never used                                   @typescript-eslint/no-unused-vars
   609:43  warning  'imageBase64' is defined but never used                              @typescript-eslint/no-unused-vars
   609:56  warning  'replier' is defined but never used                                  @typescript-eslint/no-unused-vars
   612:36  warning  'room' is defined but never used                                     @typescript-eslint/no-unused-vars
   612:42  warning  'sender' is defined but never used                                   @typescript-eslint/no-unused-vars
   612:50  warning  'replier' is defined but never used                                  @typescript-eslint/no-unused-vars
   754:77  warning  'packageName' is defined but never used                              @typescript-eslint/no-unused-vars
   765:10  warning  'ignoredImageError' is defined but never used                        @typescript-eslint/no-unused-vars
   769:10  warning  'ignoredImageBase64Error' is defined but never used                  @typescript-eslint/no-unused-vars
   782:10  warning  'ignoredImageBitmapError' is defined but never used                  @typescript-eslint/no-unused-vars
  1798:5   warning  'isOperationFormCompleteMessage' is assigned a value but never used  @typescript-eslint/no-unused-vars
  1800:5   warning  'isSeasonApplyCompleteMessage' is assigned a value but never used    @typescript-eslint/no-unused-vars
  1830:10  warning  'response' is defined but never used                                 @typescript-eslint/no-unused-vars
  1838:12  warning  'ignoredDiagnosticReply' is defined but never used                   @typescript-eslint/no-unused-vars

E:\k-LOL.GG\worktrees\ux-discoverability-20261002\src\modules\matches\infrastructure\postgres-match-transaction-authorizer.ts
  11:73  warning  '_now' is defined but never used  @typescript-eslint/no-unused-vars

✖ 58 problems (0 errors, 58 warnings)
  0 errors and 2 warnings potentially fixable with the `--fix` option.


> klol-gg-v2@0.1.0 typecheck
> tsc --noEmit


> klol-gg-v2@0.1.0 db:erd:check
> tsx scripts/database/generate-erd.ts --check

[db:erd] up to date: 111 tables, 173 foreign keys, schema sha256 0601644420b7cbdc056c1f307d67aec845c6190d005d31c5143cc44cb0d4baa2

> klol-gg-v2@0.1.0 test
> npm run test:contracts && npm run test:unit


> klol-gg-v2@0.1.0 test:contracts
> node --test tests/*.test.mjs

✔ public match and player detail use the same allowlisted champion portrait with a safe fallback (4.7687ms)
✔ my account connects bounded participation and current discipline status to details and evidence (2.4555ms)
✔ event and destruction details retain actions while exposing readable lifecycle and result hierarchy (1.3042ms)
✔ own player mutation keeps approval, origin, revision and idempotency guards (4.4514ms)
✔ own player form keeps one idempotency key for an uncertain retry and explains Riot relinking (1.3986ms)
✔ account pages reuse the account shell and avoid decorative English headings (2.1149ms)
✔ isolated account HTTP verification runs the real Chromium owner profile regression (2.052ms)
✔ 역할 변경 API는 same-origin 세션 검사 뒤 일반 ADMIN을 mutation parsing 전에 거부한다 (4.2676ms)
✔ 역할 관리 UI와 목록 진입점은 SUPER_ADMIN에게만 노출된다 (1.8219ms)
✔ 승인된 미삭제 USER의 ADMIN 승격은 플레이어 연결을 요구하지 않는다 (0.92ms)
✔ 플레이어 상세는 연결 계정 revision으로 기존 SUPER_ADMIN 역할 API를 안전하게 재사용한다 (1.9989ms)
✔ administrator balance status uses readable Korean operational labels (3.8759ms)
✔ administrator balance navigation is a visible keyboard-focusable control (3.4176ms)
✔ MMR 수동 조정은 raw UUID 대신 bounded 플레이어 선택기를 사용한다 (0.7764ms)
✔ Riot 작업은 현재 목록에서 플레이어와 link를 선택하고 revision을 자동 계산한다 (0.7681ms)
✔ 징계 대상 선택은 관리자 전용 bounded endpoint의 allowlist metadata로 표시값을 채운다 (1.6155ms)
✔ 공통 bounded picker는 원격 metadata를 문자열 allowlist로 제한한다 (0.694ms)
✔ the contracted match edit page reuses the guarded editor and preserves the AI review alias (3.4468ms)
✔ season administration presents lifecycle, status, source, and position labels in Korean (3.1102ms)
✔ account and settings administration avoid decorative English labels (0.9448ms)
✔ admin HTTP guard matrix covers every canonical App Router page (69.8572ms)
✔ administrator team draft pages use the ADMIN viewer and administrator mutation boundary (4.0061ms)
✔ administrator recommendation aliases remain same-origin permanent redirects (1.0287ms)
✔ administrator drafts support recoverable archive and persisted match registration (3.0359ms)
✔ season, date and round changes replace application form state in both editable branches (335.89ms)
✔ position-free rounds do not display a fabricated main/sub position in own or public status (82.7395ms)
✔ a missing site application retains a direct path to recover Kakao member linking (19.8089ms)
✔ event position labels remain readable while form values retain the API position codes (17.4591ms)
✔ own status and public roster use the same Korean position labels as the application form (124.0471ms)
✔ ranking view and applied criteria replace stale unsaved filter inputs (17.9576ms)
✔ capture fixture example resolves every repository page without placeholders (186.5375ms)
✔ browser QA server emits setup credentials, actor identity and fail-fast dynamic source IDs (1.2727ms)
✔ browser quality boundary accepts WCAG and performance values at their budgets (1.3276ms)
✔ browser quality boundary reports semantic, keyboard, motion, axe and performance failures (0.3012ms)
✔ compact standalone auth pages do not require a skip link or a single h1 (0.1336ms)
✔ full-page capture uses stable light reduced-motion rendering and wakes lazy media (0.6041ms)
✔ full-page capture fails visible repository error states even when HTTP is 200 (0.0964ms)
✔ full-page capture accepts synthetic credentials through bounded stdin (0.1241ms)
✔ champion administrator pages reuse the highlight content shell and keep safe mutations (4.6188ms)
✔ champion read APIs keep public and administrator namespaces separated (1.8799ms)
✔ Data Dragon version monitor discovers the upstream latest version without changing the pinned catalog (3.0836ms)
✔ only documentation changed since the actual successful deployment can skip (1.4086ms)
✔ first deployments, manual redeploys, missing history and mismatched checkout build (0.2258ms)
✔ 핵심 일반 텍스트 토큰은 밝은 배경에서 WCAG AA 4.5:1 이상이다 (4.9125ms)
✔ 기능 상태 패널의 홈 링크는 AA 대비 primary 토큰 쌍을 사용한다 (1.0902ms)
✔ public destruction detail keeps owner application, vote and explicit unavailable/error states (2.9077ms)
✔ administrator destruction workspaces expose the full staged lifecycle (10.1549ms)
✔ API source keeps account owner and ADMIN boundaries separate (1.691ms)
✔ public discipline API exposes aggregate statistics only (4.4293ms)
✔ owner and admin evidence boundaries require session, revision, idempotency, and concealed reads (1.5016ms)
✔ regular administrators may read discipline details but only super administrators may mutate them (2.5985ms)
✔ asset jobs accept signed requests only and are durably replay-guarded (5.3142ms)
✔ discipline pages declare real empty, error, and unavailable states (0.9587ms)
✔ discipline administrator headings and status labels are readable Korean (1.3224ms)
✔ public competition pages expose list/detail/application states without administrator controls (3.5026ms)
✔ administrator event pages connect every lifecycle operation to protected canonical APIs (1.9734ms)
✔ legacy event routes reuse the common no-store same-origin redirect boundary (0.534ms)
✔ the application menu marks exactly the selected application type, including query navigation (223.0529ms)
✔ clearing or resetting a slow player search cancels the request and returns to idle (120.7062ms)
✔ a superseded request cannot clear the loading state of the newer search (49.7662ms)
✔ full-page QA runner parses only tagged synthetic harness values (2.1784ms)
✔ full-page QA summary fails count drift and any route issue (0.231ms)
✔ capture credentials use bounded stdin instead of command-line secrets (4.7775ms)
✔ capture CLI rejects unknown stdin credential fields before opening files or Chromium (101.0626ms)
✔ 홈과 데스크톱 메뉴는 이미 구현된 경기·팀 밸런스를 준비 중으로 표시하지 않는다 (2.0418ms)
✔ 홈 공개 집계는 활성 플레이어·시즌과 게시 경기만 센다 (0.683ms)
✔ 홈 공개 피드는 실제 구인·대회와 완료된 멸망전 우승 갤러리를 조회한다 (1.6531ms)
✔ 홈 피드 공개 projection은 소유자·회원·Discord 필드를 선택하지 않는다 (0.7197ms)
✔ 홈은 DB 전체 활성 챔피언을 읽되 여성 허용 목록에서 KST 일일 안내 챔피언을 선택한다 (2.1911ms)
✔ 홈과 플레이어 찾기는 회원명 검색을 안내하되 회원명을 결과로 출력하지 않는다 (3.9693ms)
✔ 홈은 소개·랭킹·바로가기·소식·내 활동·기록 순서로 안내한다 (0.9607ms)
✔ ranking choices name all three rankings before the single slide and expose selection (129.1136ms)
✔ direct ranking choice stops rotation and updates its single slide and full-ranking destination (40.9918ms)
✔ named choices retain directional keyboard, previous/next and explicit play controls (24.0363ms)
✔ empty or single ranking does not expose impossible slide controls (50.7101ms)
✔ a rejected native install prompt reports recovery and accepts a new browser offer (100.1988ms)
✔ installation prevents duplicate native prompts and waits for actual appinstalled (37.4911ms)
✔ a ready browser offer is not overwritten by initial environment detection (12.5974ms)
✔ a late native choice cannot overwrite confirmed app installation (16.559ms)
✔ Kakao admin API splits ADMIN reads from SUPER TOTP mutations (5.1549ms)
✔ legacy Kakao admin pages permanently redirect to canonical real-state tabs (7.83ms)
✔ every canonical Kakao handler checks the stored feature policy (10.4511ms)
✔ owner image session creation honors site and Kakao feature switches (0.7531ms)
✔ Kakao assistant routes share raw-body HMAC and durable read receipts (5.4338ms)
✔ managed forms remain isolated while season snapshots and owner-bound images are durable (1.7648ms)
✔ legacy Kakao paths execute the signed canonical POST handlers without redirects (11.173ms)
✔ Kakao route capability policy is explicit for every phone endpoint (14.9581ms)
✔ season member submissions and reads use the FEATURES room but force cancel has a trusted command gate (1.6191ms)
✔ normal room authorization uses only canonical registry state and keeps environment bootstrap explicit (1.3735ms)
✔ private installer generator preserves shared settings and creates one identity per Kakao room (516.0033ms)
✔ Kakao routes are explicitly isolated between recruit and features installations (11.1455ms)
✔ wrong-room failures remain short and actionable on the phone (1.9985ms)
✔ recruit mutations expose PII-free stage timing for p50 and p95 aggregation (0.9658ms)
✔ companion is ES5 and below both editor character limits (27.6678ms)
✔ exact status/version commands are local and preserve OFF, settings and the registered target (2.6333ms)
✔ diagnostics ignore ordinary messages, slash variants and untrusted app callbacks (0.7661ms)
✔ registration results use fixed Korean replies and never poll or expose secrets (2.481ms)
✔ OFF and repeated registration replies cannot enable polling or replace a session (0.8319ms)
✔ installed response callback reports status and registration without queue delivery (1.4695ms)
✔ no registration, disabled, wrong app/code, or another session cannot send (0.575ms)
✔ ACK loss retries ACK without sending again, including after restart (1.0887ms)
✔ crash marker or ambiguous SDK result never resends automatically (1.1125ms)
✔ ledger write failure, wrong target and stale lease fail closed before send (1.769ms)
✔ explicit SDK rejection is retryable after manual session renewal (1.0294ms)
✔ whole installed runtime answers local diagnostics without credentials, network or registration (1.7243ms)
✔ initialization failures leave version and fixed failure-stage diagnostics available (9.3446ms)
✔ rejected callback contexts stay silent and record only fixed local diagnostic codes (0.6783ms)
✔ reply failure and SDK rejection produce fixed local evidence without leaking exceptions (1.2517ms)
✔ reported open-chat false group flag still answers version, diagnostics and status locally (3.216ms)
✔ false group flag requires exact one-use code and retains only explicitly registered session (1.6542ms)
✔ false group flag never permits debug, missing-package or other-app registration (2.8672ms)
✔ the ADR freezes every non-negotiable V1-exact adapter constraint (5.2535ms)
✔ the reusable V4 text transport is one signed five-second request without bearer fallback (1.3915ms)
✔ the V1 strict phone installer uses the current private artifact and omits public-only provenance (7.1309ms)
✔ installation profiles, not callback room or sender role, form the V4 text authorization boundary (2.3899ms)
✔ V2 services can reserve a hidden DRAFT and legacy bearer routes remain closed (3.1042ms)
✔ the existing image service is separately signed, bounded, and session-backed (17.5873ms)
✔ canonical V40 R2 routes managed commands to site-first links, not the legacy image session creator (35.3338ms)
✔ a clean V1-strict install keeps imageDB silent instead of inventing an unreachable UUID flow (8.5182ms)
✔ the dormant legacy image receiver remains secure for non-strict clients without reopening bearer access (1.9878ms)
✔ builder pins the canonical V1 hash and produces an ES5/Rhino-safe artifact (351.8815ms)
✔ Rhino audit detects functions that mix value and bare returns (0.6602ms)
✔ V1 strict routes organizer-only metadata activation forms with or without one slash (26.5281ms)
✔ V1 strict routes scoped in-house finish commands as unchanged raw text (51.9144ms)
✔ R23 retired scrim commands and forms reply locally without an HTTP request (86.9358ms)
✔ R25 local help matches optional member linking, Rift lanes, protected editing and detail rereads (12.8351ms)
✔ R24 compact copy forms keep complete success and pending envelopes in one signed request (41.6606ms)
✔ R24 compact form routing leaves malformed references to the server and ignores prose (16.1055ms)
✔ R24 actual server-rendered party and inhouse templates accept one name through the phone (310.9253ms)
✔ R23 copy-paste party and inhouse forms forward names and saved references unchanged (14.7974ms)
✔ V1 strict routes the full organizer-only template returned by the production server (4.6513ms)
✔ artifact excludes legacy HTTP, bearer, and embedded secret material (2.136ms)
✔ all response-reachable non-transport V1 executable lines are preserved without comments or blank spacers (47.2506ms)
✔ strict adapter reuses the canonical V1 local dedupe storage keys (0.785ms)
✔ local replies, echo rules, events, and no-reply behavior equal the canonical V1 (11.9555ms)
✔ R19 chooses one complete tone when the OpenChat entry guide appears (15.7957ms)
✔ R19 consumes the raw join event and accepts only the OpenChat entry heading (11.6575ms)
✔ approved party member mutations parse safely and use one RECRUIT gateway request (15.0624ms)
✔ inhouse member shortcuts reach the matching profile gateway (45.3167ms)
✔ reported inhouse loading echo is ignored while user commands and explicit member edits keep one reply (19.4834ms)
✔ same MessengerBot logId replay suppresses only the duplicate visible reply (17.1935ms)
✔ ambiguous party member text never reaches the mutation gateway (23.477ms)
✔ local recruit help documents member commands and keeps full-form guidance (2.5022ms)
✔ command and form predicates are byte-derived and behaviorally equal to V1 (11.839ms)
✔ one public command performs one five-second signed gateway request without room binding (5.9689ms)
✔ recoverable season rows reach the gateway once even with whitespace numbering and partial fields (4.1213ms)
✔ completed augment-ARAM in-house forms reach the FEATURES gateway and always reply (3.0532ms)
✔ completed augment-ARAM metadata with ten empty name rows activates through FEATURES (3.0725ms)
✔ a complete empty season snapshot reaches the gateway once for authoritative cancellation (6.6073ms)
✔ empty-snapshot gate rejects incomplete forms and ordinary conversation (12.2062ms)
✔ clean-session imageDB input preserves the active V40 R2 no-reply and no-HTTP behavior (4.8052ms)
✔ all seven active text seams preserve V1 success and empty replies while failures use safe common notices (46.3833ms)
✔ literal transport failures distinguish settings, input, and connection errors without exposing values (15.3641ms)
✔ both V40 R2 image seams stay inactive for every transport outcome (8.0749ms)
✔ R26 text commands never probe notification images before their response (10.5884ms)
✔ R26 speed diagnostic keeps the previous request timing across ordinary chat and bot echo (4.8422ms)
✔ R27 local diagnostics bypass request state, deduplication and notification image reads (2.9459ms)
✔ R27 diagnostic distinguishes reply failure and tolerates unavailable logging (2.0626ms)
✔ V1-strict keeps completion diagnostics but routes incomplete operation-form candidates (14.1293ms)
✔ V1-strict candidate routing ignores ordinary label discussion (6.301ms)
✔ V1-strict ordinary label discussion performs no request or local dedupe write (8.3773ms)
✔ V1-strict accepts standalone wrapper titles but ignores wrappers embedded in prose (7.1458ms)
✔ V1-strict response forwards one incomplete form request to the FEATURES gateway (5.3104ms)
✔ V1-strict canonicalizes tolerant label spelling before gateway classification (5.132ms)
✔ V1_STRICT fixture preserves the canonical V1 bytes across checkout line endings (2.0432ms)
✔ V1_STRICT fixture contains no hard-coded credential value (0.7847ms)
✔ V1_STRICT fixture remains ES5 and Rhino-static warning free (63.4186ms)
✔ V1_STRICT executes the original bot-version reply with or without slash (5.6871ms)
✔ V1_STRICT executes the original user help exactly (3.7067ms)
✔ APPROVED_EXTENSIONS cannot be mislabeled as commands from the V1_STRICT oracle (9.1836ms)
✔ [A01] the unified phone artifact is a readable ES5 single file below 40,000 characters (47.4496ms)
✔ [A02] the final unified artifact has zero Rhino static warning candidates (16.8558ms)
✔ [A03] the generated artifact classifies each command into exactly one server profile (2.7383ms)
✔ [A04] callback room, channel and group values are neither read nor transmitted (4.2904ms)
✔ [A05] text transport timeout is no more than five seconds (0.7725ms)
✔ V4 source template is one thin command-family routing client (6.8384ms)
✔ the generated unified phone file is standalone ES5 with one callback (21.9307ms)
✔ builder owns the unified output and refreshes deprecated split fixtures (2.617ms)
✔ release docs lock one phone, one MessengerBot profile, and two Kakao rooms (3.2833ms)
✔ [C01] each entry sends its own static profile regardless of poisoned callback room values (14.1348ms)
✔ [C02] RECRUIT ignores FEATURES commands locally without a server call (2.1813ms)
✔ [C03] FEATURES ignores RECRUIT commands locally without a server call (1.3506ms)
✔ [C03A] one unified phone bot routes both room command families exactly once (7.6718ms)
✔ [C03C] party template commands including spaced aliases use exactly one server request for a V1 number (7.9979ms)
✔ [C03D] a copied V1 party form without its number returns the exact local guidance (9.9577ms)
✔ [C03B] unified bot version is one local reply and never reaches transport (12.6912ms)
✔ [C04] malformed slash, URLs and middle slash are rejected before transport (5.0777ms)
✔ [C05] no-logId boot counter gives every independent command a new event ID (2.4957ms)
✔ [C06] one command performs one HTTP execute with a five-second maximum (2.07ms)
✔ [C05A] logId replay is stable in one boot and isolated across profiles and restarts (2.2403ms)
✔ [C05C] phone settings are read from MessengerBot storage once within one request cache (1.2774ms)
✔ [C05B] unified echo suppression checks both room-specific bot display names (1.8617ms)
✔ [C07] one scrim command performs exactly one client-to-server send (1.9317ms)
✔ [C08:WRONG_PROFILE] client exposes the WRONG_PROFILE error category (1.0327ms)
✔ [C08:INVALID_SIGNATURE] client exposes the INVALID_SIGNATURE error category (1.8408ms)
✔ [C08:REPLAY_CONFLICT] client exposes the REPLAY_CONFLICT error category (1.1816ms)
✔ [C08:SERVER_UNAVAILABLE] client exposes the SERVER_UNAVAILABLE error category (1.5155ms)
✔ [C08:INVALID_FORM] client exposes the INVALID_FORM error category (2.8813ms)
✔ [C08A] INVALID_FORM keeps the server parser detail and has a safe fallback (1.8308ms)
✔ [P3-C01] FEATURES entry sends one request for 내전구인 (8.8953ms)
✔ [P3-C02] FEATURES entry sends one request for 내전구인 협곡 2026-09-09 21:30 #2 10명 (2.7303ms)
✔ [P3-C03] FEATURES entry sends one request for 내전구인 칼바람 2026-09-09 21:30 #3 10명 (3.5213ms)
✔ [P3-C04] FEATURES entry sends one request for 내전구인 증바람 2026-09-09 21:30 #4 10명 (1.1477ms)
✔ [P3-C05] FEATURES entry sends one request for 내전현황 (2.0748ms)
✔ [P3-C06] FEATURES entry sends one request for 내전상세 2 (1.0333ms)
✔ [P3-C07] FEATURES entry sends one request for 📢 내전하실분 #2 (1.0904ms)
✔ [P3-C08] RECRUIT entry sends one request for 스크림구인 (1.799ms)
✔ [P3-C09] RECRUIT entry sends one request for [K-LOL.GG 스크림 구인 양식] (2.0415ms)
✔ [P3-C10] FEATURES entry sends one request for 지인 이름: 친구 (1.4347ms)
✔ [P3-C11] FEATURES entry sends one request for 본인 이름 및 닉네임: 홍길동/테스터 (1.4521ms)
✔ [P3-C12] FEATURES entry sends one request for 주최자 이름 및 닉네임: 홍길동/테스터 (1.1714ms)
✔ [P3-C13] FEATURES entry sends one request for 이름 및 닉네임: 신청자/닉 (12.2687ms)
✔ [P3-C14] FEATURES entry sends one request for 등록 (3.764ms)
✔ [P3-C15] FEATURES entry sends one request for 내전등록 (8.2781ms)
✔ [P3-C16] FEATURES entry sends one request for 경고등록 (17.7592ms)
✔ [P3-C17] FEATURES entry sends one request for 인증 (14.3437ms)
✔ [P3-C18] FEATURES entry sends one request for 경고현황 (4.6883ms)
✔ [P3-C19] FEATURES entry sends one request for 결과현황 (20.3315ms)
✔ [P3-C20] FEATURES entry sends one request for 사진취소 (2.56ms)
✔ [P3-C21] FEATURES entry sends one request for 자동공지 20 (5.5105ms)
✔ [P4-C01] unified 봇버전 is client-only with exact local content (9.6135ms)
✔ [P4-C02] unified 도움말 is client-only with exact local content (5.7084ms)
✔ [P4-C03] unified 구인도움말 is client-only with exact local content (2.1118ms)
✔ [P4-C04] unified 구인웹도우미 is client-only with exact local content (1.9417ms)
✔ [P4-C05] every V1 PUBLIC alias is classified by the unified phone with at most one send (72.2691ms)
✔ [P4-C06] malformed slash, URL and middle-slash inputs never enter public transport (152.3069ms)
✔ [P4-I01] V2도움말 never enters public V4 transport (6.6824ms)
✔ [P4-I02] V2진단 never enters public V4 transport (7.0253ms)
✔ [P4-I03] V2연동확인 never enters public V4 transport (16.4055ms)
✔ [P4-I04] 연동확인 never enters public V4 transport (11.3864ms)
✔ [P4-I05] V2모집 never enters public V4 transport (10.0839ms)
✔ [P4-I06] V2시즌 never enters public V4 transport (7.3794ms)
✔ [P4-I07] V2양식 never enters public V4 transport (3.4062ms)
✔ [P4-I08] V2사진세션 never enters public V4 transport (3.2414ms)
✔ [P4-I09] V2사진취소 never enters public V4 transport (2.3659ms)
✔ [P4-A01] final unified phone artifact is synchronized ES5, under 40k and Rhino-static clean (28.347ms)
✔ [P4-C01] every public V1 alias passes the correct phone profile with zero-or-one slash (32.8725ms)
✔ [P4-C02] local public replies are exact and never include V2 operator commands (10.0039ms)
✔ [P4-C02A] all actual V41 public command samples pass the matching V4 phone profile (6.3534ms)
✔ [P4-C03] photo and retired preview commands reply locally with no server transmission (2.6696ms)
✔ [P4-C04] internal, unknown, and malformed inputs are rejected before transport (1.7203ms)
✔ [P4-C05] unified entry preserves one send site, five-second timeout, and dynamic family split (1.1625ms)
✔ [P4-C02B] member shortcuts tolerate mobile normalization and reject ambiguous mutations (13.3234ms)
✔ V4 private generator creates one ignored paste-ready file without printing secrets (816.3051ms)
✔ [R01] V4 durable receipt and nonce schema is present in the ordered migration ledger (3.8372ms)
✔ [R02] installation, canonical room, key and capability migrations match the runtime schema (7.5314ms)
✔ [R03] V3 and V4 server intake coexist while one V4 entry binds profile-specific installation identity (3.0229ms)
✔ [RESOLVED R04] V4 uses deterministic installation scope without a pairing command (3.0409ms)
✔ [R05] documented Vercel variable names cover the V4 runtime without reading values (1.9342ms)
✔ contract fixture has traceable V1 evidence and all required domains (2.1771ms)
✔ zero or exactly one leading slash routes to the same command (0.4017ms)
✔ double slash, URL slash, separated slash, and middle slash are not commands (0.1412ms)
✔ same installation scope members can edit and finish across sender identities (0.1877ms)
✔ initial party form exposes the three activation fields without participant rows (0.2283ms)
✔ full party forms are authoritative snapshots and allow A→B→A (0.2645ms)
✔ party member shortcuts retain the full-form workflow and current-scope mutation boundary (0.1921ms)
✔ Rift, ARAM, and Augment ARAM preserve their V1 field policies (0.2319ms)
✔ scrim keeps full-form editing and V1 disabled manual lifecycle replies (1.0039ms)
✔ operation forms retain V1 labels, wrappers, missing-field reply, and echo guard (0.2265ms)
✔ registration and warning guidance preserve exact V1 headings and destinations (0.2131ms)
✔ user-facing help excludes V2 diagnostics and raw JSON commands (0.1418ms)
✔ representative record, recent, and ranking replies remain exact V1 fixtures (0.0929ms)
✔ V40 구인도움말 문구와 줄바꿈을 그대로 유지한다 (12.3922ms)
✔ V40 5인파티 생성 응답에 모집번호가 있는 편집 가능한 전체 양식을 유지한다 (12.7358ms)
✔ V40 구인현황 제목과 상세 명령 CTA를 포함한 정확한 응답을 유지한다 (4.9352ms)
✔ V40 bare 멸망전스크림 입력을 스크림 명령으로 분류한다 (2.4695ms)
✔ V40 일반 도움말의 제목·항목·줄바꿈을 모든 별칭에서 그대로 유지한다 (25.8309ms)
✔ V40 구인 웹 도우미와 구인 도움말을 서로 다른 응답으로 유지한다 (21.8968ms)
✔ V40 등록 센터의 설명과 기존 링크를 모든 별칭에서 그대로 유지한다 (10.2102ms)
▶ V40 내전·경고·인증·현황 링크 응답을 그대로 유지한다
  ✔ 내전등록 (16.559ms)
  ✔ 경고등록 (19.2123ms)
  ✔ 인증 (39.7782ms)
  ✔ 경고현황 (18.3009ms)
  ✔ 결과현황 (12.6718ms)
✔ V40 내전·경고·인증·현황 링크 응답을 그대로 유지한다 (108.0194ms)
▶ V40 전적·최근·랭킹의 사용자 표시 정보를 잃지 않는다
  ✔ 전적 (4.061ms)
  ✔ 최근 (5.9858ms)
  ✔ 랭킹 (11.4307ms)
✔ V40 전적·최근·랭킹의 사용자 표시 정보를 잃지 않는다 (22.0963ms)
✔ V40처럼 오픈채팅봇이 출력한 운영 양식은 재접수하지 않는다 (5.5606ms)
✔ V40 운영 양식은 서버가 만든 접수 문구를 그대로 전달한다 (8.1144ms)
✔ V40 사진취소 별칭의 사이트 우선 안내 동작을 그대로 유지한다 (4.9023ms)
✔ V40 입장·퇴장·초대·서버 echo 동작을 유지한다 (2.6497ms)
✔ V40 스크림구인은 자동배정 번호와 원래 줄바꿈을 가진 전체 양식을 반환한다 (15.7883ms)
✔ V40 스크림현황은 파티 현황과 섞지 않고 한글 상태와 상세 명령을 표시한다 (5.109ms)
✔ V40 스크림현황 빈 상태 문구를 정확히 유지한다 (2.8352ms)
✔ V40 스크림상세는 복사 가능한 전체 양식과 수정 안내를 그대로 반환한다 (4.0274ms)
✔ V40 스크림 전체 양식 신규 제출은 즉시 한 번 저장하고 등록 완료만 응답한다 (17.3709ms)
✔ V40 원본 양식은 멸망전번호 없이 서버의 단일 활성 대회 자동 판별을 사용한다 (5.1742ms)
✔ V40 스크림 전체 양식 수정 제출은 별도 확인 없이 같은 번호를 교체 반영한다 (6.7631ms)
✔ V40에서 사용 중단된 참가·확정·취소·수동 종료는 원래 안내만 하고 변경하지 않는다 (8.3304ms)
✔ paste-ready V41 bot routes major commands only through the signed V2 transport (23.2553ms)
✔ mobile installer has no Rhino CODE_HAS_NO_SIDE_EFFECTS statement candidates (84.4083ms)
✔ phone transport renders actionable HTTP failure categories (3.1955ms)
✔ Kakao pending slot lookup is lifecycle-neutral and only cancels ACTIVE rows (2.9769ms)
✔ 자동 수집한 전체 명령 계약은 slash/무슬래시를 하나의 canonical command로 만든다 (11.7204ms)
✔ V1 호환 파서는 모든 공개 V1 명령에서 slash/무슬래시 분류를 동일하게 유지한다 (24.9536ms)
✔ canonical command 경계는 본문과 Riot ID를 보존하고 slash 오인식을 막는다 (6.588ms)
✔ 휴대폰 압축본의 V1 무통신 명령은 읽기 쉬운 전체본과 동일하게 응답한다 (19.4075ms)
✔ room and channel callback fields are not used for installation scope (14.6284ms)
✔ installation scope is stable across signing-key rotation and differs across installations (3.9746ms)
✔ delivery identity ignores raw room and channel while binding installation, sender, log, and message (2.9725ms)
✔ opaque sender uses userHash when available and display-name fallback is labeled (1.7497ms)
✔ field diagnostics explicitly use installation scope and retain opaque sender (0.9403ms)
✔ response stores a season preview and only the matching one-time code performs SYNC (18.4241ms)
✔ response requires a complete authoritative snapshot scope and supports preview cancellation (4.6607ms)
✔ response ignores server echoes and restores legacy guide aliases after full-width normalization (2.8683ms)
✔ response preserves V40 room events, missing-number guidance, and parameterized managed shortcuts (5.185ms)
✔ response keeps an active image session when MessengerBot only exposes a placeholder (5.1309ms)
✔ response routes legacy record, recent, and ranking commands through V2 data while preserving V1 replies (2.7457ms)
✔ response formats scheduled notice aliases as read-only previews (5.0591ms)
✔ response accepts bitmap fallback, reports image progress, and clears terminal or cancelled sessions (4.4734ms)
✔ response exposes a secret-free V2 transport diagnostic (2.2295ms)
✔ response scopes different senders to one installation and ignores broken room parser fields (3.4703ms)
✔ response suppresses a duplicate callback with the same Kakao log identity (1.729ms)
✔ response entry point keeps representative V1 and V2 replies identical with or without slash (29.9438ms)
✔ raw V2 recruiting JSON is explicitly marked for the server-side operator gate (2.994ms)
✔ response entry point does not treat slash-only, URL, middle slash, double slash, or slash-space as commands (4.1318ms)
✔ V41 season output uses the site application fields and round-trips as bot input (10.1352ms)
✔ V41 season input accepts the labeled site form and rejects invalid sub positions (2.1332ms)
✔ V41 authoritative sync response reports create, update, cancel and review counts (3.1676ms)
✔ V1 compatibility parser stays ES5, transport-free, and rejects unsafe input (8.9571ms)
✔ all V40 party creation, finish, help, status, and detail aliases are classified (4.1628ms)
✔ party form parser preserves metadata, positions, numbered members, and substitutes (6.1423ms)
✔ party form metadata accepts line endings and colon variants without rewriting values (1.8426ms)
✔ party form tolerates clipped headers, Markdown escapes, attached values, and controlled line wraps (2.0571ms)
✔ inhouse aliases parse mode, date, time, recruit number, and capacity (4.7512ms)
✔ scrim aliases and legacy full form are converted without a transport call (3.922ms)
✔ four operation forms become exact V2 payload shapes with sender fallbacks (5.3948ms)
✔ four legacy 외출 wrappers parse identically and missing fields are explicit (6.0565ms)
✔ registration, warning, result, evidence, status, and photo-cancel aliases are classified (2.1796ms)
✔ V1: 내전구인만 입력하면 종목 선택 안내를 정확히 보낸다 (18.2455ms)
✔ V1: 알 수 없는 내전 종목에만 입력값을 포함한 오류와 선택 안내를 보낸다 (3.2524ms)
✔ V1: 협곡 내전구인은 티어·라인과 빈 칸을 포함한 전체 양식을 정확히 보낸다 (3.7148ms)
✔ V1: 칼바람 내전구인은 이름 전용 전체 양식을 정확히 보낸다 (2.1684ms)
✔ V1: 번호 없는 내전현황은 모든 회차 요약과 내전상세 명령을 정확히 보낸다 (2.3763ms)
✔ V1: 내전상세 번호는 참여자와 빈 칸을 포함한 편집 가능한 전체 양식을 정확히 보낸다 (2.3879ms)
✔ V1: 작성한 전체 신청 양식은 확인 단계 없이 한 번 동기화하고 서버 답변을 그대로 보낸다 (5.9627ms)
✔ V1: 같은 전체 신청 양식이 연속 수신되면 첫 반영 뒤 중복 요청과 중복 답변을 내지 않는다 (3.9722ms)
✔ V1: 빈 전체 양식은 일반·ASCII slash·전각 slash 모두 0명 authoritative sync로 처리한다 (7.1268ms)
✔ V1: 불완전한 빈 양식과 double·URL·중간 slash는 authoritative sync를 실행하지 않는다 (9.0763ms)
✔ 외출 필수값 누락은 항목별 안내만 보내고 서버 제출을 실행하지 않는다 (3.1157ms)
✔ 오류 제목이 이미 포함된 서버 상세는 K-LOL.GG 요청 실패 제목을 중복하지 않는다 (2.8571ms)
✔ legacy party create suppresses a duplicate callback before a second V2 mutation (15.6896ms)
✔ legacy full party form maps positions to slots and synchronizes the existing V2 party (8.4492ms)
✔ slash and plain temporary/form flows share server-first metadata fallback and preserve free text (9.746ms)
✔ 99 재현, 지오, 97 기용 fixtures complete public create, form, and finish flows with or without slash (23.1673ms)
✔ legacy party candidates stay separate from primary capacity (3.1655ms)
✔ legacy finish suppresses a duplicate callback after the party leaves active status (2.943ms)
✔ same-room users can clear and finish another user's two-digit party while repeated forms stay idempotent (15.0604ms)
✔ failed party mutations return the cause without fetching or appending status (2.4215ms)
✔ successful sync, blank deletion, and finish explain a failed status refresh (5.9753ms)
✔ legacy operation form, inhouse template, and scrim template stay available (5.3249ms)
✔ legacy scrim full form is stored through the typed V2 mutation and replays safely (6.047ms)
✔ 숫자형 플레이어·미디어 상세는 존재 확인 뒤 canonical UUID로 이동한다 (2.9657ms)
✔ 숫자형 이벤트전·멸망전은 존재 확인 뒤 canonical UUID로 이동한다 (3.4482ms)
✔ 관리자 직접 가져오기는 파일·붙여넣기·비공개 미리보기·재시도 복구를 제공한다 (4.5779ms)
✔ 관리자 로그아웃은 가져오기 복구 namespace만 best-effort로 지운다 (0.9545ms)
✔ 직접 가져오기 API는 예약→bounded body→work gate→private finalize 순서를 지킨다 (1.6997ms)
✔ 검토 UI는 fuzzy 자동 연결 없이 구조화 행별 사람 확인을 요구한다 (1.7933ms)
✔ admin import cancellation is authorized only for ADMIN-source rows (0.9307ms)
✔ match editor exposes only the structured form and traps the void confirmation dialog (4.88ms)
✔ picker status copy is outside the listbox and visual active row matches aria active descendant (1.1797ms)
✔ submission reject dialog shares the accessible modal behavior (7.2131ms)
✔ submission conflict keeps component identity and adopts only a verified latest revision (4.3083ms)
✔ match editor conflict preserves local input and adopts only a verified latest aggregate (0.9009ms)
✔ match editor save action stays readable in enabled and disabled states (0.9461ms)
✔ OCR route reserves before the process gate and all external work (3.7867ms)
✔ OCR reservation is durable, single-image and replay-first (1.2935ms)
✔ submission approval durably transfers team-balance provenance into the match aggregate (1.5372ms)
✔ ordinary match amendments cannot clear immutable team-balance provenance (0.1973ms)
✔ web submission linkage revalidates draft ownership, lifecycle and selected layout in its transaction (0.2451ms)
✔ match changed outbox carries team-balance provenance in its typed row and payload (0.1626ms)
✔ public match detail returns a not-found contract instead of a blank success (2.8584ms)
✔ first submission prioritizes required information while optional fields and continuation stay available (12.8012ms)
✔ a cancelled partial upload never displays unfinished images as a completed step (2.3304ms)
✔ anonymous result continuation returns to the same submission after login (1.181ms)
✔ changing a continuation code or draft resets form identity while same-context refresh preserves edits (48.3406ms)
✔ pending, rejected, suspended and password-reset accounts get recovery before filling the submission form (82.4265ms)
✔ completed or rejected submissions show their result and recovery without impossible upload controls (6.0939ms)
✔ submission lookup failure keeps the code for retry and is distinct from a missing submission (22.8488ms)
✔ creating a submission locks mutations until the server route has committed and resets new-submission state (66.9824ms)
✔ match submission accepts only an owner-verified selected team-balance draft (0.6583ms)
✔ successful server selection remounts both draft workspaces without resetting local edits (0.1246ms)
✔ 홈과 이미지 상세은 같은 접근 가능한 수동 캐러셀을 사용한다 (2.2672ms)
✔ 캐러셀은 빈 상태를 안전하게 닫고 한 장에는 이동 컨트롤을 숨기며 여러 장에는 직접 이동을 제공한다 (1.474ms)
✔ 캐러셀은 모바일 비율·44px 조작 영역·모션 감소 설정을 유지한다 (0.9356ms)
✔ 홈 우승 사진은 FK 연결을 우선하고 엄격한 레거시 후보만 보강하며 실제 자산 URL을 사용한다 (1.237ms)
✔ gallery image load failures keep a clear, accessible fallback in the reserved card area (3.4963ms)
✔ migration journal has contiguous indices, increasing timestamps, and matching SQL tags (1.7468ms)
✔ public MMR page exposes canonical allowlisted filters and bounded projection summaries (3.3449ms)
✔ admin MMR workspace connects protected recalculate, adjustment, players and review states (1.303ms)
✔ team balance provider selects READY MMR before statistics fallback (1.3683ms)
✔ MMR previous/next links reach later players and preserve validated search, position, and page size (13.7524ms)
✔ first and last MMR pages expose only valid directions (6.2172ms)
✔ selected position displays the score used to rank and that position's sample, including zero (6.8674ms)
✔ empty projection, unmatched search, and out-of-range page have different recovery actions (5.4853ms)
✔ invalid MMR address is rejected before loading and has a clean recovery link (5.4171ms)
✔ MMR load failure retries the same bounded query without pretending the list is empty (1.495ms)
✔ unknown root addresses keep one complete public shell and recovery links (10.8441ms)
✔ public resource and invalid-query recovery uses the existing layout without nesting another shell (2.4472ms)
✔ application error recovery keeps the public main landmark singular (10.4649ms)
✔ admin not-found content stays behind its layout authorization and inside one admin shell (31.4155ms)
✔ signed operation-form submit retains raw-body HMAC and durable replay boundaries (4.9822ms)
✔ admin mutation requires ADMIN session, same-origin, If-Match and idempotency (1.2515ms)
✔ admin pages expose filtered empty/error/unavailable states and compatibility routes (1.8439ms)
✔ operational diagnostics remain admin-only server rendering with no polling or mutation (4.4749ms)
✔ public operations endpoints expose bounded settings and minimum health only (4.709ms)
✔ admin mutations and downloads retain strong server authorization boundaries (1.0637ms)
✔ internal maintenance requires a signed job and never accepts session authorization (2.7247ms)
✔ Vercel schedules destruction ratings, statistics, MMR, Riot and daily Kakao close through protected GET boundaries (1.7127ms)
✔ route groups are removed while concrete and dynamic segments become canonical URLs (29.9592ms)
✔ route fixtures override parameter fixtures and every missing dynamic fixture fails immediately (1.2135ms)
✔ recommendation query variants reject a malformed transcribed draft fixture (0.662ms)
✔ capture sessions are isolated by authentication boundary (0.7093ms)
[capture-plan] 1 page files -> 4 capture targets at C:\Users\sjh11\AppData\Local\Temp\klol-capture-cli-w1MhlN\nested\capture-plan.json
✔ the CLI contract reads a fixtures JSON file and creates its output directory (20.6193ms)
✔ the repository plan covers every page once, resolves IDs and adds reviewed variants (226.0552ms)
✔ 사용자·관리자 상세 화면은 저장소 오류 상태에서도 페이지 제목과 상태 의미를 유지한다 (6.9697ms)
✔ 공용 미디어 편집 화면도 저장소 오류 상태에서 페이지 제목을 유지한다 (0.8174ms)
✔ 챔피언 이미지 projection은 0025 적용 전에도 공개 통계·목록 조회를 유지한다 (3.0642ms)
✔ 플레이어 공개 프로필은 실제 경기 KDA와 신청 포지션 배치·팀 밸런스 점수를 함께 설명한다 (6.6303ms)
✔ 공개 Riot 읽기는 API·RSO 비밀 구성과 분리되고 UI가 미연동·대기·오류를 구분한다 (2.0478ms)
✔ 플레이어 검색어는 문자열·배열·미입력을 하나의 안전한 문자열로 정규화한다 (0.674ms)
✔ 중복 q 파라미터 배열은 첫 값으로 정규화되어 trim 오류를 만들지 않는다 (0.1982ms)
✔ 검색 유스케이스는 PlayerRepository 포트를 통해 주입된 구현만 호출한다 (1.1282ms)
✔ PWA manifest and layout publish the expected install contract (4.786ms)
✔ service worker caches static public assets only (0.8579ms)
✔ install icons exist and are not empty (2.042ms)
✔ 공개 구인 카드와 API DTO는 참여자 표시 정보만 노출한다 (10.592ms)
✔ 내전 등록·상세 UI는 경기 시간을 입력하거나 표시하지 않는다 (2.3092ms)
✔ 이벤트 대회와 멸망전은 목록·필터·신청 CTA·관리 흐름을 독립 경로로 유지한다 (2.3516ms)
✔ account pagination reports the filtered total and page range while retaining filters and page size (31.1879ms)
✔ first and last job pages expose only valid navigation and preserve the status filter (5.8971ms)
✔ log navigation retains its source and does not produce an incompatible account status (2.4802ms)
✔ bulk preview remains a bounded first batch without ordinary page navigation or invented totals (1.4825ms)
✔ a now-empty page can return to available results without displaying a nonexistent range (1.8085ms)
✔ navigation respects the query ceiling and unavailable data never pretends there are zero accounts (4.8124ms)
✔ history chart server output preserves tooltip text for every chart mode (141.5829ms)
✔ match growth server output preserves own and opponent tooltips without fabricated missing values (73.0017ms)
✔ match summaries render identical Korean clock text across server and browser locale data (223.4117ms)
✔ filter and chart date keys use fixed Korean calendar parts across locale data and year boundaries (77.6976ms)
✔ app/(public)/(applications)/applications/error.tsx: 다시 시도 re-fetches the failed server segment (53.7194ms)
✔ app/(admin)/admin/players/error.tsx: 다시 시도 re-fetches the failed server segment (6.2669ms)
✔ app/(admin)/admin/users/error.tsx: 다시 시도 re-fetches the failed server segment (4.7193ms)
✔ app/(admin)/admin/users/[userAccountId]/error.tsx: 다시 시도 re-fetches the failed server segment (6.4886ms)
✔ Kakao pending API splits ADMIN reads from SUPER TOTP mutations (7.3171ms)
✔ pending operator UI uses bounded filters, a player picker and revision-safe commands (1.5641ms)
✔ public season applications expose Kakao-started recruit rounds without leaking pending identities (3.9992ms)
✔ feature-gated site assistant is mounted globally and uses protected AI contracts (3.0851ms)
✔ site feature access fails closed for missing or unreadable settings (7.0286ms)
✔ registration feature protects both its page and mutation before credential work (2.1389ms)
✔ match submission feature keeps reads available but guards every owner mutation (8.2651ms)
✔ Kakao help feature controls its public guide without exposing configuration (3.5822ms)
✔ recruit guide teaches participation and guarded edits before optional creation (0.4173ms)
✔ recommendation APIs keep owner/admin scope and the team-balance feature boundary (5.4244ms)
✔ team-balance pages expose recommendation views and fail closed with the site switch (2.1899ms)
✔ a lost create response retries the exact draft request with its original idempotency key (52.3633ms)
✔ editing an unresolved draft request uses a new key and returning to the original input retains its retry (36.8461ms)
✔ draft workspace retries an uncertain mutation before refresh and separates later revisions (30.8784ms)
✔ 랜덤 팀 화면은 도메인 계산과 입력·빈·오류·결과·복사·초기화 상태를 연결한다 (2.296ms)
✔ 코인 토스 화면은 제작 영상과 상태머신·fallback 공개 경로를 함께 둔다 (5.5207ms)
✔ 공개 도구 페이지에는 상호 이동과 canonical metadata가 있다 (8.3134ms)
✔ 팀 밸런스 화면은 승인 계정, 10명 입력, V1 단일 추천·공유·수동·저장·재평가 수명주기를 연결한다 (6.4747ms)
✔ 팀 밸런스 후보 API는 승인 계정과 안전한 서버 검색·신청 그룹 경계를 사용한다 (1.4124ms)
✔ 시작 페이지는 익명·계정 상태·승인 계정·관리자 진입을 구분한다 (2.47ms)
✔ Riot 도움말은 직접 연결과 별도 본인 인증, 공개·비공개 범위를 안내한다 (0.3531ms)
✔ 설치 화면은 install prompt와 iOS·Android PWA·개인 캐시 금지를 구분한다 (1.0973ms)
✔ 사용자 shell은 skip target, landmark, modal search, 모바일 5개 진입점을 제공한다 (7.5272ms)
✔ 전체 메뉴는 목적별로 기능을 보여주고 필요한 계정 접근을 안내한다 (0.8268ms)
✔ 일반 로그인은 홈으로 돌아가고 로그인된 헤더·모바일 메뉴는 내 정보를 표시한다 (2.3924ms)
✔ V2 UI는 실제 운영 데이터가 없을 때 합성 샘플을 사용자 화면에 연결하지 않는다 (1.6417ms)
✔ 사용자와 관리자 로그아웃 UI는 세션 폐기 성공 뒤에만 로그인 화면으로 이동한다 (1.5523ms)
✔ 관리자 계정 상세는 저장소 장애를 존재하지 않음 404로 축소하지 않는다 (1.2603ms)
✔ 모바일 관리자 메뉴에서도 현재 역할과 안전한 로그아웃을 제공한다 (1.8896ms)
✔ 관리자 로그인은 비밀번호 후 원래 화면으로 이동하며 인증 코드 필드가 없다 (0.8603ms)
✔ 계정 작업 UI는 stale revision에서 최신 projection을 읽고 안내를 유지한다 (2.5201ms)
✔ 일회성 비밀번호는 숨김·BFCache 복귀·명시적 닫기에서 메모리와 안내를 함께 종료한다 (1.2956ms)
✔ 내 계정 플레이어 탭은 대기 claim과 거절 claim을 구분한다 (1.1785ms)
✔ 내 계정 상태 안내는 공개 사유가 없을 때도 상태별 기본 문구를 구분한다 (0.6114ms)
✔ 계정 시각은 공통 Asia/Seoul 24시간 포맷터를 사용한다 (1.3386ms)
✔ 가입·본인 비밀번호 변경 UI는 성공과 pagehide에서 비밀번호 fingerprint ref를 즉시 비운다 (1.7892ms)
✔ 정적 마감 대상의 native button은 submit 여부를 명시한다 (299.0233ms)
✔ 이벤트 운영 폼은 내부 UUID나 JSON 복사를 요구하지 않는다 (2.1104ms)
✔ 완성된 메뉴와 관리자 검색은 과거 단계 문구를 노출하지 않는다 (0.863ms)
✔ Riot ID의 게임 이름과 태그는 각각 이름을 가진다 (0.6505ms)
✔ 화면 효과는 스트리밍 중인 React 하위 DOM을 변경하지 않는다 (2.1376ms)
✔ 전역 효과 CSS는 감속 모드·정밀 포인터·강제 색상 경계를 유지한다 (0.5671ms)
ℹ tests 487
ℹ suites 0
ℹ pass 487
ℹ fail 0
ℹ cancelled 0
ℹ skipped 0
ℹ todo 0
ℹ duration_ms 2246.9175

> klol-gg-v2@0.1.0 test:unit
> tsx --test tests/*.test.ts

✔ KST date-time formatting is deterministic and never uses AM/PM (1.2044ms)
✔ one-time secret response is discarded after any hidden-page boundary (0.1941ms)
✔ initial pageshow does not invalidate a request, while history restoration does (0.1284ms)
✔ every account conflict reason has an explicit safe actionable HTTP problem (2.4264ms)
✔ recovery response timing applies the same bounded floor with injectable time (0.7376ms)
✔ signup is an exact agreement-bound contract with NFKC lowercase identities (3.7357ms)
✔ login and password change reject extra keys, controls, reuse, and weak passwords (0.3756ms)
✔ own player edit retains compatibility with Riot ID and supported tier fields (0.8389ms)
✔ own player names are normalized, bounded and cannot target another account (0.4499ms)
✔ claim approval requires an exact explicit manual-review acknowledgement shape (0.4754ms)
✔ sensitive administrator mutations require an exact typed target login id (0.3451ms)
✔ admin account list query is canonical, bounded, and rejects duplicates or controls (0.417ms)
✔ password verification identifies legacy bcrypt and new scrypt with dummy work for unusable hashes (174.3742ms)
✔ safe next accepts only normalized same-origin paths (1.1683ms)
✔ account next rejects ambiguity, browser normalization tricks, and administrator paths (0.3746ms)
✔ login limiter caps attempts by normalized login and resets after its window (1.3021ms)
✔ login work gate releases capacity exactly once (0.1358ms)
✔ rate-limit IP keys trust only Vercel's anti-spoofing header on Vercel (20.9973ms)
✔ mutation guard requires an exact same origin (2.1107ms)
✔ body guard stops reading after the byte limit (3.913ms)
✔ invalid gallery files do not consume the five valid upload slots (1.4416ms)
✔ gallery file planning applies remaining capacity after validation (0.1988ms)
✔ short-lived gallery upload reports are bounded before display (0.3348ms)
✔ administrator parity ledger accounts for all 81 V1 pages exactly once (1.7903ms)
✔ administrator transition decisions preserve the approved totals (0.1747ms)
✔ runtime parity ledger cannot drift from the reviewed route map (1.125ms)
✔ every destination stays inside the reviewed administrator or operations-doc boundary (0.3524ms)
✔ legacy administrator routes resolve only to reviewed same-origin destinations (0.6479ms)
✔ target interpolation rejects missing parameters and non-local destinations (0.4318ms)
✔ 관리자 대상 선택기 검색은 bounded query와 선택 유지 ID만 허용한다 (1.5373ms)
✔ 관리자 대상 선택기는 짧은·중복·미허용·bidi·잘못된 include를 거부한다 (0.3257ms)
✔ TOTP lifecycle payloads are self-only and accept exactly one six-digit code (1.1145ms)
✔ generated TOTP secrets contain 160 random bits in canonical base32 form (0.4359ms)
✔ TOTP credential fingerprint binds every encrypted envelope field (2.7441ms)
✔ fixture authentication requires a live short-lived verifier proof on loopback (26.1671ms)
✔ production session cookies are Secure even when transport inference is false (0.241ms)
✔ account and administrator elevation cookies coexist with purpose-bound lifetimes (0.1634ms)
✔ JWT decode rejects oversized attacker input before JOSE parsing (0.4094ms)
✔ administrator IA exposes exactly ten unique protected workspaces (1.2992ms)
✔ every administrator workspace has a canonical App Router page (1.7402ms)
✔ active workspace matching does not make the dashboard match every route (0.1986ms)
✔ dashboard leaves a real work destination available (0.1317ms)
✔ operations exposes all four existing form routes and selects their lists and details consistently (0.8986ms)
✔ versioned keyrings require explicit current 32-byte keys (1.5307ms)
✔ database authentication fails closed when any required runtime value is missing (0.4186ms)
✔ AES-256-GCM TOTP envelope binds ciphertext to account and key version (1.0319ms)
✔ session signing keyring writes current kid and still verifies retained prior keys (17.1016ms)
✔ session codec round-trips only the minimal signed claims (15.1199ms)
✔ session codec generates a unique required jti for every issuance (2.8067ms)
✔ session codec rejects tampering, expiry, and a different secret (3.3256ms)
✔ session codec requires iat and enforces the 30 minute lifetime contract (1.7422ms)
✔ session codec pins issuer, audience, algorithm, and rejects future issuance (1.9971ms)
✔ authorization requires an administrator session and role without TOTP (0.2151ms)
✔ account sessions are limited by status and never become administrator elevation (0.1618ms)
✔ codec accepts seven-day ACCOUNT sessions but rejects seven-day ADMIN sessions (1.5592ms)
✔ session is revoked when account state, role, or authVersion changes (0.2564ms)
✔ approved administrators log in using only a password, regardless of legacy TOTP enrollment or keys (423.2887ms)
✔ administrator password login still rejects user roles, unapproved accounts and temporary passwords (403.306ms)
✔ login input rejects control characters and invalid legacy OTP fields (42.6439ms)
✔ canonical selector parser preserves one reviewed value (1.5752ms)
✔ canonical selector parser rejects duplicates, unknown keys, and unreviewed values (0.163ms)
✔ legacy application and season review destinations render distinct canonical states (1.6462ms)
✔ champion identity and public DTO are canonical and allowlisted (6.1078ms)
✔ ADMIN TOTP create, update and deactivate preserve history (3.4873ms)
✔ exact receipt replay returns before aggregate lock (0.4833ms)
✔ authorization and immutable body tampering fail closed (0.5342ms)
✔ outbox failure rolls aggregate, audit and receipt back together (0.3322ms)
✔ champion HTTP boundary binds exact input, session, revision and idempotency (29.3998ms)
✔ 173-row V1 fixture maps every NULL portrait to a unique official URL (3.0518ms)
✔ backfill blocks duplicate identities and unmatched rows (0.4347ms)
✔ pinned Data Dragon catalog contains 173 unique official champions (0.8113ms)
✔ home splash chain keeps high-resolution artwork ahead of icon and stored fallback (0.6926ms)
✔ resolver uses official ids for canonical, legacy, numeric and Korean lookups (0.2744ms)
✔ all generated portrait URLs use the pinned official version (0.2981ms)
✔ candidate chain prefers official identity, then validated stored URL, then text fallback (0.2076ms)
✔ champion list query is strict, bounded, and public status cannot be overridden (1.8377ms)
✔ admin DTO exposes revision and status but no hidden account or storage fields (2.7608ms)
✔ event lifecycle follows its explicit path and restores only its recorded cancelled state (2.2361ms)
✔ event lifecycle cannot complete without a confirmed final or leave a terminal state (0.1781ms)
✔ destruction lifecycle gates auction, preliminary, four-team tournament, and final (0.2673ms)
✔ rosters enforce five unique players, positional coverage, ARAM semantics, and one captain (0.5712ms)
✔ best-of results require an exact clinching score and a consistent winner (1.0897ms)
✔ single elimination seeding is canonical and creates replayable bye/source-fixture structure (1.1755ms)
✔ bracket advancement is deterministic, idempotent, and rejects overwrites or premature results (0.5209ms)
✔ round robin schedules each pair exactly once without same-round double booking (0.4762ms)
✔ group round robin is group-key canonical and prevents cross-group duplicates (0.3716ms)
✔ standings rebuild from the full confirmed fixture set with V1-compatible canonical ties (0.6655ms)
✔ command envelope and receipt validators bind actor purpose, optimistic revision, and digests (2.6554ms)
✔ audit and outbox contracts reject secret-bearing or incoherent records (0.4238ms)
✔ competition display projections prefer human labels and never fall back to raw identifiers (0.7003ms)
✔ event result gallery can be linked only during or after play (5.0746ms)
✔ POSITION applications upsert, retain identity, cancel, and reactivate only inside recruitment (1.5091ms)
✔ ARAM applications reject position claims and accept positionless entries (0.3191ms)
✔ admin import is atomic at the aggregate boundary and recruitment closes with exactly ten active entries (0.6785ms)
✔ event consumes the S06 balance port shape and validates two complete five-person rosters (1.3538ms)
✔ seeded bracket derives the champion, supports correction, and completes with an event participant MVP (1.2379ms)
✔ correcting an upstream result preserves the other branch and explicitly invalidates downstream results (0.9516ms)
✔ cancellation recovery restores only the recorded phase and public DTOs omit private ownership data (1.0672ms)
✔ command handler rechecks authorization in-transaction and commits aggregate, audit, outbox, then receipt (6.2294ms)
✔ authorized idempotency replay skips aggregate work and a mismatched fingerprint fails closed (0.791ms)
✔ command handler rejects stale expected revisions before any aggregate write (0.4097ms)
✔ command metadata cannot downgrade admin commands or detach owner intent from the player (1.2901ms)
✔ competition saved views only accept one allowlisted type (0.7743ms)
✔ event application deep link rejects unrelated and repeated values (0.1885ms)
✔ destruction detail deep links retain only valid section-bound values (1.4296ms)
✔ administrator live auction view requires the complete exact pair (0.3904ms)
✔ requires the exact destructive cutover acknowledgement and PostgreSQL URL (2.1655ms)
✔ orders read-only preflight, migration, and one repeatable-read import transaction (2.2431ms)
✔ rolls back the import transaction and closes the pool on phase failure (0.5389ms)
✔ rolls back read-only preflight before migration when the source check fails (0.2538ms)
✔ V1 events preserve participant ownership, team membership and a canonical import revision (5.7383ms)
✔ V1 event winners are replayed through the deterministic V2 bracket (1.0817ms)
✔ V1 destruction preserves four validated rosters, applications and auction balances (1.8783ms)
✔ lossy cancellation and in-flight auction states fail closed while gallery linking is deferred (1.1302ms)
✔ empty source imports are rerunnable and never control the caller transaction (1.8639ms)
✔ core record import is externally transactional and idempotent (3.7979ms)
✔ core record import uses qualified V1 sources and the shared legacy UUID mapping (0.3483ms)
✔ core integrity sends an escaped Data Dragon allowlist to PostgreSQL (0.5056ms)
✔ integrity failure stops before the first write (0.5019ms)
✔ imports supported discipline and public Riot projections (2.6378ms)
✔ a clean rerun inserts no rows and still reconciles (0.2494ms)
✔ rejects an actor that cannot own imported discipline records before writes (0.5043ms)
✔ does not silently drop discipline task states that need evidence migration (0.1928ms)
✔ rejects Riot summaries that cannot be represented without a safe link (0.224ms)
✔ throws when imported extension rows fail reconciliation (0.2028ms)
✔ imports V1 accounts and players through deterministic legacy mappings (2.1683ms)
✔ a clean rerun inserts nothing and still reconciles (0.3357ms)
✔ fails before writes when source identity data is unsafe (0.6802ms)
✔ throws on missing relationships so the caller transaction can roll back (0.1942ms)
✔ throws when target legacy IDs or core relationships do not reconcile (0.3173ms)
✔ imports public media URLs and inhouse private-asset metadata without secret blobs (1.984ms)
✔ legacy public URLs remain visible through the V2 media projection (0.3517ms)
✔ a clean rerun inserts or relinks nothing and still reconciles (0.2956ms)
✔ rejects unsafe gallery URLs before the first write (0.4813ms)
✔ throws when imported metadata does not reconcile (0.2589ms)
✔ projects only bounded Kakao feature settings and records excluded operational row counts (2.651ms)
✔ a clean rerun does not rewrite the already reconciled settings projection (0.2424ms)
✔ rejects invalid_actor before any target mutation (0.4482ms)
✔ rejects invalid_settings_root before any target mutation (0.1308ms)
✔ rejects invalid_boolean_settings before any target mutation (0.218ms)
✔ rejects invalid_max_message_length before any target mutation (0.1703ms)
✔ fails closed when the target does not exactly reconcile (0.2495ms)
✔ the preservation policy explicitly excludes logs, secrets, transient jobs and caches (0.1706ms)
✔ imports parties and normalized operation forms idempotently in the caller transaction (3.7854ms)
✔ uses qualified V1 sources, full target UUID kinds, and parameterized reviewer identity (0.6835ms)
✔ blocks malformed dates and members before any target write (0.7249ms)
✔ rejects invalid or non-SUPER cutover actors (0.4188ms)
✔ reconciliation failure asks the caller to roll back (0.3736ms)
✔ documents V1 party, operation-form, and scrim schema gaps (0.2029ms)
✔ season applications, saved drafts, and MMR projections import idempotently (3.5997ms)
✔ uses fully-qualified source tables and deterministic full target UUID kinds (0.3761ms)
✔ unrepresentable source data fails before the first target write (0.8486ms)
✔ preflight explicitly covers missing draft owners, nullable legacy game IDs, and review provenance (0.2447ms)
✔ source/target count mismatch requests caller rollback (0.3954ms)
✔ complete uses ADMIN intent, expectedRevision, one atomic audit/outbox/receipt commit, and replay (5.3366ms)
✔ idempotency conflicts, stale revisions, account sessions, and scope drift fail closed (1.0557ms)
✔ cancel and restore retain only the recorded lifecycle recovery state (0.8053ms)
✔ public DTO is an explicit allowlist without cancellation reason, raw votes, audit, or session material (0.337ms)
✔ application port types retain JSON-safe public response material (0.2704ms)
✔ one-off auction tiers apply sample shrinkage and bind captain points to the same valuation (1.1401ms)
✔ Riot collection freezes the latest 100-ID window, resumes batches, excludes remakes and never mixes queues (31.1927ms)
✔ upstream failures and missing data never turn into zero-win ratings (3.5704ms)
✔ absolute lookup expands 90/180/365 days using valid games, fixed end and deduplicated details (3.2831ms)
✔ absolute empty results try all three windows before declaring missing data (0.9526ms)
✔ absolute collection stops expanding at twenty valid games and caps all windows at 100 details (16.3567ms)
✔ HTTP callers cannot supply fabricated Riot records, grades, or arbitrary modes (0.6347ms)
✔ verified input requires mode, bounded counts and evidence without caller-supplied pricing/source (0.4187ms)
✔ the eight preliminary configurations derive BO1/BO3 and enforce viable lane capacity (1.4755ms)
✔ captain points use the versioned arithmetic boundary: subtract, round to ten, clamp (0.1927ms)
✔ owner/admin cancellation intent is explicit and cannot cancel another user's application (0.2747ms)
✔ captain confirmation and seeded auction preserve draw, balance, roster, and position invariants (3.8137ms)
✔ preliminary standings always rebuild from the full fixture set and seed four finalists (1.9444ms)
✔ a replacement changes only the current roster and cannot rewrite an existing fixture snapshot (4.3924ms)
✔ match-wide MVP voting bans self votes, requires ten voters, and limits tie revotes (2.8163ms)
✔ the common bracket can finish semifinal and final fixtures for destruction completion (0.5441ms)
✔ captain preference is boolean-only, optional for legacy callers, and part of idempotency (3.4691ms)
✔ destruction list query is an explicit single-value allowlist (0.6473ms)
✔ destruction list accepts blank native GET controls without accepting invalid filters (0.3213ms)
✔ admin parser covers lifecycle commands and rejects unknown or extra material (0.6529ms)
✔ service binds owner identity, request fingerprint and SUPER-sensitive intent server-side (0.4762ms)
✔ HTTP mutation boundary requires same origin, If-Match and Idempotency-Key (30.3659ms)
✔ agreed 30/50/10/5/5 formula uses fixed absolute cutoffs and no participant percentiles (1.9697ms)
✔ unknown data is neither a zero nor a redistributed weight; zero-weight components are excluded (1.9174ms)
✔ solo rank bands and champion breadth avoid entrant-dependent ranks and cumulative-points dominance (0.4449ms)
✔ support and damage contributions use fixed role targets; absent statistics remain unknown (0.3956ms)
✔ automatic step persists partial collection, rate limits, missing data, and produces a score only when complete (1.9419ms)
✔ Riot facts request normal APIs, validate source rows and never infer unranked or missing challenges as zero (25.3019ms)
✔ challenge matching tolerates locale typography but rejects seasonal, inactive, duplicate and missing facts (5.3064ms)
✔ cron authentication rejects unauthorized requests before touching data and exposes only counters (3.3771ms)
✔ admin payload cannot inject weights, scores, source or arbitrary extra fields (0.5737ms)
✔ self-reported total games ignore win rate, cap at 300 and distinguish zero from missing (1.4716ms)
✔ new automatic evaluation combines numeric input with four sources without requesting ARAM (1.2959ms)
✔ unfrozen old formulas drop the proxy, preserve other facts and weights; frozen auctions never change (0.7461ms)
✔ recruitment counters exclude withdrawn and rejected applications; transition identifies a missing lane (3.2805ms)
✔ auction completion requires all five positions and refuses a paused auction (0.3276ms)
✔ preview generation retains every legacy format and produces no self matches or duplicate fixture IDs (1.4622ms)
✔ auction eligibility and server validation retain the minimum points for every unfilled slot (1.2606ms)
✔ public progress reveals totals and standings without exposing applicant ownership or raw ballots (12.7033ms)
✔ only a stale revision produces HTTP 412; business preconditions produce 409 (21.292ms)
✔ optional schedule preserves old snapshots and rejects reversed or invalid dates (1.6664ms)
✔ positionless recruitment and auction preserve headcount and money without imposing roles (1.0079ms)
✔ owner submission rechecks authorization and binds a READY private asset atomically (6.4937ms)
✔ exact replay returns the durable body without touching the task or asset (0.6631ms)
✔ missing private asset and failed authorization use existence-masked errors (0.9711ms)
✔ outbox failure rolls task, audit, outbox and receipt back together (0.4389ms)
✔ review requires an ADMIN-purpose TOTP recheck and approves the exact evidence batch (0.6723ms)
✔ tampered immutable request body fails before the transaction (0.2572ms)
✔ identity prioritizes account then player and normalizes direct identity (0.8092ms)
✔ warning policy preserves V1 counts and deterministic oldest-first conversion (0.7164ms)
✔ three active warnings create one review and an existing pending review suppresses duplicates (0.1902ms)
✔ owner evidence submission reaches review only at the exact required count (0.5048ms)
✔ rejection creates a batch boundary and requires a complete fresh batch (0.1951ms)
✔ stale, non-owner, duplicate, expired and invalid review operations fail closed (0.6404ms)
✔ public discipline DTO contains aggregate counts only (1.421ms)
✔ discipline admin input parsers keep a closed field allowlist (1.6204ms)
✔ review and cancellation bodies reject ambiguous shapes (0.2297ms)
✔ event public query rejects duplicate and unknown filters (1.5052ms)
✔ event list accepts blank native GET controls without accepting invalid filters (0.3224ms)
✔ event service creates a server-fingerprinted command and rejects unstable identifiers or even BO (2.3692ms)
✔ own application requires a stable participant UUID so retry fingerprints cannot drift (1.2347ms)
✔ ARAM application reaches the aggregate without fabricated position preferences (0.7769ms)
✔ event gallery command accepts only an exact nullable gallery identifier (0.5057ms)
✔ 익명 검색에도 계정 기능을 발견할 수 있고 접근 필요 상태가 유지된다 (3.4099ms)
✔ 팔레트 바로 가기는 실제 canonical 사용자 페이지 안에서만 구성된다 (1.7905ms)
✔ 로그인 전역 검색은 페이지·도구·콘텐츠·계정 키워드를 정규화해 찾는다 (3.5993ms)
✔ 플레이어 검색은 공백을 정리하고 URL 구성요소를 안전하게 인코딩한다 (0.3652ms)
✔ home prioritizes ongoing competitions before newer completed records without mutating input (11.619ms)
✔ home omits only placeholder-only titles, retaining meaningful titles containing test (0.9427ms)
✔ 홈의 서로 다른 공개 피드는 시간 역순과 ID tie-break로 결정적으로 합쳐진다 (11.4403ms)
✔ 홈 피드 제한은 음수와 비정수 값을 거부하고 0은 빈 피드를 만든다 (0.4011ms)
✔ 홈 멸망전 우승 갤러리는 FK 연결을 우선해 중복 제거하고 게시일 역순과 최대 개수를 지킨다 (0.25ms)
✔ 오늘의 챔피언은 KST 날짜·활성 목록에 대해 SSR에서도 결정적이고 다음 날 변경된다 (10.082ms)
✔ 오늘의 챔피언 문구와 챔피언별 개별 재구성 이미지를 연결한다 (0.4301ms)
✔ 홈 안내 허용 목록은 공식 매핑을 통과한 여성 챔피언 68명과 고유 문구를 갖는다 (0.4265ms)
✔ 특례 네 챔피언은 포함하고 Kindred와 남성·미확인 후보는 기본 거부한다 (0.1992ms)
✔ 레거시 키는 표시 이름으로 canonicalize하며 같은 공식 챔피언을 한 번만 선택한다 (0.2505ms)
✔ trace IDs accept only non-zero 32-digit hexadecimal values (1.0174ms)
✔ traceparent parsing pins version 00 and rejects ambiguous or zero identifiers (0.2083ms)
✔ validated trace extraction does not fall back around a malformed traceparent (17.947ms)
✔ public problem definitions reject unsafe public fields (0.4131ms)
✔ problem responses expose only the fixed public contract and validated trace ID (3.017ms)
✔ forged problem objects fall back without leaking stack, SQL, or extra fields (0.8552ms)
✔ no-store response helpers enforce API security headers over caller overrides (0.6151ms)
✔ JSON content types allow UTF-8 JSON and structured +json only (0.2954ms)
✔ JSON body reader preserves split UTF-8 code points and reports actual bytes (3.107ms)
✔ JSON body reader separates media type, empty body, UTF-8, and JSON errors (1.7675ms)
✔ JSON body reader rejects duplicate decoded object keys at every nesting level (1.1131ms)
✔ JSON body reader enforces declared and streamed byte limits (0.7005ms)
✔ JSON body reader rejects malformed and mismatched Content-Length (0.9353ms)
✔ JSON body reader reports stream failures and rejects unsafe limit configuration (0.5826ms)
✔ JSON body reader cancels a rejected unread stream without exposing its data (0.2264ms)
✔ problem mappings keep parser failures on the reviewed public catalog (0.2107ms)
✔ Idempotency-Key parsing is strict, bounded, and case preserving (0.3306ms)
✔ idempotency hash material is deterministic and domain separated (0.4434ms)
✔ revision parsing accepts canonical non-negative safe integers including schema default 0 (0.2256ms)
✔ If-Match parsing requires one strong integer revision ETag (0.3431ms)
✔ pagination parsing applies defaults and explicit upper bounds (0.346ms)
✔ pagination rejects duplicate, ambiguous, oversized, and attack-shaped values (0.2542ms)
✔ pagination rejects unsafe parser configuration (0.1942ms)
✖ every application icon import resolves to a generated image, including shared UI controls (3413.1347ms)
✔ image icons preserve size, accessible names and decorative semantics (1.0984ms)
✔ artwork files match their provenance, alpha grids and transfer budget (79.8496ms)
✔ Kakao operation settings accept only bounded secret-free fields (1.9642ms)
✔ Kakao runtime configuration exposes booleans, never secret values (0.2726ms)
✔ Kakao message policy normalizes before applying the stored length limit (0.1846ms)
✔ Kakao admin tab query accepts only allowlisted keys for the selected tab (0.1981ms)
✔ sensitive Kakao admin tabs require SUPER_ADMIN while operating tabs remain ADMIN (0.1179ms)
✔ party member statistics search is normalized and bounded (0.2866ms)
✔ Kakao assistant accepts only exact bounded search and read commands (1.9434ms)
✔ Kakao season snapshots require exact bounded participant slots and positions (1.3621ms)
✔ Kakao season command access keeps submit and status member-safe while force cancel stays trusted (0.142ms)
✔ managed forms route only the explicit operation-form command (0.2455ms)
✔ Kakao image receive requires an owner-created opaque session and exact bounded fields (0.4479ms)
✔ player search DTO is an explicit public allowlist (0.1738ms)
✔ form codes are readable ASCII and normalize mobile fullwidth/lowercase input (0.792ms)
✔ snapshot expiry is precisely the next 06:00 KST, including month/year boundaries (2.181ms)
✔ identical canonical snapshot objects reuse their hash while row order remains significant (0.9933ms)
✔ snapshot storage rejects non-JSON, oversize and pathological nested originals before querying (7.0182ms)
✔ old-day, invalid scope and invalid code cannot read or issue snapshots (0.5827ms)
✔ guarded old name-only rows reach snapshot validation while new forms still require lanes (17.0297ms)
✔ legacy copies preserve current lanes and protected rows and do not resurrect removed entries (5.5544ms)
✔ name-only additions, replacements, moves and stale draft guesses never bypass mandatory lanes (0.2721ms)
✔ legacy compatibility retains explicit deletion, replacement protection and field conflicts (0.4105ms)
✔ latest formatter sorts reserve gaps, prints one start phrase and makes no-change distinct from new registration (1.6589ms)
✔ modern form round-trips empty metadata and all requested Rift line syntaxes (10.7996ms)
✔ Rift missing lines, duplicate names and incomplete copies never become mutations (4.1312ms)
✔ detail preserves aliases and reserve gaps and closed details cannot act as editable forms (1.4152ms)
✔ member guidance distinguishes no match, many matches and unverified match without claiming nonmembership (0.3973ms)
✔ overview stays a list for one round, counts guests, and filled message uses mutation result only (0.7274ms)
✔ copy merge preserves concurrent additions, applies deletion and field edits, and protects SITE entries (1.1263ms)
✔ editing a participant added after an empty form reports stale form, while latest form edits preserve other people (0.4855ms)
✔ line errors are actionable without calling storage; saved result survives overview read failure (2.1621ms)
✔ each inhouse mode saves once then returns all active modes instead of its copy form (2.1217ms)
✔ inhouse description accepts editable labels, preserves omission and rejects conflicting metadata (3.1289ms)
✔ R24 compact party form keeps the complete saved-result envelope copyable with one new name (11.0462ms)
✔ R24 fresh party templates need only a name and retain unknown time explicitly (4.0593ms)
✔ compact forms preserve jamo through parsing and storage and sort sparse reserve display slots (5.3759ms)
✔ R24 compact party forms cannot fall back to unguarded legacy parsing when the code is removed (1.3667ms)
✔ the full legacy party detail can add a name without changing existing members or its saved identity (2.0239ms)
✔ copyable forms retain literal metadata, sparse reserve slots, and reserve display names (0.8496ms)
✔ resubmitting the current unchanged full form preserves the aggregate and revision (1.1936ms)
✔ line-party copies preserve stored slot names when old position metadata is missing or inconsistent (2.9442ms)
✔ metadata mentioning another recruitment title does not become a second form title (0.8949ms)
✔ custom stored titles remain visible in status while copy forms use the stored party type and capacity (2.8448ms)
✔ detail header and summary identity conflicts are ambiguous and never canonicalize (10.0257ms)
✔ out-of-range detail identifiers and capacities are rejected (1.5338ms)
✔ ADR0011 overview includes all 99 numbers, bounds only summaries and keeps drafts private (9.853ms)
✔ ADR0011 blank numbered draft round-trips CRLF and an optional display separator (6.3575ms)
✔ party parser keeps raw slot intent across Kakao punctuation variants (6.4185ms)
✔ party parser accepts clipped headers and an adjacent wrapped slot value (0.8792ms)
✔ display values keep compatibility jamo while form numbers and codes retain width compatibility (0.6091ms)
✔ display separators never become metadata or a participant and blank rows remain explicit (1.0792ms)
✔ metadata is order independent, multiline, and keeps absent separate from empty (1.1023ms)
✔ V1 line-party position fixtures keep canonical positions (0.3862ms)
✔ duplicate, merged, missing, and multiple-number structures are diagnosed without last-wins parsing (1.4784ms)
✔ recoverable, rejected, and ordinary text decisions remain distinct (4.8444ms)
✔ numbered primary rows must stay within the submitted capacity even when empty (4.3944ms)
✔ saved form references require one concrete recruit number and cannot request automatic creation (2.3255ms)
✔ only EXACT party forms become SYNC while parsed title and slot states reach canonical payload (2.407ms)
✔ metadata-only party activation forms accept slash and keep organizer separate from members (1.9769ms)
✔ the reported #11 party template classifies as one metadata activation snapshot (3.4078ms)
✔ generated operating day wins across the 06:00 boundary while legacy forms keep fallback behavior (0.8763ms)
✔ 내전/스크림 번호ㅉ 명령은 slash 유무와 관계없이 현재 운영일 FINISH로 canonicalize된다 (14.8741ms)
✔ 다른 sender도 같은 installation/room의 내전 번호를 마감하고 최신 내전현황을 받는다 (2.053ms)
✔ 다른 sender도 같은 installation/room의 스크림 번호를 마감하고 최신 스크림현황을 받는다 (1.26ms)
✔ 동일 event replay는 내전 마감 한 번과 스크림 종료 안내를 재사용한다 (1.1178ms)
✔ room capability profiles are exclusive and exposed as authorization policies (1.2468ms)
✔ site notices are OFF by default and require an explicit target and identity (0.7658ms)
✔ notice source scope matches the real FEATURES inhouse router and rejects PARTY scope (1.0345ms)
✔ notice signatures bind action, exact target and installation with a separate protocol (0.5523ms)
✔ bounded envelope rejects arbitrary payload, room names and malformed ACK (0.4106ms)
✔ site notices expire by recruiting-day rollover and unverified filter is distinct (1.8574ms)
✔ HTTP boundary authenticates before DB access, rejects replay and never caches (27.7589ms)
✔ V1 strict record always shows season/tier and the canonical multi-game recent line (0.8947ms)
✔ V1 strict recent, missing player, and empty ranking preserve the canonical copy (0.2073ms)
✔ V1 strict operation and season empty replies keep public V1 labels (0.7483ms)
✔ V1 strict season STATUS keeps canonical zero, one, and multiple-round results (0.2057ms)
✔ V1 strict season DETAIL keeps the full existing form and empty missing result (0.1372ms)
✔ V1 strict scrim time keeps an explicit M/D instead of forcing the operation date (7.4696ms)
✔ V1 strict scrim time accepts 오전/오후 and H시 forms (1.1198ms)
✔ V1 strict scrim time preserves free text without exposing its internal memo carrier (0.4146ms)
✔ strict V1 and ordinary V4 reserve copyable drafts and return the overview after saving (6.475ms)
✔ strict V1 detail is the full copyable form without repeated command guidance (0.5369ms)
✔ party overview keeps full, started and large parties in numeric order (0.9939ms)
✔ strict V1 missing detail uses the canonical not-found reply (0.2401ms)
✔ strict V1 missing scrim detail uses the canonical success reply while ordinary V4 stays not-found (1.2075ms)
✔ strict V1 scrim status and detail preserve a free-text legacy start time (0.7297ms)
✔ Kakao HTTP verification reports allowlisted internal reasons without weakening the generic boundary (32.4189ms)
✔ V2 installation fingerprint is inside the HMAC material (2.1804ms)
✔ V3 binds installation key id, delivery id, and bot version inside the HMAC material (2.0067ms)
✔ legacy party and scrim mutations fail closed with an explicit V2 successor and no redirect (1.4697ms)
✔ 내전과 스크림 빠른 추가·삭제는 슬래시, 모바일 공백과 제한된 오타를 허용한다 (14.9069ms)
✔ 협곡 내전 빠른 추가는 이름만 또는 티어·라인 전체 입력을 모두 허용한다 (4.4261ms)
✔ 내전 전체 양식은 일반 명단과 예비 명단을 함께 동기화한다 (3.8762ms)
✔ 빠른 추가·삭제는 명확한 번호와 한 명의 안전한 이름만 허용한다 (2.3538ms)
✔ 내전 명령도 파티·스크림과 같은 오전 6시 운영일을 사용한다 (0.4797ms)
✔ 내전·스크림 생성은 DRAFT 번호를 먼저 예약하고 실제 번호가 든 양식만 응답한다 (2.5502ms)
✔ 내전 안내 문구는 공지가 아니며 스크림 빈 예약 양식은 활성화 명령이 되지 않는다 (3.7106ms)
✔ 내전·스크림 빠른 추가는 이름을 서버 명령으로 보내고 최신 명단을 함께 응답한다 (2.7384ms)
✔ classifier exposes a complete canonical/profile matrix (1.4549ms)
✔ all 101 V41 parity samples classify with zero-or-one slash equivalence (46.1809ms)
✔ the V1 compatibility fixture routes all classify into the six canonical families (18.0192ms)
✔ double slash, URL slash, separated slash, and middle slash stay UNKNOWN (3.2826ms)
✔ profile matrix routes recruit, features, and local commands explicitly (2.4735ms)
✔ diagnostic and raw JSON commands are classified as internal, not user help (0.3669ms)
✔ party, inhouse, and scrim full forms win over command parsing as SNAPSHOT (2.3964ms)
✔ party snapshot accepts metadata-only activation fields and legacy participant rows (1.8069ms)
✔ R23 scrim retirement is structural and does not capture ordinary party names or game information (0.801ms)
✔ party member mutations require an explicit detail prefix and one safe single-line name (2.2597ms)
✔ Kakao copy/paste party row variants still canonicalize to one SYNC member (6.0008ms)
✔ full-width empty reserve punctuation and clock text never become party members (1.4054ms)
✔ flexible party row parsing does not classify ordinary chat or generic number lists (1.0374ms)
✔ party snapshot rejects truncated numeric and position templates (0.814ms)
✔ A→B→A identical text is reclassified without state or content-hash suppression (0.7702ms)
✔ operation forms classify on FEATURES and reject the RECRUIT profile (1.0466ms)
✔ V4 schema preserves the seven-field client and accepts only the exact V1 strict extension (1.8054ms)
✔ slash boundary preserves zero-or-one leading slash parity (0.6913ms)
✔ V4 signature covers the exact raw envelope and timestamp (0.9091ms)
✔ profile authorization does not receive sender role or allowlist inputs (5.1067ms)
✔ health, contract probes, and classified commands return deterministic replies without a runtime dispatcher (3.1123ms)
✔ event ID is the idempotency boundary and mismatched reuse conflicts (0.7558ms)
✔ hot replay cache binds the verified raw request digest (1.0996ms)
✔ R23 retires every old-phone scrim command and form without dispatching or writing (15.876ms)
✔ server help explains editable numbered copies and inhouse mode requirements (0.9141ms)
✔ public error responses keep stable status and code contracts (29.4927ms)
✔ V4 application errors normalize idempotency conflicts to public 409 only (0.6237ms)
✔ 내전 빠른 명단 응답은 결과를 한 줄로 요약하고 본명과 닉네임을 표시한다 (1.3157ms)
✔ 내전 빠른 추가 대상이 미등록이어도 이름과 접수 인원에 포함한다 (0.3607ms)
✔ player record, recent matches, and ranking preserve exact V1-visible fields (1.1905ms)
✔ player and ranking boundary replies preserve V1 wording and percent formatting (0.3022ms)
✔ V4 event key is shared by recruiting and assistant durable receipts (0.9276ms)
✔ party create reserves an invisible draft and returns all blank slots with its copy reference (3.4906ms)
✔ the exact generated V1 party form activates with only organizer populated and applies metadata defaults (8.5686ms)
✔ R24 party creation shows empty metadata, all slots and the code below the title (0.6744ms)
✔ party copy saves return the overview while unchanged stale copies retain editable recovery (7.8059ms)
✔ party copy save overview includes every active party including full parties (1.5231ms)
✔ ADR0011 first registration names stay brief before the complete overview (0.5746ms)
✔ the reported metadata-only #11 form reaches one idempotent party activation (2.674ms)
✔ first completed automatic party form creates the party once (0.349ms)
✔ explicit missing party number never falls back to creating a new party (0.328ms)
✔ closed party copies and repeated finish receive a scoped closed reply without mutation (1.4909ms)
✔ copy edit conflicts and incomplete rows explain recovery and never report a save (0.9081ms)
✔ a concurrent finish gets a closed reply while an active revision race asks for a retry (0.4675ms)
✔ a copied form reference cannot be reused to create an automatic-number party (0.7059ms)
✔ incomplete copied party forms and numberless inhouse detail return actionable guidance (3.764ms)
✔ existing party snapshots forward slot states without forwarding submitted type or capacity (0.6827ms)
✔ party status and detail use one server status receipt and return the latest aggregate (0.311ms)
✔ party member shortcut classifications canonicalize to the current operating day (0.7772ms)
✔ party member shortcut outcomes return confirmation followed by the latest full form (2.6104ms)
✔ missing, ambiguous, and member-limit shortcut results stay concrete successful replies (0.4725ms)
✔ party mutation and latest full form keep the signed instant across the 06:00 KST boundary (0.9911ms)
✔ replayed sync, blank deletion, and finish disclose a failed post-mutation status refresh (0.4048ms)
✔ party snapshot and finish resolve latest revision without owner or role inputs (0.3459ms)
✔ missing current-operating-day party finish is a V1 success reply with the latest status and no mutation (0.2102ms)
✔ scrim status requests only the scrim projection (0.6751ms)
✔ season authoritative zero-person snapshot writes once then reads the overview (0.6737ms)
✔ season SYNC exposes the latest copy reply to both ordinary and strict clients (0.2076ms)
✔ V1 strict season STATUS maps no active season to the canonical empty reply only (0.5455ms)
✔ scrim create and snapshot each issue one recruiting mutation (0.4334ms)
✔ season status and detail each return one authoritative assistant result (0.2294ms)
✔ scrim deprecated lifecycle commands use a static receipt without domain status queries (0.2046ms)
✔ dispatcher fails closed when command domain and static profile differ (0.1868ms)
✔ structural operation candidates with one empty value reach exact missingFields (16.6433ms)
✔ colonless prose and label-only lists remain UNKNOWN (3.8901ms)
✔ party members are canonical by primary/reserve and slot number, independent of row order (2.5575ms)
✔ inhouse copy requires explicit lanes for RIFT main/reserve rows and preserves save reference separately from notices (11.056ms)
✔ inhouse copy rejects malformed/duplicate save references and marks old forms as legacy (3.3651ms)
✔ inhouse copy accepts valid lanes and rejects malformed lane input (0.2766ms)
✔ inhouse stale forms return the latest copy without retrying the mutation, and old days show today's rounds (3.0778ms)
✔ compact inhouse copies retain site-linked optional lanes and separate review rows from participants (16.3578ms)
✔ copy delta preserves latest rows, merges only pure additions, and never revives removed originals (0.7696ms)
✔ old pending footers restore placeholders but never override a corrected body row (1.8528ms)
✔ copy start text preserves free-form event descriptions without inventing a scheduled clock (2.5133ms)
✔ pending name corrections require the original pending row to still be current (0.456ms)
✔ pending corrections and concurrent additions preserve other saved and cancelled rows (0.4063ms)
✔ real RIFT input recovers one missing position slash and accepts empty flexible rows (10.4407ms)
✔ recovery is limited to two valid position aliases and records the failed field (0.2985ms)
✔ legacy empty sub-position markers are accepted only in the sub-position field (0.3109ms)
✔ mixed real-world rows keep valid entries, route partial rows to review, and use the last duplicate slot (0.5735ms)
✔ a final empty duplicate row means cancellation while a missing numbered row is preserved (0.5115ms)
✔ an incomplete duplicate footer cannot replace a valid slot while valid edits stay last-write-wins (0.5128ms)
✔ numbered footer text after a complete empty roster cannot create a pending participant (0.4685ms)
✔ valid edits and explicit cancellation after a complete roster remain last-write-wins (2.2278ms)
✔ the former canonical failure maps to the exact public HTTP 400 document (21.4137ms)
✔ [P0-FIXTURE] input-tolerance matrix is pinned to the unchanged V1 oracle (1.8927ms)
✔ [P0-PARTY-01] punctuation, full-width, escape, and whitespace rows have one semantic member (11.1711ms)
✔ [P0-PARTY-02] an explicit empty slot is valid but an absent slot row is not a full snapshot (4.9188ms)
✔ [P0-PARTY-03] slash and comma in one reserve row stay in one display name (0.7563ms)
✔ [P0-PARTY-04] a 2-person title cannot overwrite an existing 5-person recruit target (1.8051ms)
✔ [P0-PARTY-05] conflicting duplicate slot rows reject the whole snapshot (0.8042ms)
✔ [P0-PARTY-06] member order is canonical and independent of pasted row order (0.8154ms)
✔ [P0-PARTY-07] name suffix notes, emoji, and Kakao tags are preserved (1.4993ms)
✔ [P0-PARTY-08] multiline metadata values match their single-line semantic values (1.1925ms)
✔ [P0-PARTY-09] an automatic-number empty draft never creates a recruit (1.8822ms)
✔ [P0-OPS-01] all four forms preserve values continued on the following line (4.3713ms)
✔ [P0-OPS-02] all four forms expose exact missing-field contracts without submission (1.0495ms)
✔ [P0-OPS-03] parentheses and comma stay in the person name instead of becoming an implicit delimiter (0.2247ms)
✔ [P0-OPS-04] ordinary conversation and partial label discussions remain UNKNOWN (1.3292ms)
✔ [P0-OPS-05:friends] field order does not alter the canonical payload (0.5447ms)
✔ [P0-OPS-06:friends] a conflicting duplicate label rejects the whole form (0.3637ms)
✔ [P0-OPS-07:friends] arbitrary footer text cannot contaminate the last field (0.3236ms)
✔ [P0-OPS-05:suggestions] field order does not alter the canonical payload (0.3574ms)
✔ [P0-OPS-06:suggestions] a conflicting duplicate label rejects the whole form (0.228ms)
✔ [P0-OPS-07:suggestions] arbitrary footer text cannot contaminate the last field (0.4569ms)
✔ [P0-OPS-05:meetups] field order does not alter the canonical payload (0.3907ms)
✔ [P0-OPS-06:meetups] a conflicting duplicate label rejects the whole form (0.2859ms)
✔ [P0-OPS-07:meetups] arbitrary footer text cannot contaminate the last field (0.4304ms)
✔ [P0-OPS-05:leaves] field order does not alter the canonical payload (0.4342ms)
✔ [P0-OPS-06:leaves] a conflicting duplicate label rejects the whole form (0.2898ms)
✔ [P0-OPS-07:leaves] arbitrary footer text cannot contaminate the last field (0.4354ms)
✔ [P0-OPS-08] prose mentioning every label is not classified as a form (0.2091ms)
✔ [P0-IDEMPOTENCY-01] the same event is dispatched exactly once and then replayed (1.0413ms)
✔ [P0-IDEMPOTENCY-02] different events with one semantic payload are both dispatched (1.0598ms)
✔ [P0-MULTIUSER-01] same-room events from different senders reach edit and finish dispatch (0.546ms)
✔ [P0-CANONICAL-01] V1-local fullwidth slash and digits canonicalize to the same finish command on the server (0.1743ms)
✔ [P0-CANONICAL-02] finish and detail commands tolerate whitespace after the copied hash marker (0.2119ms)
﹣ [P0-MULTIUSER-02] PostgreSQL contract proves same-room cross-user edit/finish and different-room no-mutation without an administrator role (0.0543ms) # isolated PostgreSQL harness required
✔ V4 installation identity exactly mirrors the phone HMAC contract (1.4859ms)
✔ one unified phone script shares one identity secret while RECRUIT and FEATURES keep distinct stable installation scopes (0.4388ms)
✔ the server rejects cross-family commands before dispatch for both unified-script profiles (8.1096ms)
✔ arbitrary installation IDs and cross-profile IDs fail closed (0.3492ms)
✔ current and previous signing keys authenticate only their exact HMAC (1.1093ms)
✔ two senders share one installation scope for create, cross-edit and finish (5.8764ms)
✔ runtime identity configuration is bounded without inspecting real environment values (0.2225ms)
✔ V4 signing keyring is isolated from V1 and rejects unsafe reuse (0.2732ms)
✔ V4 route is registry-free and keeps the seven-field identity-free boundary (2.2086ms)
✔ the unified V4 phone callback ignores room and channel values while routing both families (1.4658ms)
✖ admin and architecture copy distinguish V4 installation scope from the legacy room registry (9.9502ms)
✔ [P0-INHOUSE-LIVE-01] 동휘/김동휘 실양식은 Mid all을 복구해 같은 semantic payload로 dispatch한다 (11.3275ms)
✔ [P0-INHOUSE-LIVE-02] slash 계약에 맞춘 MID 또는 ALL 입력은 이름과 무관하게 정상 payload를 만든다 (1.9037ms)
✔ [P0-INHOUSE-LIVE-03] Mid all 복구는 mainPosition MID를 유지하고 나머지 네 부라인을 저장한다 (0.1821ms)
✔ [P0-INHOUSE-METADATA-01] 독립 공지와 20시 시작을 전체 스냅샷 메타로 보존한다 (0.7293ms)
✔ [P0-INHOUSE-METADATA-02] 시작 줄 tail 공지는 수용하고 슬롯 뒤 문장은 공지로 오인하지 않는다 (0.5293ms)
✔ [P0-INHOUSE-METADATA-03] 공지가 없는 전체 스냅샷은 명시적인 null을 만든다 (0.3747ms)
✔ [P0-INHOUSE-METADATA-04] 시작 줄 다음과 인원 줄 사이의 공지도 구조 필드와 분리해 저장한다 (0.555ms)
✔ operation field map is order independent and tolerates Kakao paste punctuation (2.9744ms)
✔ person punctuation remains intact unless slash or pipe is explicit (0.4781ms)
✔ same duplicate fields dedupe while conflicting duplicates block submission with diagnostics (0.3533ms)
✔ leave scope reads only its selected field value, not room names in the footer (0.8258ms)
✔ candidate detection is structural and does not require complete values (1.1769ms)
✔ operation wrappers are candidates only when they occupy a title line (0.2449ms)
✔ person fields are required and never fall back to an opaque sender identity (1.0262ms)
✔ [P3-I01] FEATURES INHOUSE 내전구인 keeps exact V1 reply parity (8.7183ms)
✔ [P3-I02] FEATURES INHOUSE 내전구인 양식 keeps exact V1 reply parity (2.2281ms)
✔ [P3-I03] FEATURES INHOUSE 내전구인 협곡 2026-09-09 21:30 #2 10명 keeps exact V1 reply parity (1.0039ms)
✔ [P3-I04] FEATURES INHOUSE 내전구인 칼바람 2026-09-09 21:30 #3 10명 keeps exact V1 reply parity (0.6568ms)
✔ [P3-I05] FEATURES INHOUSE 내전구인 증바람 2026-09-09 21:30 #3 10명 keeps exact V1 reply parity (0.4038ms)
✔ [P3-I06] FEATURES INHOUSE 내전현황 keeps exact V1 reply parity (0.677ms)
✔ [P3-I07] FEATURES INHOUSE 내전상세 2 keeps exact V1 reply parity (0.3412ms)
✔ [P3-I07] INHOUSE authoritative snapshots preserve delete, zero and A→B→A revisions (7.516ms)
✔ [P3-I08] ARAM and AUGMENT_ARAM snapshots keep name-only authoritative arrays (0.8786ms)
✔ [P3-S01] R23 SCRIM create returns retirement guidance without dispatch (0.9538ms)
✔ [P3-S02] R23 SCRIM new full form cannot reach its former dispatcher (0.2728ms)
✔ [P3-S03] R23 SCRIM edit full form cannot reach its former dispatcher (0.2067ms)
✔ [P3-S04] R23 SCRIM retirement does not depend on active tournament state NO_ACTIVE_TOURNAMENT (0.1677ms)
✔ [P3-S05] R23 SCRIM retirement does not depend on active tournament state AMBIGUOUS_ACTIVE_TOURNAMENT (0.1055ms)
✔ [P3-O01] OPERATIONS friends complete form dispatches once and passes through exact server reply (1.5609ms)
✔ [P3-O02] OPERATIONS suggestions complete form dispatches once and passes through exact server reply (0.2842ms)
✔ [P3-O03] OPERATIONS meetups complete form dispatches once and passes through exact server reply (0.6664ms)
✔ [P3-O04] OPERATIONS leaves complete form dispatches once and passes through exact server reply (0.5661ms)
✔ [P3-O05] OPERATIONS friends missing required values returns an explicit V1 error without dispatch (0.4165ms)
✔ [P3-O06] OPERATIONS suggestions missing required values returns an explicit V1 error without dispatch (0.2186ms)
✔ [P3-O07] OPERATIONS meetups missing required values returns an explicit V1 error without dispatch (0.3434ms)
✔ [P3-O08] OPERATIONS leaves missing required values returns an explicit V1 error without dispatch (0.3369ms)
✔ [P3-M01] OPERATIONS 등록 keeps exact V1 reply parity (0.7693ms)
✔ [P3-M02] OPERATIONS 내전등록 keeps exact V1 reply parity (0.3086ms)
✔ [P3-M03] OPERATIONS 경고등록 keeps exact V1 reply parity (0.2365ms)
✔ [P3-M04] OPERATIONS 인증 keeps exact V1 reply parity (0.2654ms)
✔ [P3-M05] OPERATIONS 경고현황 keeps exact V1 reply parity (0.2893ms)
✔ [P3-M06] OPERATIONS 결과현황 keeps exact V1 reply parity (0.221ms)
✔ [P3-M07] OPERATIONS 사진취소 keeps exact V1 reply parity (0.2145ms)
✔ [P3-M08] OPERATIONS 자동공지 20 keeps exact V1 reply parity (0.2297ms)
✔ [P3-A01] Phase 3 authorization is installation/profile based and never receives room, sender or role (0.6551ms)
✔ [P3-A02] two ordinary senders can use the same Phase 3 command without a sender allowlist (0.3936ms)
✔ [P3-R01] identical eventId replays one successful Phase 3 mutation without a second dispatch (0.5171ms)
✔ [P3-R02] same eventId with a conflicting body maps to public HTTP 409 REPLAY_CONFLICT (21.4668ms)
✔ Phase 3-A: 내전 모드 선택과 협곡·칼바람 복사 양식을 출력한다 (17.4116ms)
✔ Phase 3-A: 내전 전체 현황과 회차 상세는 정확히 한 번 authoritative assistant를 호출한다 (0.8025ms)
✔ Phase 3-A: 협곡 명단 A→B→A와 0명은 각 입력당 한 번의 authoritative snapshot이다 (11.2167ms)
✔ R23: 스크림 양식·현황·상세는 종료 안내만 반환한다 (2.0994ms)
✔ R23: 구형 스크림 신규 양식과 재전송은 저장 없이 종료 안내만 반환한다 (0.3092ms)
✔ R23: 구형 스크림 수정 양식은 기존 데이터와 대회 바인딩을 변경하지 않는다 (0.3614ms)
✔ Phase 3-A: 번호 행 하나가 빠진 양식은 그 슬롯을 보존하고 나머지 행을 동기화한다 (0.4986ms)
✔ four V1 operation forms become exact typed payloads (12.6814ms)
✔ all four forms report their exact missing fields as INVALID_FORM commands (1.1963ms)
✔ registration, result, warning, evidence, status and photo-cancel preserve V1 replies (3.9993ms)
✔ scheduled notice uses one durable assistant request and preserves the V41 formatter (0.4695ms)
✔ valid form submits one typed mutation in the shared V4 event scope (0.4448ms)
✔ invalid form claims a durable receipt before exposing field-specific INVALID_FORM (20.259ms)
✔ operation forms reuse the same durable event identity as recruiting and assistant (0.5191ms)
✔ fresh service instances replay the durable form result and reject a changed body (2.1348ms)
✔ internal raw JSON and phone-local session commands do not become public canonical operations (0.739ms)
✔ [P4-S01] every V1 PUBLIC alias succeeds on its actual profile with exact zero/one slash parity (44.7312ms)
✔ [P4-S02] every single-profile PUBLIC alias maps its opposite profile to HTTP 403 WRONG_PROFILE (50.7417ms)
✔ [P4-S03] authorization never receives room, sender, role or member allowlist fields (0.8491ms)
✔ [P4-S04] unknown public input is INVALID_FORM instead of 501 ROUTER_NOT_ENABLED (1.5043ms)
✔ [P4-S05] 사진상태 gives a site check path without claiming a nonexistent phone session is healthy (1.0578ms)
✔ [P4-S06] 내전미리보기취소 returns a no-mutation discard notice (0.2957ms)
✔ [P4-S07] 내전확인 ABCD1234 returns a no-mutation discard notice (0.4984ms)
✔ [P4-S01] every public fixture alias has a local reply or canonical dispatcher route (17.7505ms)
✔ [P4-S02] server fallback gives exact local help, photo guidance, and no-mutation preview notices (1.5932ms)
✔ [P4-S01A] every actual V41 public sample has a local reply or canonical dispatcher route (7.3543ms)
✔ [P4-S03] unknown and internal direct API inputs normalize to explicit HTTP 400 (24.0942ms)
✔ [P4-S04] V4 command HTTP surface contains no 501 or router-not-enabled response (11.8141ms)
✔ [S01] zero or one leading slash is equivalent for the complete V1 route fixture (1.8798ms)
✔ [S02] malformed slash, URL and middle slash canonicalize to no command (0.1979ms)
✔ [S03] two unregistered general users can create, cross-edit and cross-finish one recruit (9.4896ms)
✔ [S04] full recruit snapshots delete names, accept zero people and preserve A→B→A (7.7784ms)
✔ [S05] FEATURES ranking, record and recent commands return successful replies (5.2585ms)
✔ [S06] a retired scrim command returns the R23 notice after authorization (0.3163ms)
✔ [S07] duplicate mutation callback is applied once and replayed once (1.037ms)
✔ [S08] an event ID body conflict maps to public REPLAY_CONFLICT with HTTP 409 (21.6887ms)
✔ [S09:NORMAL] normal V4 status returns a successful reply (0.4095ms)
✔ [S09:WRONG_PROFILE] wrong profile has an exact public code (0.2801ms)
✔ [S09:INVALID_SIGNATURE] invalid signature has an exact public code (0.5664ms)
✔ [S09:REPLAY_CONFLICT] replay conflict has an exact public code (0.3778ms)
✔ [S09:SERVER_UNAVAILABLE] server failure has an exact public code (0.7749ms)
✔ [S09:INVALID_FORM] invalid V1 form has an exact public code (0.1013ms)
✔ [S10] V1 golden regression inventory remains present for the release run (0.9787ms)
✔ legacy participation redirects preserve only reviewed query values (0.7843ms)
✔ legacy 정수 ID는 양의 PostgreSQL int32 canonical 형식만 허용한다 (0.9205ms)
✔ 대회 legacy UUID는 승인된 PostgreSQL cutover recipe와 일치한다 (0.2283ms)
✔ 미디어 legacy resolver는 유효한 숫자만 공개 매핑 port로 전달한다 (0.7336ms)
✔ legacy proxy는 GET/HEAD만 308로 이동하고 query allowlist를 적용한다 (5.1445ms)
✔ UUID mapping이 없는 legacy player detail은 영구 redirect하지 않는다 (0.448ms)
✔ legacy account adapters preserve only reviewed canonical intent (1.9489ms)
✔ legacy statistics routes use one allowlisted canonical ranking destination (0.8398ms)
✔ reviewed administrator aliases resolve to their canonical integrated views (1.4249ms)
✔ legacy 앱 로그인은 내부 next만 보존하고 중복·외부 주소는 계정으로 축소한다 (1.128ms)
✔ legacy 경기 목록은 canonical 공개 필터만 단일 값으로 보존한다 (0.4581ms)
✔ 동적 legacy ID와 밸런스 추천 query는 path traversal과 미검토 값을 버린다 (0.2883ms)
✔ 멸망전 참가자와 이미지 legacy deep link는 검증한 ID와 ordinal만 보존한다 (0.2363ms)
✔ 멸망전 V1 이미지 route는 1-based 번호를 canonical 0-based query로 308 이동한다 (17.9169ms)
✔ legacy redirect 응답은 상대 Location과 no-store를 사용한다 (0.3691ms)
✔ USER_ROUTE_MAP의 redirect 32개와 통합 20개는 모두 한 버전 호환 진입점을 가진다 (5.226ms)
✔ admin match conflict parser accepts only a complete canonical aggregate (2.9755ms)
✔ stored instant conversion is explicit and bounded by the recorded offset (0.1221ms)
✔ admin import recovery stores only minimal expiring non-secret metadata (1.5259ms)
✔ admin import recovery is best-effort when session storage is unavailable (0.2941ms)
✔ admin import recovery rejects expired, corrupt and expanded state (0.2727ms)
✔ ambiguous admin import failures preserve the exact upload key (1.1405ms)
✔ a verified latest projection is the only conflict path that changes revision or opens review (0.1629ms)
✔ latest projection parser rejects malformed or unknown state (0.1766ms)
✔ definitive client rejection retains replay while allowing an explicit file reselection (0.0965ms)
✔ picker keyboard navigation skips inactive and duplicate-disabled rows (0.887ms)
✔ match client retries preserve one key for exact body and revision (0.7381ms)
✔ submission continuation code is strict uppercase and canonical (1.4635ms)
✔ offline legacy match ids use the exact PostgreSQL int32 compatibility range (1.422ms)
✔ MVP v1 formula is the only versioned score source (1.273ms)
✔ MVP V1 compatibility tie-break is score, kills, deaths, assists, player id (0.4996ms)
✔ participant display identity is server-captured and retained across unrelated amendments (1.2307ms)
✔ KST date and explicit started-at offset are strict (0.1308ms)
✔ complete match input rejects unknown keys, bidi text and incomplete rosters (0.6944ms)
✔ submission input has a bounded image/game count (1.1695ms)
✔ private image validator fully decodes, checks bounds/container end and SHA (13.0653ms)
✔ fake private adapters are exact development and non-Vercel only (0.5254ms)
✔ deterministic match review passes a structurally consistent series (1.4465ms)
✔ deterministic match review blocks stale aggregates and duplicate roster entries (0.2474ms)
✔ owner Kakao image sessions retain canonical target codes while hashing stable request scopes (99.9061ms)
✔ match JSON and image mutation headers reject malformed scopes with recoverable input problems (49.6501ms)
✔ match participant schema requires immutable display identity snapshots (1.3728ms)
✔ match series and each recalculation event carry nullable team-balance provenance (1.0076ms)
✔ submission audit snapshots retain a public rejection reason before reopen clears the live row (3.001ms)
✔ public match player DTO is an exact safe allowlist including inactive profile policy (1.6075ms)
✔ match submit page accepts one canonical continuation or owned draft reference (1.519ms)
✔ public match query is exact, duplicate-safe and date bounded (0.8052ms)
✔ admin match query separates match and submission filters (0.2926ms)
✔ admin player picker query is bounded, canonical and duplicate-safe (0.3202ms)
✔ literal substring filters escape SQL LIKE metacharacters (0.1356ms)
✔ admin player picker uses indexed prefix or exact combined Riot ID strategy (0.1815ms)
✔ public match cursor is opaque, exact and coupled to sort/order (0.6777ms)
✔ own submission history cursor is status-bound and reaches beyond the first page (1.5354ms)
✔ own submission history accepts the native all-status filter and rejects invalid values (0.2175ms)
✔ native public search forms treat empty optional filters as unselected without weakening validation (0.365ms)
✔ mutation and source hashes use a domain-separated HMAC pepper (12.1821ms)
✔ admin direct import stays in the private submission saga and only produces review candidates (31.6078ms)
✔ storage object is compensation-deleted when the DB attach fails (10.8485ms)
✔ OCR timeout becomes a bounded FAILED candidate and manual review remains possible (7.1609ms)
✔ a finalize replay never deletes the deterministic canonical storage object (3.2831ms)
✔ a completed receipt replay returns before decode, storage and OCR work (1.4272ms)
✔ delete failure leaves a durable DELETE_PENDING cleanup request (3.9978ms)
✔ missing fake object after process restart fails closed instead of returning corrupt bytes (0.3716ms)
✔ image decode/OCR work is admitted through a bounded FIFO gate (0.4185ms)
✔ image work queue times out without leaking an active lease (13.7299ms)
✔ private storage keys bind the idempotency key while same-key retries remain stable (1.0837ms)
✔ an abort-aware never-resolving storage stage times out and reaches durable cleanup (31.8582ms)
✔ a late stage completion remains visibly DELETE_PENDING for the cleanup worker (62.0398ms)
✔ an abort-aware OCR timeout becomes review-first FAILED without holding the request (31.0286ms)
✔ OCR retry commits its durable preflight before storage and provider work (1.0085ms)
✔ OCR receipt replay returns before private storage work (0.1752ms)
✔ OCR retry deadline aborts the provider and durably finalizes a review-first failure (30.7353ms)
✔ selected team-balance provenance requires the exact ten-player two-team layout (1.4095ms)
✔ stalled upload body reaches an idle deadline and cancels its stream (38.2324ms)
✔ exact upload body still joins chunks under the deadline (2.3976ms)
✔ 빈 캐러셀과 한 장 캐러셀은 첫 위치를 유지한다 (0.7889ms)
✔ 여러 장 캐러셀은 이전·다음 이동과 양 끝 순환을 결정적으로 계산한다 (0.1742ms)
✔ 캐러셀 장수는 음수나 비정수일 수 없다 (0.5775ms)
✔ 휠 이동은 양 끝에서 페이지 세로 스크롤로 빠져나갈 수 있도록 순환하지 않는다 (0.1722ms)
✔ YouTube inputs canonicalize only supported HTTPS origins and paths (1.1479ms)
✔ highlight uses canonical video data and explicit public DTO (0.7781ms)
✔ gallery validates one to five distinct storage assets (0.4755ms)
✔ publication FSM archives without hard delete and restore returns to draft (0.2322ms)
✔ home display is limited to published gallery and clears on unpublish (0.2794ms)
✔ public gallery DTO resolves only reviewed asset identifiers (0.2779ms)
✔ gallery keeps one explicit display order across private and migrated external images (0.4604ms)
✔ metadata edits preserve publication status, increment revision, and reject archived content (0.3836ms)
✔ every document permits the privacy-enhanced YouTube player across client navigation while retaining other CSP boundaries (22.3861ms)
✔ admin private asset query is bounded and rejects duplicate or unknown parameters (1.6149ms)
✔ raw media upload preflight requires same origin, If-Match, bounded image MIME/size, SHA and safe name (21.3424ms)
✔ unconfigured upload storage returns the specific fail-closed problem (1.1386ms)
✖ media editor and private asset administration expose the complete safe workflow (8.2455ms)
✔ gallery editor accepts only bounded bulk upload result counts (5.0551ms)
✔ media list parsers are bounded and reject unknown query keys (1.5445ms)
✔ media commands use the existing strict YouTube parser, exact bodies, If-Match revision, and deterministic fingerprints (14.5941ms)
✔ gallery input permits only one to five distinct READY asset identifiers at the application boundary (0.855ms)
✔ gallery input accepts an explicit mixed image order without exposing arbitrary fields (0.5939ms)
✔ published asset delivery checks publication/READY via its port and never returns the storage locator (0.8562ms)
✔ V2 deterministic formula transition truthfully requires explicit admin recalculation (0.6357ms)
✔ MMR public query accepts only singular canonical allowlisted filters (1.5237ms)
✔ MMR integrated admin redirects drop unsafe and unknown query values (0.4296ms)
✔ MMR cron authenticates the exact route before opening a database service (23.0045ms)
✔ MMR cron runs one catch-up and allowlists fixed state and operational counters (1.8305ms)
✔ MMR cron reports the required administrator formula transition without pretending it is idle (0.6653ms)
✔ MMR cron sanitizes service initialization, database and lock timeout failures (1.2592ms)
✔ MMR rebuild is deterministic and ignores source array order (3.0656ms)
✔ voided and draft matches never affect profiles (0.442ms)
✔ winner and position performance update profiles within bounded scores (0.3055ms)
✔ manual adjustments are immutable ordered events and clamp at profile bounds (0.2777ms)
✔ public and team-balance DTOs expose only bounded score summaries (0.4342ms)
✔ malformed rosters, duplicate sources and unsafe adjustments fail closed (1.016ms)
✔ r1에서 발급한 own r2 응답은 최신 projection과 일회성 비밀번호를 함께 유지한다 (1.0112ms)
✔ r2 비밀번호 표시 중 외부 r3 projection이 도착하면 r2 비밀번호를 폐기한다 (0.1226ms)
✔ r3 prop이 선반영된 뒤 도착한 늦은 r2 응답은 projection과 비밀번호 모두 거부한다 (0.1255ms)
✔ OpenAI runtime configuration is explicit, bounded and all-or-nothing (1.2983ms)
✔ Responses adapter uses the fixed official endpoint and aggregates output text safely (26.5559ms)
✔ Responses adapter fails closed for budget, authorization, rate limit and malformed output (1.1645ms)
✔ operation form payloads accept only their bounded allowlist (1.8589ms)
✔ review transitions are monotonic and revision checked (1.9689ms)
✔ delete is soft and the admin DTO excludes source, reviewer identity, and deletion metadata (0.2235ms)
✔ Kakao operation form failures distinguish integration, room and capability without exposing identifiers (0.2453ms)
✔ operational observations separate missing evidence, disabled flags and historical success (4.6043ms)
✔ daily close follows the KST 06:00 operating boundary with a 15 minute grace (0.2767ms)
✔ bounded queue thresholds and unfinished jobs draw attention without claiming delivery (0.2679ms)
✔ site settings update is revision-bound and public DTO is allowlisted (1.7855ms)
✔ AI is hard-disabled first, then checks approval, role, rate and prompt (0.2894ms)
✔ CSV backup quotes fields and neutralizes spreadsheet formulas (0.3726ms)
✔ operations HTTP input allowlists reject extra or privileged-looking fields (0.4156ms)
✔ internal job signature is scoped, expiring and nonce replay aware (0.728ms)
✔ copy snapshot round-trips the original while retaining current authorization and identity context (1.7317ms)
✔ concurrent numbered additions keep the latest roster and use the next vacant main slot (0.4736ms)
✔ a free numbered slot is kept and a replay cannot add the same person twice (0.1717ms)
✔ copy forms cannot delete, replace, move or demote an existing original member (0.4067ms)
✔ a participant removed after the copied original never reappears from a stale form (0.173ms)
✔ latest slot changes remain intact instead of restoring positions from the original (0.141ms)
✔ line-specific collisions reject the submission instead of assigning a different position (0.2721ms)
✔ changing an existing line in the copy is treated as replacement, not a new signup (0.1252ms)
✔ full main roster rejects concurrent additions without silently switching them to reserve (0.1955ms)
✔ explicit reserves stay reserves and concurrent reserves receive an empty reserve slot (0.2031ms)
✔ a signup already accepted concurrently is recognized by normalized name without moving that member (0.1653ms)
✔ duplicate names across main and reserve are rejected after Unicode and whitespace normalization (0.3227ms)
✔ the total 99-member bound applies even when a reserve slot appears available (0.7628ms)
✔ editable copies accept already-applied draft metadata and merge a later signup (0.4498ms)
✔ editable copies delete and replace explicit original slots without collapsing gaps (0.2205ms)
✔ editable metadata merges different fields but rejects competing changes atomically (0.2527ms)
✔ editable copies preserve concurrent members, move reserves and replay the same move (0.1878ms)
✔ an editable stale copy cannot resurrect a removed participant by moving them (0.2444ms)
✔ editable conflicting replacements reject all changes and preserve concurrent cancellation (0.1992ms)
✔ editable simultaneous additions shift to free slots while explicit moves require their destination (0.2111ms)
✔ editable copies reject duplicate results, capacity overflow and full reserve rosters (0.4666ms)
▶ malformed snapshot envelopes cannot become a merge baseline
  ✔ missing (0.1158ms)
  ✔ unsupported version (0.0541ms)
  ✔ different target (0.0472ms)
  ✔ different type (0.0439ms)
  ✔ changed capacity (0.0431ms)
  ✔ text revision (0.0421ms)
  ✔ fractional revision (1.4123ms)
  ✔ negative revision (0.0915ms)
  ✔ future revision (0.2934ms)
  ✔ closed original (0.0746ms)
  ✔ invalid start (0.0765ms)
  ✔ empty start (0.0992ms)
  ✔ oversize start (0.0753ms)
  ✔ invalid game (0.1944ms)
  ✔ empty game (0.0903ms)
  ✔ oversize game (0.0912ms)
  ✔ invalid organizer (0.0741ms)
  ✔ empty organizer (0.087ms)
  ✔ non-array members (0.0688ms)
  ✔ non-object member (0.0887ms)
  ✔ missing member name (0.0853ms)
  ✔ empty member name (0.0671ms)
  ✔ oversize member name (1.2583ms)
  ✔ member control character (0.0698ms)
  ✔ zero slot (0.0569ms)
  ✔ negative slot (0.9733ms)
  ✔ fractional slot (0.0804ms)
  ✔ out-of-capacity slot (0.0758ms)
  ✔ out-of-range reserve (0.0944ms)
  ✔ invalid substitute (0.0648ms)
  ✔ invalid position (0.0601ms)
  ✔ duplicate slot (0.0963ms)
  ✔ duplicate name (0.0791ms)
  ✔ duplicate normalized name (0.1235ms)
  ✔ duplicate position (0.0813ms)
  ✔ too many members (0.071ms)
✔ malformed snapshot envelopes cannot become a merge baseline (10.3088ms)
✔ a reused empty draft cannot cancel a later join, but the returned current form can (0.1685ms)
✔ player write DTO is an allowlist with normalized validated values (2.7192ms)
✔ legacy numeric ids accept only the positive PostgreSQL integer range (0.2006ms)
✔ administrator player query rejects duplicates, unknown keys, and oversized values (0.5491ms)
✔ mutation fingerprint is canonical and changes with revision or allowlisted input (0.2164ms)
✔ legacy detail mapping remains outside proxy and administrator APIs use the shared HTTP contract (11.2885ms)
✔ administrator player pages present operational labels in Korean (2.3841ms)
✔ 공개 Riot 플레이어 ID는 canonical UUID만 받는다 (0.9455ms)
✔ 공개 Riot 조회는 없는 플레이어·미연동·동기화 대기·준비 완료를 구분한다 (6.5375ms)
✔ 플레이어 목록 query는 검색어·페이지 길이와 범위를 제한한다 (1.78ms)
✔ 티어 query는 허용 목록만 받고 영문·한글 티어 표기를 같은 계열로 묶는다 (0.1453ms)
✔ 내정보 티어 선택값은 10개 티어와 다이아 이하 4단계 및 마스터 이상 점수 계약을 보존한다 (0.4276ms)
✔ 목록·상세 유스케이스는 repository port를 통해 pagination과 404 계약을 지킨다 (0.236ms)
✔ fixture 목록도 회원명 검색과 티어 필터를 함께 적용하되 회원명은 반환하지 않는다 (0.2337ms)
✔ 공개 플레이어 projection에는 금지된 회원·계정·Discord·내부 보정 필드가 없다 (0.1484ms)
✔ 두 legacy redirect는 route별 query allowlist만 보존한다 (0.1924ms)
✔ upload validation binds declared MIME, decoded dimensions, exact container, SHA-256, and a safe name (1.4846ms)
✔ lifecycle is explicit and cleanup plans are deterministic, bounded, and DELETE_PENDING-only (16.5234ms)
✔ purpose/resource and actor authorization form a closed allowlist (0.4247ms)
✔ forbidden and absent are deliberately rendered with one outward problem (0.1585ms)
✔ public and private DTOs never expose storage keys, URL locators, creator IDs, or SHA-256 (0.4403ms)
✔ application saga rechecks ownership, blocks duplicates, finalizes only verified bytes, and reads READY only (2.2787ms)
✔ failed staging enters DELETE_PENDING; cleanup is retryable and keeps the tombstone (1.2127ms)
✔ a bounded worker sweep turns crash-abandoned STAGED rows into cleanup tombstones (0.4682ms)
✔ admin list is bounded and excludes SUPER-only purposes at the repository boundary (0.5047ms)
✔ private storage mode is one fail-closed production policy (1.6432ms)
✔ fake private storage can preload immutable local QA bytes without sharing caller buffers (129.1916ms)
✔ official SDK seam uses private deterministic collision-safe put/get/delete options (3.8967ms)
✔ connected private Blob credentials prefer OIDC and pass only the store-scoped SDK options (0.8953ms)
✔ deterministic retries are idempotent only for the same digest and DELETE_PENDING cleanup is repeatable (0.6916ms)
✔ adapter rejects traversal, mismatched digest, invalid containers and pre-aborted calls before SDK access (0.3549ms)
✔ all application and Blob boundaries share the 4 MiB server upload ceiling (0.0819ms)
✔ 공개 랭킹 세 분류는 명시된 동률 규칙으로 독립 정렬되고 원본을 바꾸지 않는다 (1.3997ms)
✔ 홈 Top 3은 상세 탭과 같은 공개 정렬 계약을 사용한다 (1.0479ms)
✔ 표시 승률이 66.7%로 같아도 667/1000은 2/3보다 정확히 앞선다 (0.1857ms)
✔ 랭킹 분류 파서는 허용된 공개 뷰만 통과시킨다 (0.1345ms)
✔ 랭킹 화면은 세 분류, 상태 안내, MMR 진입과 모바일 44px 계약을 제공한다 (2.2123ms)
✔ R23 party copy reference rejects stale, reused-number identity and prior-day forms without mutations (12.4926ms)
✔ R24 latest copy rejects deletion and duplicate names atomically (1.1461ms)
✔ R23 legacy copies are append-only for both member rows and metadata (1.7429ms)
✔ R23 unchanged full copy preserves revision, metadata and scheduled timestamp (0.7644ms)
✔ R23 blank draft activates with participant name only and no organizer (0.7622ms)
✔ ADR0011 finishing a draft cancels once and replay preserves its record and audit (1.1351ms)
✔ stored numbered copies allow deletions, replacements and reserve moves in one atomic save (3.258ms)
✔ stored numbered copies merge independent edits and preserve the latest scheduled time (2.6167ms)
✔ stored draft copies accept the same activated metadata and add the next participant (4.0603ms)
✔ stored numbered copies reject missing main, reserve and metadata fields without deleting members (4.143ms)
✔ copy headers cannot change the locked party type or capacity even when every original row remains (3.5972ms)
✔ stored numbered explicit blanks clear metadata and roster while legacy copies remain append-only (1.0455ms)
✔ BOT idempotency fingerprints bind the signed room, sender, and command source (0.7285ms)
✔ party create, sync, status and finish use the domain while mutations commit in atomic order (3.6545ms)
✔ V4 slot patches preserve absent rows, delete explicit empty rows, and use stored party shape (0.6813ms)
✔ atomic party member commands compose on the locked latest revision and persist stable outcomes (1.5637ms)
✔ scrim participant shortcuts compose on the locked latest revision across room members (2.0902ms)
✔ party member command validation and ambiguous removal fail closed before persistence (3.2257ms)
✔ party cancel and SUPER-only reset are distinct terminal commands (2.2554ms)
✔ scrim create, join, reopen, confirm, complete and cancel enforce the state machine (5.7045ms)
✔ legacy scrim form fields remain durable in the typed aggregate (1.9227ms)
✔ signed V1 scrim forms infer exactly one active destruction tournament inside the transaction (0.6245ms)
✔ signed V1 scrim inference rejects zero or multiple active destruction tournaments atomically (0.4938ms)
✔ full scrim sync is revision-bound, audited and idempotently replayed (1.043ms)
✔ durable receipt replay returns before load and same request key with another body conflicts (0.6691ms)
✔ one signed Kakao delivery received by two installations mutates canonical room state once (0.4491ms)
✔ server-clock party metadata fallback is identical on durable replay (0.3606ms)
✔ signed V1 creates allocate the party number inside the mutation transaction (0.5316ms)
✔ a malformed replay receipt is rejected even when its request hash matches (0.4401ms)
✔ outbox failure rolls repository, audit, outbox, and receipt back together (0.3179ms)
✔ BOT body binding, JOB restriction, stale revision, and authorization failures happen before mutation (2.3566ms)
✔ public party and scrim DTOs expose only reviewed fields (0.2057ms)
✔ V4 room scope allows cross-sender snapshots and finish while preserving durable event receipts (2.3731ms)
✔ V4 automatic scrim number is allocated after receipt claim and replays before a second allocation (0.5009ms)
✔ V4 scrim draft activates with one inferred tournament and a server-time fallback (0.6219ms)
✔ V4 request fingerprint is stable across server-resolved revisions but changes with the signed body (0.3316ms)
✔ KST recruit date is stable across the UTC day boundary (1.5342ms)
✔ KST recruit display time is stable across midnight (0.1518ms)
✔ party metadata distinguishes absent preservation from explicit empty defaults (1.4056ms)
✔ a Kakao V4 number reservation stays draft until the completed V1 form activates it (1.7808ms)
✔ party slot patches use stored type and capacity while preserving absent and deleting explicit empty slots (0.4583ms)
✔ canonical party sync returns the stored aggregate without increasing revision (0.1944ms)
✔ party member mutation requires an active party and fills the first primary hole before reserve (0.428ms)
✔ party member no-ops preserve revision and removal preserves every remaining slot (0.6462ms)
✔ request fingerprint is canonical and binds actor, action, key and body (0.3965ms)
✔ party sync enforces capacity, positions, slots and optimistic revision (2.0856ms)
✔ Kakao recruit aggregates are visible and mutable only from their signed source room (0.1474ms)
✔ party primary capacity excludes candidates while the total list remains bounded (0.2485ms)
✔ party terminal transitions do not permit mutation or replay with a new command (0.2447ms)
✔ auto finish respects scheduled protection and idle window (0.183ms)
✔ scrim follows recruiting, matched, confirmed and completed states (1.2642ms)
✔ scrim opponent can be reopened but requester cannot join itself (0.3813ms)
✔ full scrim sync replaces V1 form fields but binds date, number, tournament and revision (0.4551ms)
✔ public party DTO excludes room, sender, notes and request keys by construction (0.1775ms)
✔ Kakao command access separates public create/read/join from controller lifecycle changes (0.1483ms)
✔ V1 room members may update and close shared forms without weakening raw V2 (0.0863ms)
✔ Kakao creator, joined opponent leader, or trusted operator controls lifecycle commands (0.0985ms)
✔ public scrim join binds the opponent leader and reopen clears that controller (0.1755ms)
✔ recruiting JSON boundary accepts only reviewed create fields (1.7081ms)
✔ raw V2 recruit commands require an operator or explicit non-production development mode (0.3794ms)
✔ signed V1 compatibility targets are exact while raw V2 cannot smuggle extra fields (1.3782ms)
✔ party member command boundary accepts exactly one bounded name (0.1973ms)
✔ scrim boundary validates UUID seams and command allowlists (0.6796ms)
✔ command scope is bound to both actor and action (0.1732ms)
✔ recruiting operating day changes exactly at 06:00 KST (2.6696ms)
✔ signed party targets use the envelope instant and the 06:00 KST operating boundary (13.326ms)
✔ signed scrim templates and targets use the same 06:00 KST operating boundary (4.3577ms)
✔ Kakao webhook binds HMAC to timestamp, nonce, room, sender, and raw body with key rotation (3.0601ms)
✔ Kakao webhook rejects stale/replayed, forbidden room/sender, and bot-self requests (1.6315ms)
✔ same allowed room accepts arbitrary members A/B/C without granting operator capabilities (0.5184ms)
✔ malformed signatures and unsafe request structure fail closed (0.2285ms)
✔ Riot cron rejects invalid requests before runtime access and noops when unconfigured (29.0593ms)
✔ Riot cron signs one bounded consumer call with a fresh replay nonce and returns only safe counters (2.7319ms)
✔ disabled Riot cron is a safe noop; unexpected errors stay opaque (0.8745ms)
✔ missing RSO never supplies state or verified identity (0.7109ms)
✔ key probe requests only fixed KR status once, discards body, and exposes no credentials (1.2151ms)
✔ probe HTTP authenticates exact empty request and rejects caller URLs before invocation (3.6766ms)
✔ S12 schema exposes durable ledgers without OAuth token/code/request-log columns (1.8755ms)
✔ 0014 migration and snapshot add only the S12 Riot schema (8.9721ms)
✔ Riot production feature flag is exact and fail-closed by default (0.1342ms)
✔ explicit fake runtime adapter connects application mutations to safe query DTOs (6.6612ms)
✔ admin Riot query is bounded and rejects duplicate or unknown HTTP parameters (0.6537ms)
✖ public, owner, admin HTTP routes and responsive UI states are present (11.7731ms)
✔ scheduled sync queues one connected account, keeps direct links unverified and respects six hours (8.4487ms)
✔ queued sync is cancelled after disconnect and stale exhausted leases cannot block later jobs (2.4408ms)
✔ sync discards a provider response when owner disconnects during the network request (0.9946ms)
✔ a provider rate limit pauses both queued consumption and scheduled account discovery (1.1736ms)
✔ approved owner direct link/unlink is transactional, idempotent, and never leaks PUUID (0.8668ms)
✔ direct and RSO links must match the player's canonical registry Riot ID (2.2981ms)
✔ feature flag fails closed and outbox failure rolls link, audit, and receipt back together (0.6404ms)
✔ RSO callback is internal-return, expiring, one-time and exchange-idempotent across response replay (2.1237ms)
✔ only SUPER_ADMIN can bulk/sync-all while owner is restricted to the owned link (1.3228ms)
✔ SUPER bulk-link derives registry Riot IDs and atomically records exact replay (1.5146ms)
✔ bulk-link rolls every successful link back when durable event recording fails (4.7177ms)
✔ sync enforces cooldown, Retry-After, stale lease recovery and partial completion (1.2616ms)
✔ recent solo summary persists only when complete; missing data preserves rank and 429 retains retry (1.9963ms)
✔ sync-all reuses active work and schedules cooling accounts without blocking the whole population (1.6972ms)
✔ analytics persists useful partial facts during backoff, reuses its cache, and discards data after a concurrent identity change (5.8604ms)
✔ Riot IDs normalize NFKC and reject separators or oversized tags (3.3364ms)
✔ RSO return path cannot escape origin (0.2151ms)
✔ RSO state is owner-bound, expiring and one-time (0.4099ms)
✔ disconnect clears encrypted PUUID and hides existence from another owner (0.2087ms)
✔ sync jobs retry rate limits and transient failures with bounded backoff (0.4093ms)
✔ last allowed transient attempt becomes terminal failure (0.1629ms)
✔ last allowed rate-limited attempt retains its provider cooldown after terminal failure (0.1634ms)
✔ stale RUNNING lease is recoverable and the old worker cannot finish it (0.1925ms)
✔ invalid upstream Retry-After is rejected rather than creating an invalid schedule (0.1769ms)
✔ permanent upstream failure never retries (1.6727ms)
✔ public Riot DTO excludes PUUID, owner and request-log provenance (0.2309ms)
✔ analytics allowlists player and timeline facts, preserves missing stats, and discards provider identities (8.4475ms)
✔ turret plates use the optional official challenge count and keep unavailable values separate from zero (2.9363ms)
✔ known unsupported or aborted games do not trap the historical cursor, while malformed normal matches remain incomplete (26.7057ms)
✔ only verified public matchmaking is archived; custom, tutorial and unknown queues advance without disclosure (11.156ms)
✔ duplicate timeline frames merge deterministically, keeping legitimate same-millisecond item counts (1.1868ms)
✔ analytics reuses a match across solo/recent pages, collects a timeline, then serves cache without detail refetch (1.8278ms)
✔ timeline failures preserve match facts and a 429 stops all further provider requests with Retry-After (1.5251ms)
✔ unsupported successful timelines do not starve older games while transport failures remain retryable (17.0503ms)
✔ the history cursor advances only after a complete bounded older batch, and never erases earlier progress on failure (6.0324ms)
✔ invalid match IDs, malformed cursors and a 25-second budget are bounded before more upstream work (2.2282ms)
✔ a new non-overlapping latest page reopens completed or ongoing history and subsequently collects the hidden gap (24.5991ms)
✔ a partial gap restart preserves a safe cursor across backoff and overlap keeps ordinary history progress (8.4602ms)
✔ an already observed all-private latest page cannot repeatedly reset older public-game backfill (33.374ms)
✔ public analytics rejects invalid IDs, ambiguous and malformed cursors before storage access (141.5242ms)
✔ public match rejects extraneous queries and unsafe identifiers before storage access (26.5169ms)
✔ public analytics and match distinguish unavailable, hidden and stored public data (79.6827ms)
✔ match growth series compares the matching enemy lane and uses actual frame timestamps (4.8243ms)
✔ match growth series does not count missing participants or statistics as zero (0.6911ms)
✔ Report snapshots persist computed historical results and filters without raw matches or participant identities (4.6015ms)
✔ Malformed browser snapshots are rejected rather than crashing the report view (0.8912ms)
✔ Multiple patch selections use a union and still intersect with other filters (1.3911ms)
✔ Purchase history removes undone purchases before classifying starting items and ordered cores (1.0761ms)
✔ Build adoption denominator includes observed matches that ended before a second core but excludes missing timelines (0.556ms)
✔ Skill patterns preserve observed sequence and never infer missing level-ups (0.3125ms)
✔ Special map items use the official map classification and mode-specific adoption denominators (0.3995ms)
✔ Riot player filters compose over Korea dates, positions, patches and queues without changing the source (1.8942ms)
✔ Riot aggregations exclude remakes, preserve unknown roles and do not turn missing provider statistics into zero (1.0311ms)
✔ Riot KDA uses aggregate kills and deaths; per-minute values use each actual game duration (0.1416ms)
✔ Champion turret-plate averages use observed values only, preserve real zero and exclude remakes (0.185ms)
✔ Observed rank coordinates remain continuous across promotion and do not fabricate missing ranks (0.1984ms)
✔ Encounter summaries distinguish repeated same-team players from same-role opponent champions (0.4534ms)
✔ Encounter names keep the same order when server and browser default locales differ (1.0291ms)
✔ Build aggregation treats reordered slots as one combination and excludes empty slots and trinkets (0.2794ms)
✔ Laning and early participation reports require real timeline coverage rather than approximated results (0.6134ms)
✔ PUUID encryption is authenticated, opaque and rotation-ready (2.8392ms)
✔ Riot gateway resolves Riot ID and reads the SOLO queue through bounded official endpoints (27.8043ms)
✔ Riot gateway classifies 429, 404, 5xx and malformed responses without exposing credentials (1.7009ms)
✔ production API configuration is independent of optional RSO and binds the exact callback (0.6845ms)
✔ RSO state is HMAC-bound and authorization URL never includes the client secret (1.2281ms)
✔ 0020 adds only the protected exchange cache and signed sync consumer route (1.4845ms)
✔ public Riot profile separates unlinked, connected, stale, temporary and rate-limited states (1.3176ms)
✔ recent solo uses queue 420, 20 matches, at most two concurrent requests and a summary-only result (152.7308ms)
✔ empty history and explicit remakes are known zero samples while malformed or wrong-scope details are unavailable (1.102ms)
✔ rate limiting stops subsequent chunks and propagates bounded Retry-After (1.0958ms)
✔ total time, response size, unsafe IDs and duplicate IDs are bounded before further provider reads (2.5295ms)
✔ stored recent-solo summaries reject extra identity data, invalid counts and invalid numeric values (0.2896ms)
✔ season domain normalizes names and produces stable canonical JSON (1.1088ms)
✔ KST application date is independent of server timezone (25.1132ms)
✔ only an active season inside its application window accepts applications (0.1786ms)
✔ admin datetime-local values are converted to and from explicit KST instants (0.6662ms)
✔ client idempotency keys stay stable until success and follow the payload fingerprint (0.2973ms)
✔ application position UI never offers or preserves an ALL mixture (0.7166ms)
✔ season commands require exact JSON keys, safe text and zoned ISO dates (1.2008ms)
✔ admin season query parser rejects unknown, duplicate, noncanonical and unsafe values (0.5971ms)
✔ SITE and completed administrator decisions deterministically win Kakao merges (0.2483ms)
✔ Kakao pending filters are bounded and canonical (0.9257ms)
✔ Kakao pending mutations carry SUPER intent, revision and deterministic fingerprint (0.7045ms)
✔ statistics public queries accept only singular canonical allowlisted values (1.1804ms)
✔ statistics recalculate command binds exact body, projection revision and idempotency identity (0.6905ms)
✔ bounded statistics drain stops on idle, failure and hard event limit (1.1365ms)
✔ season projection deterministically counts games, distinct series, stored MVP and dimensions (1.63ms)
✔ participation counts a multi-game series once and S05 never derives a missing MVP (0.4325ms)
✔ canonical ranking uses exact rational win rate, stable identity and sequential rank (0.2526ms)
✔ public ranking DTO is an exact allowlist (0.1423ms)
✔ statistics cron rejects credentials, query overrides, wrong path and method before opening the database (24.9891ms)
✔ authenticated empty queue is a no-op; a request never consumes more than ten events (2.594ms)
✔ time budget finishes the current event and stops before claiming another (1.0618ms)
✔ failed event stops the batch, returns retryable status and exposes no event or raw error (0.5375ms)
✔ database setup, claim and release failures remain retryable without disclosing internals (1.5091ms)
✔ affected seasons dedupe and lock in canonical order for every S04 action scope (1.1413ms)
✔ application passes old/new season rebuild scope to one atomic repository operation (0.2269ms)
✔ application reports idle and releases a failed exact lease without touching READY data (0.2808ms)
✔ statistics failure storage allowlists domain and SQLSTATE codes without copying raw errors (0.2742ms)
✔ storage probe rejects invalid signature, route, query and body before any job dependency (29.9966ms)
✔ storage probe uses a generated UUID and exposes only the matching anonymous trace (1.7154ms)
✔ storage probe preserves replay/rate-limit status and hides job exceptions (1.7491ms)
✔ storage probe reads exact bytes and removes only its new diagnostic object (2.1244ms)
✔ ambiguous write failure is compensated and raw errors never escape (0.7639ms)
✔ cleanup failure is visible and arbitrary keys are rejected before storage access (0.6294ms)
✔ probe bytes pass the production image adapter and cleanup reads bypass the CDN (4.0236ms)
✔ team balance vocabulary and neutral provider defaults are explicit (129.577ms)
✔ input rejects oversized, duplicate, missing-position, and invalid-score cases (1.5174ms)
✔ the V1 global recommendation is one lossless 5:5 layout with every position exactly once (111.7309ms)
✔ V1 global recommendation is deterministic regardless of request order (153.0438ms)
✔ mixed legacy and new player ids keep a total order across forward, reverse and rotate (1170.3302ms)
✔ V1 search evaluates 126 anchored team splits and each team's best permutation (36.636ms)
✔ automatic and manual paths return the exact same scoring-kernel breakdown (37.6472ms)
✔ position rating overrides overall and confidence shrinks unknown data toward 50 (50.1275ms)
✔ positions omitted from the request remain legal V1 AUTO assignments (34.417ms)
✔ [V1 blueblack golden] score uses tier, inhouse, position experience and the data-missing path (0.9493ms)
✔ share text keeps the V1 line order and excludes draft ids, account ids and links (53.5729ms)
✔ manual evaluation rejects duplicate players and incomplete team-position coverage (0.3652ms)
✔ team override HTTP binds origin, scope, revision and idempotency; response is private and replayable (32.7662ms)
✔ override route and Korean control retain ADMIN read, SUPER mutation and optimistic concurrency (8.3748ms)
✔ team-only overrides retain the existing -1000..1000 integer contract without touching MMR inputs (1.8111ms)
✔ 팀 밸런스 초안 목록 query는 단일·제한된 페이지 값만 허용한다 (1.523ms)
✔ 팀 밸런스 후보 query는 플레이어 검색과 최근 신청 출처만 허용한다 (0.5003ms)
✔ recommendation list and detail queries use exact draft/team allowlists (1.0588ms)
✔ recommendation API requires one explicit RED or BLUE team (0.2452ms)
✔ team recommendations are deterministic, position ordered, and ban champions are unique (1.7204ms)
✔ team recommendations keep selected lineup for an unavailable projection (0.2069ms)
✔ team recommendations do not infer an unselected candidate (0.1225ms)
✔ 랜덤 팀 legacy redirect는 mode와 PWA source allowlist만 보존한다 (1.0636ms)
✔ 팀 밸런스 legacy redirect는 검토한 PWA source만 보존한다 (8.4366ms)
✔ 코인 토스 legacy redirect는 PWA source만 보존한다 (0.1695ms)
✔ random-team parser accepts common numbered and bullet list forms (1.8401ms)
✔ random-team parser reports exact participant counts (0.2039ms)
✔ duplicate display names remain distinct slots and are disclosed (0.7616ms)
✔ seeded Fisher-Yates is replayable, non-mutating, and preserves every slot (0.2978ms)
✔ uniform index rejects the modulo-bias tail (0.1479ms)
✔ random teams remain a lossless 5:5 partition across seeds (1.8856ms)
✔ simple tier mapping is the V2 1-to-10 contract (0.3381ms)
✔ tier balance is deterministic and reaches the exhaustive minimum (1.5391ms)
✔ tier balance rejects forged scores and duplicate slots (0.5695ms)
✔ coin toss follows idle-playing-revealed and blocks illegal transitions (0.3841ms)
✔ seeded coin toss reaches both sides and replays each seed (0.3898ms)
✔ RFC 6238 SHA-1 vector produces the expected six digit suffix (1.1632ms)
✔ TOTP verifier accepts only the configured time window (0.9369ms)
✔ usage route templates remove identifiers, queries and sensitive pages (1.6205ms)
✔ event ingestion rejects arbitrary text, client identity and unreviewed targets (1.4221ms)
✔ KST range respects midnight, calendar boundaries and bounded retention (1.7568ms)
✔ collection requires explicit production configuration and filters recognizable bots (0.8313ms)
✔ signed visitor cookies reject forgery and key changes (0.6093ms)
✔ USER_ROUTE_MAP canonical 사용자 경로 39개가 중복 없이 분류된다 (1.3333ms)
✔ page-contract로 표시한 사용자 경로는 실제 App Router 페이지가 있다 (3.4718ms)
✔ 공지·뉴스·패치노트는 현재 V1 기능 계약에 없으므로 V2 canonical을 꾸며내지 않는다 (0.207ms)
✔ 현재 경로 표시는 홈을 하위 경로 전체에 오인 적용하지 않는다 (0.1189ms)
✔ 전역 명령 팔레트는 검색 dialog·단축키·방향키 탐색 계약을 제공한다 (0.2918ms)
✔ Every task can be found by plain Korean intent before login (2.7756ms)
✔ List return preserves exact filters and rejects external or sibling destinations (0.271ms)
✔ Support consent is explicit and unknown or oversized inputs fail closed (0.735ms)
✔ Route metadata covers public and protected pages without indexing private activity (0.9652ms)
✔ Search Enter opens a matching task and offers an explicit player search separately (0.3947ms)
✔ Vercel cron accepts only the exact timing-safe Bearer secret (0.8686ms)
✔ daily close identity changes at 06:00 KST and remains stable for delayed retries (2.1122ms)
✔ invalid cron clocks fail closed before any repository input is made (0.6299ms)
ℹ tests 1048
ℹ suites 0
ℹ pass 1043
ℹ fail 4
ℹ cancelled 0
ℹ skipped 1
ℹ todo 0
ℹ duration_ms 6692.9095

✖ failing tests:

test at tests\image-theme.test.ts:13:1
✖ every application icon import resolves to a generated image, including shared UI controls (3413.1347ms)
  AssertionError [ERR_ASSERTION]: all previously inventoried consumers remain covered
      at TestContext.<anonymous> (E:\k-LOL.GG\worktrees\ux-discoverability-20261002\tests\image-theme.test.ts:35:10)
      at async Test.run (node:internal/test_runner/test:1125:7)
      at async startSubtestAfterBootstrap (node:internal/test_runner/harness:358:3) {
    generatedMessage: false,
    code: 'ERR_ASSERTION',
    actual: false,
    expected: true,
    operator: '==',
    diff: 'simple'
  }

test at tests\kakao-v4-installation-scope.test.ts:210:1
✖ admin and architecture copy distinguish V4 installation scope from the legacy room registry (9.9502ms)
  AssertionError [ERR_ASSERTION]: The input did not match the regular expression /V1 strict R8\/V4는 프로필별 installation scope로 검증/u. Input:

  'import {\n' +
    '  Bot,\n' +
    '  CircleAlert,\n' +
    '  Clock3,\n' +
    '  DatabaseZap,\n' +
    '  MessagesSquare,\n' +
    '  Search,\n' +
    '  ShieldCheck,\n' +
    '  UsersRound,\n' +
    '} from "@/components/theme/theme-icons";\n' +
    'import Link from "next/link";\n' +
    'import { notFound } from "next/navigation";\n' +
    '\n' +
    'import { requirePageRole } from "@/modules/auth/infrastructure/server-authorization";\n' +
    'import type { PartyMemberStatisticsDto } from "@/modules/recruiting/application/ports";\n' +
    'import {\n' +
    '  PARTY_MEMBER_STATS_MAXIMUM_QUERY_LENGTH,\n' +
    '  PARTY_MEMBER_STATS_MINIMUM_QUERY_LENGTH,\n' +
    '  parsePartyMemberStatsQuery,\n' +
    '} from "@/modules/recruiting/application/party-member-statistics";\n' +
    'import { loadRuntimeRecruiting } from "@/modules/recruiting/infrastructure/runtime-recruiting";\n' +
    'import { readKakaoRuntimeConfiguration } from "@/modules/recruiting/kakao-admin/domain";\n' +
    'import { loadRuntimeKakaoAdmin } from "@/modules/recruiting/kakao-admin/runtime";\n' +
    'import {\n' +
    '  kakaoAdminRequiredRole,\n' +
    '  parseKakaoAdminTabQuery,\n' +
    '} from "@/modules/recruiting/kakao-admin/tab-query";\n' +
    '\n' +
    'import { KakaoHealthRepair } from "./kakao-health-repair";\n' +
    'import { KakaoSettingsForm } from "./kakao-settings-form";\n' +
    'import styles from "./kakao.module.css";\n' +
    '\n' +
    'export const dynamic = "force-dynamic";\n' +
    '\n' +
    'function koreanDateTime(value: string) {\n' +
    '  return new Date(value).toLocaleString("ko-KR", { timeZone: "Asia/Seoul" });\n' +
    '}\n' +
    '\n' +
    'function PartyMemberStats({ data }: { data: PartyMemberStatisticsDto }) {\n' +
    '  return <section className={styles.statsResults} aria-label="검색한 플레이어의 파티 통계">\n' +
    '    <div className={styles.panelHead}>\n' +
    '      <h2>이름 검색 결과</h2>\n' +
    '      <span>최근 {data.lookbackDays}일 · 최대 {data.resultLimit}명</span>\n' +
    '    </div>\n' +
    '    {data.items.length === 0\n' +
    '      ? <p className={styles.empty}>일치하는 파티 참여자를 찾지 못했습니다.</p>\n' +
    '      : <div className={styles.memberStatsGrid}>{data.items.map((item) => <article className={styles.memberStat} key={item.name}>\n' +
    '        <div className={styles.memberStatHead}>\n' +
    '          <div><UsersRound aria-hidden="true"/><strong>{item.name}</strong></div>\n' +
    '          <span>총 {item.totalPartyCount}회 참여</span>\n' +
    '        </div>\n' +
    '        <dl className={styles.statusMetrics}>\n' +
    '          <div><dt>진행</dt><dd>{item.inProgressCount}</dd></div>\n' +
    '          <div><dt>완료</dt><dd>{item.finishedCount}</dd></div>\n' +
    '          <div><dt>취소</dt><dd>{item.canceledCount}</dd></div>\n' +
    '          <div><dt>초기화</dt><dd>{item.resetCount}</dd></div>\n' +
    '        </dl>\n' +
    '        <div className={styles.companions}>\n' +
    '          <h3>자주 함께한 사람</h3>\n' +
    '          {item.companions.length === 0\n' +
    '            ? <p>함께한 참여자 기록이 없습니다.</p>\n' +
    '            : <ol>{item.companions.map((companion) => <li key={companion.name}>\n' +
    '              <span>{companion.name}</span><strong>{companion.partyCount}회</strong>\n' +
    '            </li>)}</ol>}\n' +
    '        </div>\n' +
    '      </article>)}</div>}\n' +
    '    <p className={styles.statsBoundary}>최근 파티 {data.scannedPartyLimit.toLocaleString("ko-KR")}건까지 집계</p>\n' +
    '  </section>;\n' +
    '}\n' +
    '\n' +
    'export default async function AdminKakaoPage({\n' +
    '  searchParams,\n' +
    '}: {\n' +
    '  searchParams: Promise<Record<string, string | string[] | undefined>>;\n' +
    '}) {\n' +
    '  const resolvedSearchParams = await searchParams;\n' +
    '  const tab = parseKakaoAdminTabQuery(resolvedSearchParams);\n' +
    '  if (!tab) notFound();\n' +
    '\n' +
    '  const requiredRole = kakaoAdminRequiredRole(tab);\n' +
    '  const session = await requirePageRole(requiredRole, `/admin/kakao?tab=${tab}`);\n' +
    '  const statsQuery = parsePartyMemberStatsQuery(resolvedSearchParams.q);\n' +
    '  const [result, settingsResult, memberStatsResult] = await Promise.all([\n' +
    '    loadRuntimeRecruiting((service) => service.getAdminStatus()),\n' +
    '    (tab === "settings" || tab === "health")\n' +
    '      ? loadRuntimeKakaoAdmin((service) => service.getSettings())\n' +
    '      : Promise.resolve(null),\n' +
    '    tab === "stats" && statsQuery.state === "ready"\n' +
    '      ? loadRuntimeRecruiting((service) => service.getPartyMemberStats(statsQuery.query))\n' +
    '      : Promise.resolve(null),\n' +
    '  ]);\n' +
    '  const runtimeConfiguration = readKakaoRuntimeConfiguration();\n' +
    '\n' +
    '  return <main className={styles.page}>\n' +
    '    <header className={styles.header}>\n' +
    '      <div><span><Bot aria-hidden="true"/> KAKAO · S09</span><h1>카카오 연동 센터</h1></div>\n' +
    '    </header>\n' +
    '\n' +
    '    <nav className={styles.tabs} aria-label="카카오 관리 화면">\n' +
    '      <Link aria-current={tab === "recruits" ? "page" : undefined} href="/admin/kakao?tab=recruits">파티</Link>\n' +
    '      <Link aria-current={tab === "scrims" ? "page" : undefined} href="/admin/kakao?tab=scrims">스크림</Link>\n' +
    '      <Link aria-current={tab === "stats" ? "page" : undefined} href="/admin/kakao?tab=stats">통계</Link>\n' +
    '      <>\n' +
    '        <Link aria-current={tab === "settings" ? "page" : undefined} href="/admin/kakao?tab=settings">설정</Link>\n' +
    '        <Link aria-current={tab === "logs" ? "page" : undefined} href="/admin/kakao?tab=logs">처리 상태</Link>\n' +
    '        <Link aria-current={tab === "health" ? "page" : undefined} href="/admin/kakao?tab=health">보안 점검</Link>\n' +
    '        <Link href="/admin/kakao/rooms">레거시 방 권한</Link>\n' +
    '      </>\n' +
    '    </nav>\n' +
    '\n' +
    '    {result.state === "ready" ? <>\n' +
    '      {tab === "stats" ? <>\n' +
    '        <section className={styles.summary} aria-label="Kakao 운영 요약">\n' +
    '          <article><MessagesSquare/><span>열린 파티</span><strong>{result.data.openPartyCount}</strong></article>\n' +
    '          <article><Clock3/><span>진행 스크림</span><strong>{result.data.openScrimCount}</strong></article>\n' +
    '          <article><DatabaseZap/><span>미해결 시즌 신청</span><strong>{result.data.unresolvedSeasonApplicationCount}</strong></article>\n' +
    '          <article><DatabaseZap/><span>활성 이미지 세션</span><strong>{result.data.activeImageSessionCount}</strong></article>\n' +
    '          <article><DatabaseZap/><span>대기 outbox</span><strong>{result.data.pendingOutboxCount}</strong></article>\n' +
    '          <article><Clock3/><span>미완료 영수증</span><strong>{result.data.incompleteReceiptCount}</strong></article>\n' +
    '        </section>\n' +
    '        <section className={styles.statsSearch}>\n' +
    '          <div><Search aria-hidden="true"/><div><h2>플레이어 파티 통계</h2></div></div>\n' +
    '          <form method="get">\n' +
    '            <input name="tab" type="hidden" value="stats"/>\n' +
    '            <label htmlFor="party-member-query">플레이어 이름</label>\n' +
    '            <div><input\n' +
    '              defaultValue={statsQuery.query}\n' +
    '              id="party-member-query"\n' +
    '              maxLength={PARTY_MEMBER_STATS_MAXIMUM_QUERY_LENGTH}\n' +
    '              minLength={PARTY_MEMBER_STATS_MINIMUM_QUERY_LENGTH}\n' +
    '              name="q"\n' +
    '              placeholder="두 글자 이상 입력"\n' +
    '              type="search"\n' +
    '            /><button type="submit">검색</button></div>\n' +
    '          </form>\n' +
    '          {statsQuery.state === "invalid" ? <p className={styles.queryError} role="alert">이름은 제어 문자 없이 {PARTY_MEMBER_STATS_MINIMUM_QUERY_LENGTH}~{PARTY_MEMBER_STATS_MAXIMUM_QUERY_LENGTH}자로 입력해 주세요.</p> : null}\n' +
    '        </section>\n' +
    '        {memberStatsResult?.state === "ready" ? <PartyMemberStats data={memberStatsResult.data}/> : null}\n' +
    '        {memberStatsResult?.state === "unavailable" ? <section className={styles.state} role="status"><DatabaseZap/><h2>상세 통계를 사용할 수 없습니다.</h2></section> : null}\n' +
    '        {memberStatsResult?.state === "error" ? <section className={styles.state} role="alert"><CircleAlert/><h2>상세 통계를 불러오지 못했습니다.</h2></section> : null}\n' +
    '      </> : null}\n' +
    '\n' +
    '      {tab === "recruits" ? <section className={styles.panel}>\n' +
    '        <div className={styles.panelHead}><h2>최근 파티</h2><span>{result.data.recentParties.length}건</span></div>\n' +
    '        {result.data.recentParties.length === 0 ? <p className={styles.empty}>저장된 파티가 없습니다.</p> : <div className={styles.tableWrap}><table><thead><tr><th>번호</th><th>제목</th><th>상태</th><th>인원</th><th>revision</th><th>갱신</th></tr></thead><tbody>{result.data.recentParties.map((party) => <tr key={party.id}><td>#{party.recruitNumber}</td><td>{party.title}</td><td>{party.status}</td><td>{party.memberCount}/{party.maximumMembers}</td><td>{party.revision}</td><td><time dateTime={party.updatedAt}>{koreanDateTime(party.updatedAt)}</time></td></tr>)}</tbody></table></div>}\n' +
    '      </section> : null}\n' +
    '\n' +
    '      {tab === "scrims" ? <section className={styles.panel}>\n' +
    '        <div className={styles.panelHead}><h2>최근 스크림</h2><span>{result.data.recentScrims.length}건</span></div>\n' +
    '        {result.data.recentScrims.length === 0 ? <p className={styles.empty}>저장된 스크림이 없습니다.</p> : <div className={styles.tableWrap}><table><thead><tr><th>번호</th><th>요청 팀</th><th>상대 팀</th><th>상태</th><th>revision</th><th>갱신</th></tr></thead><tbody>{result.data.recentScrims.map((scrim) => <tr key={scrim.id}><td>#{scrim.scrimNumber}</td><td>{scrim.requesterTeamName ?? (scrim.requesterTeamId ? <code>{scrim.requesterTeamId.slice(0, 8)}</code> : "기록 없음")}</td><td>{scrim.opponentTeamName ?? (scrim.opponentTeamId ? <code>{scrim.opponentTeamId.slice(0, 8)}</code> : "—")}</td><td>{scrim.status}</td><td>{scrim.revision}</td><td><time dateTime={scrim.updatedAt}>{koreanDateTime(scrim.updatedAt)}</time></td></tr>)}</tbody></table></div>}\n' +
    '      </section> : null}\n' +
    '\n' +
    '      {tab === "logs" ? <section className={styles.panel}>\n' +
    '        <div className={styles.panelHead}><h2>최근 Kakao 요청 영수증</h2><span>{result.data.recentRequests.length}건</span></div>\n' +
    '        {result.data.recentRequests.length === 0 ? <p className={styles.empty}>아직 저장된 요청 영수증이 없습니다.</p> : <div className={styles.tableWrap}><table><thead><tr><th>범위</th><th>상태</th><th>수신</th><th>만료</th></tr></thead><tbody>{result.data.recentRequests.map((item, index) => <tr key={`${item.scope}-${item.createdAt}-${index}`}><td>{item.scope}</td><td>{item.completed ? item.responseStatus : "처리 중"}</td><td>{koreanDateTime(item.createdAt)}</td><td>{koreanDateTime(item.expiresAt)}</td></tr>)}</tbody></table></div>}\n' +
    '      </section> : null}\n' +
    '\n' +
    '      {tab === "settings" ? settingsResult?.state === "ready" ? <section className={styles.panel}>\n' +
    '        <div className={styles.panelHead}><h2>비밀값 제외 운영 설정</h2><span>SUPER 수정 가능</span></div>\n' +
    '        <div className={styles.settingsBody}><p>V1 strict R8/V4: 프로필별 권한 · 방 등록부: 레거시 전용</p><KakaoSettingsForm initial={settingsResult.data} readOnly={session.role !== "SUPER_ADMIN"}/></div>\n' +
    '      </section> : <section className={styles.state} role={settingsResult?.state === "error" ? "alert" : "status"}><DatabaseZap/><h2>운영 설정을 불러올 수 없습니다.</h2></section> : null}\n' +
    '\n' +
    '    '... 1351 more characters

      at TestContext.<anonymous> (E:\k-LOL.GG\worktrees\ux-discoverability-20261002\tests\kakao-v4-installation-scope.test.ts:216:10)
      at Test.runInAsyncScope (node:async_hooks:228:14)
      at Test.run (node:internal/test_runner/test:1118:25)
      at Test.processPendingSubtests (node:internal/test_runner/test:787:18)
      at Test.postRun (node:internal/test_runner/test:1247:19)
      at Test.run (node:internal/test_runner/test:1175:12)
      at async Test.processPendingSubtests (node:internal/test_runner/test:787:7) {
    generatedMessage: true,
    code: 'ERR_ASSERTION',
    actual: 'import {\n  Bot,\n  CircleAlert,\n  Clock3,\n  DatabaseZap,\n  MessagesSquare,\n  Search,\n  ShieldCheck,\n  UsersRound,\n} from "@/components/theme/theme-icons";\nimport Link from "next/link";\nimport { notFound } from "next/navigation";\n\nimport { requirePageRole } from "@/modules/auth/infrastructure/server-authorization";\nimport type { PartyMemberStatisticsDto } from "@/modules/recruiting/application/ports";\nimport {\n  PARTY_MEMBER_STATS_MAXIMUM_QUERY_LENGTH,\n  PARTY_MEMBER_STATS_MINIMUM_QUERY_LENGTH,\n  parsePartyMemberStatsQuery,\n} from "@/modules/recruiting/application/party-member-statistics";\nimport { loadRuntimeRecruiting } from "@/modules/recruiting/infrastructure/runtime-recruiting";\nimport { readKakaoRuntimeConfiguration } from "@/modules/recruiting/kakao-admin/domain";\nimport { loadRuntimeKakaoAdmin } from "@/modules/recruiting/kakao-admin/runtime";\nimport {\n  kakaoAdminRequiredRole,\n  parseKakaoAdminTabQuery,\n} from "@/modules/recruiting/kakao-admin/tab-query";\n\nimport { KakaoHealthRepair } from "./kakao-health-repair";\nimport { KakaoSettingsForm } from "./kakao-settings-form";\nimport styles from "./kakao.module.css";\n\nexport const dynamic = "force-dynamic";\n\nfunction koreanDateTime(value: string) {\n  return new Date(value).toLocaleString("ko-KR", { timeZone: "Asia/Seoul" });\n}\n\nfunction PartyMemberStats({ data }: { data: PartyMemberStatisticsDto }) {\n  return <section className={styles.statsResults} aria-label="검색한 플레이어의 파티 통계">\n    <div className={styles.panelHead}>\n      <h2>이름 검색 결과</h2>\n      <span>최근 {data.lookbackDays}일 · 최대 {data.resultLimit}명</span>\n    </div>\n    {data.items.length === 0\n      ? <p className={styles.empty}>일치하는 파티 참여자를 찾지 못했습니다.</p>\n      : <div className={styles.memberStatsGrid}>{data.items.map((item) => <article className={styles.memberStat} key={item.name}>\n        <div className={styles.memberStatHead}>\n          <div><UsersRound aria-hidden="true"/><strong>{item.name}</strong></div>\n          <span>총 {item.totalPartyCount}회 참여</span>\n        </div>\n        <dl className={styles.statusMetrics}>\n          <div><dt>진행</dt><dd>{item.inProgressCount}</dd></div>\n          <div><dt>완료</dt><dd>{item.finishedCount}</dd></div>\n          <div><dt>취소</dt><dd>{item.canceledCount}</dd></div>\n          <div><dt>초기화</dt><dd>{item.resetCount}</dd></div>\n        </dl>\n        <div className={styles.companions}>\n          <h3>자주 함께한 사람</h3>\n          {item.companions.length === 0\n            ? <p>함께한 참여자 기록이 없습니다.</p>\n            : <ol>{item.companions.map((companion) => <li key={companion.name}>\n              <span>{companion.name}</span><strong>{companion.partyCount}회</strong>\n            </li>)}</ol>}\n        </div>\n      </article>)}</div>}\n    <p className={styles.statsBoundary}>최근 파티 {data.scannedPartyLimit.toLocaleString("ko-KR")}건까지 집계</p>\n  </section>;\n}\n\nexport default async function AdminKakaoPage({\n  searchParams,\n}: {\n  searchParams: Promise<Record<string, string | string[] | undefined>>;\n}) {\n  const resolvedSearchParams = await searchParams;\n  const tab = parseKakaoAdminTabQuery(resolvedSearchParams);\n  if (!tab) notFound();\n\n  const requiredRole = kakaoAdminRequiredRole(tab);\n  const session = await requirePageRole(requiredRole, `/admin/kakao?tab=${tab}`);\n  const statsQuery = parsePartyMemberStatsQuery(resolvedSearchParams.q);\n  const [result, settingsResult, memberStatsResult] = await Promise.all([\n    loadRuntimeRecruiting((service) => service.getAdminStatus()),\n    (tab === "settings" || tab === "health")\n      ? loadRuntimeKakaoAdmin((service) => service.getSettings())\n      : Promise.resolve(null),\n    tab === "stats" && statsQuery.state === "ready"\n      ? loadRuntimeRecruiting((service) => service.getPartyMemberStats(statsQuery.query))\n      : Promise.resolve(null),\n  ]);\n  const runtimeConfiguration = readKakaoRuntimeConfiguration();\n\n  return <main className={styles.page}>\n    <header className={styles.header}>\n      <div><span><Bot aria-hidden="true"/> KAKAO · S09</span><h1>카카오 연동 센터</h1></div>\n    </header>\n\n    <nav className={styles.tabs} aria-label="카카오 관리 화면">\n      <Link aria-current={tab === "recruits" ? "page" : undefined} href="/admin/kakao?tab=recruits">파티</Link>\n      <Link aria-current={tab === "scrims" ? "page" : undefined} href="/admin/kakao?tab=scrims">스크림</Link>\n      <Link aria-current={tab === "stats" ? "page" : undefined} href="/admin/kakao?tab=stats">통계</Link>\n      <>\n        <Link aria-current={tab === "settings" ? "page" : undefined} href="/admin/kakao?tab=settings">설정</Link>\n        <Link aria-current={tab === "logs" ? "page" : undefined} href="/admin/kakao?tab=logs">처리 상태</Link>\n        <Link aria-current={tab === "health" ? "page" : undefined} href="/admin/kakao?tab=health">보안 점검</Link>\n        <Link href="/admin/kakao/rooms">레거시 방 권한</Link>\n      </>\n    </nav>\n\n    {result.state === "ready" ? <>\n      {tab === "stats" ? <>\n        <section className={styles.summary} aria-label="Kakao 운영 요약">\n          <article><MessagesSquare/><span>열린 파티</span><strong>{result.data.openPartyCount}</strong></article>\n          <article><Clock3/><span>진행 스크림</span><strong>{result.data.openScrimCount}</strong></article>\n          <article><DatabaseZap/><span>미해결 시즌 신청</span><strong>{result.data.unresolvedSeasonApplicationCount}</strong></article>\n          <article><DatabaseZap/><span>활성 이미지 세션</span><strong>{result.data.activeImageSessionCount}</strong></article>\n          <article><DatabaseZap/><span>대기 outbox</span><strong>{result.data.pendingOutboxCount}</strong></article>\n          <article><Clock3/><span>미완료 영수증</span><strong>{result.data.incompleteReceiptCount}</strong></article>\n        </section>\n        <section className={styles.statsSearch}>\n          <div><Search aria-hidden="true"/><div><h2>플레이어 파티 통계</h2></div></div>\n          <form method="get">\n            <input name="tab" type="hidden" value="stats"/>\n            <label htmlFor="party-member-query">플레이어 이름</label>\n            <div><input\n              defaultValue={statsQuery.query}\n              id="party-member-query"\n              maxLength={PARTY_MEMBER_STATS_MAXIMUM_QUERY_LENGTH}\n              minLength={PARTY_MEMBER_STATS_MINIMUM_QUERY_LENGTH}\n              name="q"\n              placeholder="두 글자 이상 입력"\n              type="search"\n            /><button type="submit">검색</button></div>\n          </form>\n          {statsQuery.state === "invalid" ? <p className={styles.queryError} role="alert">이름은 제어 문자 없이 {PARTY_MEMBER_STATS_MINIMUM_QUERY_LENGTH}~{PARTY_MEMBER_STATS_MAXIMUM_QUERY_LENGTH}자로 입력해 주세요.</p> : null}\n        </section>\n        {memberStatsResult?.state === "ready" ? <PartyMemberStats data={memberStatsResult.data}/> : null}\n        {memberStatsResult?.state === "unavailable" ? <section className={styles.state} role="status"><DatabaseZap/><h2>상세 통계를 사용할 수 없습니다.</h2></section> : null}\n        {memberStatsResult?.state === "error" ? <section className={styles.state} role="alert"><CircleAlert/><h2>상세 통계를 불러오지 못했습니다.</h2></section> : null}\n      </> : null}\n\n      {tab === "recruits" ? <section className={styles.panel}>\n        <div className={styles.panelHead}><h2>최근 파티</h2><span>{result.data.recentParties.length}건</span></div>\n        {result.data.recentParties.length === 0 ? <p className={styles.empty}>저장된 파티가 없습니다.</p> : <div className={styles.tableWrap}><table><thead><tr><th>번호</th><th>제목</th><th>상태</th><th>인원</th><th>revision</th><th>갱신</th></tr></thead><tbody>{result.data.recentParties.map((party) => <tr key={party.id}><td>#{party.recruitNumber}</td><td>{party.title}</td><td>{party.status}</td><td>{party.memberCount}/{party.maximumMembers}</td><td>{party.revision}</td><td><time dateTime={party.updatedAt}>{koreanDateTime(party.updatedAt)}</time></td></tr>)}</tbody></table></div>}\n      </section> : null}\n\n      {tab === "scrims" ? <section className={styles.panel}>\n        <div className={styles.panelHead}><h2>최근 스크림</h2><span>{result.data.recentScrims.length}건</span></div>\n        {result.data.recentScrims.length === 0 ? <p className={styles.empty}>저장된 스크림이 없습니다.</p> : <div className={styles.tableWrap}><table><thead><tr><th>번호</th><th>요청 팀</th><th>상대 팀</th><th>상태</th><th>revision</th><th>갱신</th></tr></thead><tbody>{result.data.recentScrims.map((scrim) => <tr key={scrim.id}><td>#{scrim.scrimNumber}</td><td>{scrim.requesterTeamName ?? (scrim.requesterTeamId ? <code>{scrim.requesterTeamId.slice(0, 8)}</code> : "기록 없음")}</td><td>{scrim.opponentTeamName ?? (scrim.opponentTeamId ? <code>{scrim.opponentTeamId.slice(0, 8)}</code> : "—")}</td><td>{scrim.status}</td><td>{scrim.revision}</td><td><time dateTime={scrim.updatedAt}>{koreanDateTime(scrim.updatedAt)}</time></td></tr>)}</tbody></table></div>}\n      </section> : null}\n\n      {tab === "logs" ? <section className={styles.panel}>\n        <div className={styles.panelHead}><h2>최근 Kakao 요청 영수증</h2><span>{result.data.recentRequests.length}건</span></div>\n        {result.data.recentRequests.length === 0 ? <p className={styles.empty}>아직 저장된 요청 영수증이 없습니다.</p> : <div className={styles.tableWrap}><table><thead><tr><th>범위</th><th>상태</th><th>수신</th><th>만료</th></tr></thead><tbody>{result.data.recentRequests.map((item, index) => <tr key={`${item.scope}-${item.createdAt}-${index}`}><td>{item.scope}</td><td>{item.completed ? item.responseStatus : "처리 중"}</td><td>{koreanDateTime(item.createdAt)}</td><td>{koreanDateTime(item.expiresAt)}</td></tr>)}</tbody></table></div>}\n      </section> : null}\n\n      {tab === "settings" ? settingsResult?.state === "ready" ? <section className={styles.panel}>\n        <div className={styles.panelHead}><h2>비밀값 제외 운영 설정</h2><span>SUPER 수정 가능</span></div>\n        <div className={styles.settingsBody}><p>V1 strict R8/V4: 프로필별 권한 · 방 등록부: 레거시 전용</p><KakaoSettingsForm initial={settingsResult.data} readOnly={session.role !== "SUPER_ADMIN"}/></div>\n      </section> : <section className={styles.state} role={settingsResult?.state === "error" ? "alert" : "status"}><DatabaseZap/><h2>운영 설정을 불러올 수 없습니다.</h2></section> : null}\n\n    '... 1351 more characters,
    expected: /V1 strict R8\/V4는 프로필별 installation scope로 검증/u,
    operator: 'match',
    diff: 'simple'
  }

test at tests\media-private-assets.test.ts:64:1
✖ media editor and private asset administration expose the complete safe workflow (8.2455ms)
  AssertionError [ERR_ASSERTION]: The input did not match the regular expression /일부 파일이 실패해도 성공한 파일은 READY 자산으로 보존합니다/u. Input:

  '"use client";\n' +
    '\n' +
    'import { useEffect, useState, type FormEvent } from "react";\n' +
    'import { useRouter } from "next/navigation";\n' +
    '\n' +
    'import type { GalleryContent, GalleryImageReference, HighlightContent } from "@/modules/media";\n' +
    'import { ResilientMediaImage } from "@/app/(public)/(media)/resilient-media-image";\n' +
    '\n' +
    'import styles from "./admin-media.module.css";\n' +
    'import {\n' +
    '  galleryFileProblem,\n' +
    '  galleryFileProblemLabels,\n' +
    '  parseGalleryUploadReport,\n' +
    '  planGalleryFiles,\n' +
    '  type GalleryUploadReport,\n' +
    '} from "./admin-media-upload";\n' +
    '\n' +
    'type Asset = Readonly<{\n' +
    '  assetId: string;\n' +
    '  purpose: string;\n' +
    '  status: string;\n' +
    '  contentType: string;\n' +
    '  byteSize: number;\n' +
    '  width: number;\n' +
    '  height: number;\n' +
    '  createdAt: string;\n' +
    '}>;\n' +
    '\n' +
    'type Props =\n' +
    '  | { kind: "highlight"; initial?: HighlightContent; uploadAvailable: boolean }\n' +
    '  | { kind: "gallery"; initial?: GalleryContent; uploadAvailable: boolean; initialUploadReport?: GalleryUploadNavigationReport };\n' +
    '\n' +
    'type MutationPayload = Readonly<{\n' +
    '  detail?: string;\n' +
    '  revision?: number;\n' +
    '  highlight?: HighlightContent;\n' +
    '  gallery?: GalleryContent;\n' +
    '}>;\n' +
    '\n' +
    'export type GalleryUploadNavigationReport = Readonly<{\n' +
    '  uploaded: number;\n' +
    '  linked: number;\n' +
    '  failed: number;\n' +
    '}>;\n' +
    '\n' +
    'function nextKey() { return globalThis.crypto.randomUUID(); }\n' +
    'function assetLabel(asset: Asset) { return `${asset.width}×${asset.height} · ${(asset.byteSize / 1024).toFixed(0)} KB · ${asset.contentType.replace("image/", "").toUpperCase()}`; }\n' +
    'function galleryUploadReportKey(galleryId: string) { return `klol:gallery-upload-report:${galleryId}`; }\n' +
    'function galleryUploadReportText(report: GalleryUploadReport) {\n' +
    '  const connected = report.linked > 0 ? `${report.linked}장은 갤러리에 연결했습니다.` : report.uploaded > 0 ? `${report.uploaded}장은 READY 자산으로 보관되어 아래에서 다시 연결할 수 있습니다.` : "업로드된 이미지가 없습니다.";\n' +
    '  const failed = report.failedNames.length > 0 ? ` 실패: ${report.failedNames.join(", ")}` : "";\n' +
    '  const attachment = report.attachmentError ? ` 갤러리 연결 실패: ${report.attachmentError}` : "";\n' +
    '  return `${connected}${failed}${attachment}`;\n' +
    '}\n' +
    'function galleryUploadNavigationReportText(report: GalleryUploadNavigationReport) {\n' +
    '  const connected = report.linked > 0 ? `${report.linked}장은 갤러리에 연결했습니다.` : report.uploaded > 0 ? `${report.uploaded}장은 READY 자산으로 보관되어 아래에서 다시 연결할 수 있습니다.` : "업로드된 이미지가 없습니다.";\n' +
    '  const failed = report.failed > 0 ? ` ${report.failed}장은 실패했습니다. 실패한 파일만 다시 선택해 주세요.` : "";\n' +
    '  return `${connected}${failed}`;\n' +
    '}\n' +
    '\n' +
    'export function AdminMediaForm(props: Props) {\n' +
    '  const router = useRouter();\n' +
    '  const initial = props.initial;\n' +
    '  const initialHighlight = props.kind === "highlight" ? props.initial : undefined;\n' +
    '  const initialGallery = props.kind === "gallery" ? props.initial : undefined;\n' +
    '  const initialUploadReport = props.kind === "gallery" ? props.initialUploadReport : undefined;\n' +
    '  const [revision, setRevision] = useState(initial?.revision ?? 0);\n' +
    '  const [title, setTitle] = useState(initial?.title ?? "");\n' +
    '  const [description, setDescription] = useState(initial?.description ?? "");\n' +
    '  const [youtubeUrl, setYoutubeUrl] = useState(initialHighlight ? `https://www.youtube.com/watch?v=${initialHighlight.youtubeId}` : "");\n' +
    '  const [sortOrder, setSortOrder] = useState(initialHighlight?.sortOrder ?? 0);\n' +
    '  const [assetIds, setAssetIds] = useState<string[]>(initialHighlight?.thumbnailAssetId ? [initialHighlight.thumbnailAssetId] : []);\n' +
    '  const [galleryImages, setGalleryImages] = useState<GalleryImageReference[]>(initialGallery?.imageOrder ? [...initialGallery.imageOrder] : [\n' +
    '    ...(initialGallery?.imageAssetIds ?? []).map((assetId) => ({ kind: "ASSET" as const, assetId })),\n' +
    '    ...(initialGallery?.externalImageUrls ?? []).map((url) => ({ kind: "EXTERNAL" as const, url })),\n' +
    '  ]);\n' +
    '  const [selectedGalleryFiles, setSelectedGalleryFiles] = useState<File[]>([]);\n' +
    '  const [selectionFailures, setSelectionFailures] = useState<string[]>([]);\n' +
    '  const [assets, setAssets] = useState<Asset[]>([]);\n' +
    '  const [busy, setBusy] = useState(false);\n' +
    '  const [message, setMessage] = useState<string | null>(null);\n' +
    '  const [uploadReport, setUploadReport] = useState<string | null>(() => initialUploadReport ? galleryUploadNavigationReportText(initialUploadReport) : null);\n' +
    '  const [uploadProgress, setUploadProgress] = useState<string | null>(null);\n' +
    '  const base = props.kind === "highlight" ? "/api/admin/highlights" : "/api/admin/images";\n' +
    '  const endpoint = initial ? `${base}/${initial.id}` : base;\n' +
    '  const assetEndpoint = initial ? `${endpoint}/assets` : null;\n' +
    '  const editable = initial?.status === "DRAFT";\n' +
    '  const linkedGalleryAssetIds = galleryImages.flatMap((image) => image.kind === "ASSET" ? [image.assetId] : []);\n' +
    '\n' +
    '  useEffect(() => {\n' +
    '    if (!assetEndpoint || !editable) return;\n' +
    '    let active = true;\n' +
    '    void fetch(assetEndpoint, { credentials: "same-origin", cache: "no-store" }).then(async (response) => {\n' +
    '      const payload = await response.json().catch(() => null) as { items?: Asset[] } | null;\n' +
    '      if (active && response.ok) setAssets(payload?.items ?? []);\n' +
    '    }).catch(() => undefined);\n' +
    '    return () => { active = false; };\n' +
    '  }, [assetEndpoint, editable]);\n' +
    '\n' +
    '  useEffect(() => {\n' +
    '    if (!initialGallery?.id) return;\n' +
    '    let timer: ReturnType<typeof setTimeout> | undefined;\n' +
    '    try {\n' +
    '      const key = galleryUploadReportKey(initialGallery.id);\n' +
    '      const stored = globalThis.sessionStorage.getItem(key);\n' +
    '      globalThis.sessionStorage.removeItem(key);\n' +
    '      const detailedReport = parseGalleryUploadReport(stored);\n' +
    '      if (detailedReport) timer = setTimeout(() => setUploadReport(galleryUploadReportText(detailedReport)), 0);\n' +
    '    } catch { /* Browser storage restrictions must not hide the editor. */ }\n' +
    '    return () => { if (timer) clearTimeout(timer); };\n' +
    '  }, [initialGallery?.id]);\n' +
    '\n' +
    '  function contentBody(nextAssetIds = assetIds, nextGalleryImages = galleryImages) {\n' +
    '    return props.kind === "highlight"\n' +
    '      ? { title, description, youtubeUrl, thumbnailAssetId: nextAssetIds[0] ?? null, sortOrder: Number(sortOrder) }\n' +
    '      : {\n' +
    '        title,\n' +
    '        description,\n' +
    '        imageAssetIds: nextGalleryImages.flatMap((image) => image.kind === "ASSET" ? [image.assetId] : []),\n' +
    '        externalImageUrls: nextGalleryImages.flatMap((image) => image.kind === "EXTERNAL" ? [image.url] : []),\n' +
    '        imageOrder: nextGalleryImages,\n' +
    '      };\n' +
    '  }\n' +
    '\n' +
    '  async function requestMutation(target: string, method: string, body: unknown, expectedRevision: number) {\n' +
    '    try {\n' +
    '      const response = await fetch(target, {\n' +
    '        method,\n' +
    '        credentials: "same-origin",\n' +
    '        headers: { "Content-Type": "application/json", "If-Match": `"${expectedRevision}"`, "Idempotency-Key": nextKey() },\n' +
    '        body: JSON.stringify(body),\n' +
    '      });\n' +
    '      const payload = await response.json().catch(() => null) as MutationPayload | null;\n' +
    '      if (!response.ok) return { ok: false as const, detail: payload?.detail ?? "요청을 처리하지 못했습니다." };\n' +
    '      return { ok: true as const, payload };\n' +
    '    } catch { return { ok: false as const, detail: "네트워크 연결을 확인한 뒤 다시 시도해 주세요." }; }\n' +
    '  }\n' +
    '\n' +
    '  async function send(method: string, body: unknown) {\n' +
    '    setBusy(true); setMessage(null); setUploadReport(null);\n' +
    '    try {\n' +
    '      const result = await requestMutation(endpoint, method, body, revision);\n' +
    '      if (!result.ok) { setMessage(result.detail); return null; }\n' +
    '      const payload = result.payload;\n' +
    '      const nextRevision = payload?.revision ?? payload?.highlight?.revision ?? payload?.gallery?.revision;\n' +
    '      if (typeof nextRevision === "number") setRevision(nextRevision);\n' +
    '      return payload;\n' +
    '    } finally { setBusy(false); }\n' +
    '  }\n' +
    '\n' +
    '  async function saveAssets(nextAssetIds: string[]) {\n' +
    '    const payload = await send("PATCH", contentBody(nextAssetIds));\n' +
    '    if (!payload) return;\n' +
    '    setAssetIds(nextAssetIds);\n' +
    '    router.refresh();\n' +
    '  }\n' +
    '\n' +
    '  async function saveGalleryImages(nextImages: GalleryImageReference[]) {\n' +
    '    const payload = await send("PATCH", contentBody(assetIds, nextImages));\n' +
    '    if (!payload) return;\n' +
    '    setGalleryImages(nextImages);\n' +
    '    router.refresh();\n' +
    '  }\n' +
    '\n' +
    '  function moveGalleryImage(index: number, direction: -1 | 1) {\n' +
    '    const target = index + direction;\n' +
    '    if (target < 0 || target >= galleryImages.length) return;\n' +
    '    const next = [...galleryImages];\n' +
    '    [next[index], next[target]] = [next[target]!, next[index]!];\n' +
    '    void saveGalleryImages(next);\n' +
    '  }\n' +
    '\n' +
    '  async function uploadAsset(file: File, targetAssetEndpoint: string, expectedRevision: number) {\n' +
    '    const invalid = galleryFileProblem(file);\n' +
    '    if (invalid) return { ok: false as const, detail: invalid };\n' +
    '    try {\n' +
    '      const bytes = await file.arrayBuffer();\n' +
    '      const digest = await globalThis.crypto.subtle.digest("SHA-256", bytes);\n' +
    '      const sha256 = [...new Uint8Array(digest)].map((byte) => byte.toString(16).padStart(2, "0")).join("");\n' +
    '      const response = await fetch(targetAssetEndpoint, {\n' +
    '        method: "POST",\n' +
    '        credentials: "same-origin",\n' +
    '        headers: {\n' +
    '          "Content-Type": file.type,\n' +
    '          "If-Match": `"${expectedRevision}"`,\n' +
    '          "X-Upload-Byte-Size": String(file.size),\n' +
    '          "X-Content-Sha256": sha256,\n' +
    '          "X-Upload-File-Name": encodeURIComponent(file.name),\n' +
    '        },\n' +
    '        body: bytes,\n' +
    '      });\n' +
    '      const payload = await response.json().catch(() => null) as { detail?: string; asset?: Asset } | null;\n' +
    '      if (!response.ok || !payload?.asset) return { ok: false as const, detail: payload?.detail ?? "이미지를 업로드하지 못했습니다." };\n' +
    '      return { ok: true as const, asset: payload.asset };\n' +
    '    } catch { return { ok: false as const, detail: "이미지 검사 또는 업로드 중 오류가 발생했습니다." }; }\n' +
    '  }\n' +
    '\n' +
    '  async function uploadGalleryBatch(files: readonly File[], targetAssetEndpoint: string, targetEndpoint: string, expectedRevision: number, startingImages: readonly GalleryImageReference[]) {\n' +
    '    const uploaded: Asset[] = [];\n' +
    '    const failedNames: string[] = [];\n' +
    '    for (const [index, file] of files.entries()) {\n' +
    '      setUploadProgress(`${index + 1}/${files.length} · ${file.name} 업로드 중`);\n' +
    '      const result = await uploadAsset(file, targetAssetEndpoint, expectedRevision);\n' +
    '      if (result.ok) uplo'... 13831 more characters

      at TestContext.<anonymous> (E:\k-LOL.GG\worktrees\ux-discoverability-20261002\tests\media-private-assets.test.ts:90:10)
      at Test.runInAsyncScope (node:async_hooks:228:14)
      at Test.run (node:internal/test_runner/test:1118:25)
      at Test.processPendingSubtests (node:internal/test_runner/test:787:18)
      at Test.postRun (node:internal/test_runner/test:1247:19)
      at Test.run (node:internal/test_runner/test:1175:12)
      at async Test.processPendingSubtests (node:internal/test_runner/test:787:7) {
    generatedMessage: true,
    code: 'ERR_ASSERTION',
    actual: '"use client";\n\nimport { useEffect, useState, type FormEvent } from "react";\nimport { useRouter } from "next/navigation";\n\nimport type { GalleryContent, GalleryImageReference, HighlightContent } from "@/modules/media";\nimport { ResilientMediaImage } from "@/app/(public)/(media)/resilient-media-image";\n\nimport styles from "./admin-media.module.css";\nimport {\n  galleryFileProblem,\n  galleryFileProblemLabels,\n  parseGalleryUploadReport,\n  planGalleryFiles,\n  type GalleryUploadReport,\n} from "./admin-media-upload";\n\ntype Asset = Readonly<{\n  assetId: string;\n  purpose: string;\n  status: string;\n  contentType: string;\n  byteSize: number;\n  width: number;\n  height: number;\n  createdAt: string;\n}>;\n\ntype Props =\n  | { kind: "highlight"; initial?: HighlightContent; uploadAvailable: boolean }\n  | { kind: "gallery"; initial?: GalleryContent; uploadAvailable: boolean; initialUploadReport?: GalleryUploadNavigationReport };\n\ntype MutationPayload = Readonly<{\n  detail?: string;\n  revision?: number;\n  highlight?: HighlightContent;\n  gallery?: GalleryContent;\n}>;\n\nexport type GalleryUploadNavigationReport = Readonly<{\n  uploaded: number;\n  linked: number;\n  failed: number;\n}>;\n\nfunction nextKey() { return globalThis.crypto.randomUUID(); }\nfunction assetLabel(asset: Asset) { return `${asset.width}×${asset.height} · ${(asset.byteSize / 1024).toFixed(0)} KB · ${asset.contentType.replace("image/", "").toUpperCase()}`; }\nfunction galleryUploadReportKey(galleryId: string) { return `klol:gallery-upload-report:${galleryId}`; }\nfunction galleryUploadReportText(report: GalleryUploadReport) {\n  const connected = report.linked > 0 ? `${report.linked}장은 갤러리에 연결했습니다.` : report.uploaded > 0 ? `${report.uploaded}장은 READY 자산으로 보관되어 아래에서 다시 연결할 수 있습니다.` : "업로드된 이미지가 없습니다.";\n  const failed = report.failedNames.length > 0 ? ` 실패: ${report.failedNames.join(", ")}` : "";\n  const attachment = report.attachmentError ? ` 갤러리 연결 실패: ${report.attachmentError}` : "";\n  return `${connected}${failed}${attachment}`;\n}\nfunction galleryUploadNavigationReportText(report: GalleryUploadNavigationReport) {\n  const connected = report.linked > 0 ? `${report.linked}장은 갤러리에 연결했습니다.` : report.uploaded > 0 ? `${report.uploaded}장은 READY 자산으로 보관되어 아래에서 다시 연결할 수 있습니다.` : "업로드된 이미지가 없습니다.";\n  const failed = report.failed > 0 ? ` ${report.failed}장은 실패했습니다. 실패한 파일만 다시 선택해 주세요.` : "";\n  return `${connected}${failed}`;\n}\n\nexport function AdminMediaForm(props: Props) {\n  const router = useRouter();\n  const initial = props.initial;\n  const initialHighlight = props.kind === "highlight" ? props.initial : undefined;\n  const initialGallery = props.kind === "gallery" ? props.initial : undefined;\n  const initialUploadReport = props.kind === "gallery" ? props.initialUploadReport : undefined;\n  const [revision, setRevision] = useState(initial?.revision ?? 0);\n  const [title, setTitle] = useState(initial?.title ?? "");\n  const [description, setDescription] = useState(initial?.description ?? "");\n  const [youtubeUrl, setYoutubeUrl] = useState(initialHighlight ? `https://www.youtube.com/watch?v=${initialHighlight.youtubeId}` : "");\n  const [sortOrder, setSortOrder] = useState(initialHighlight?.sortOrder ?? 0);\n  const [assetIds, setAssetIds] = useState<string[]>(initialHighlight?.thumbnailAssetId ? [initialHighlight.thumbnailAssetId] : []);\n  const [galleryImages, setGalleryImages] = useState<GalleryImageReference[]>(initialGallery?.imageOrder ? [...initialGallery.imageOrder] : [\n    ...(initialGallery?.imageAssetIds ?? []).map((assetId) => ({ kind: "ASSET" as const, assetId })),\n    ...(initialGallery?.externalImageUrls ?? []).map((url) => ({ kind: "EXTERNAL" as const, url })),\n  ]);\n  const [selectedGalleryFiles, setSelectedGalleryFiles] = useState<File[]>([]);\n  const [selectionFailures, setSelectionFailures] = useState<string[]>([]);\n  const [assets, setAssets] = useState<Asset[]>([]);\n  const [busy, setBusy] = useState(false);\n  const [message, setMessage] = useState<string | null>(null);\n  const [uploadReport, setUploadReport] = useState<string | null>(() => initialUploadReport ? galleryUploadNavigationReportText(initialUploadReport) : null);\n  const [uploadProgress, setUploadProgress] = useState<string | null>(null);\n  const base = props.kind === "highlight" ? "/api/admin/highlights" : "/api/admin/images";\n  const endpoint = initial ? `${base}/${initial.id}` : base;\n  const assetEndpoint = initial ? `${endpoint}/assets` : null;\n  const editable = initial?.status === "DRAFT";\n  const linkedGalleryAssetIds = galleryImages.flatMap((image) => image.kind === "ASSET" ? [image.assetId] : []);\n\n  useEffect(() => {\n    if (!assetEndpoint || !editable) return;\n    let active = true;\n    void fetch(assetEndpoint, { credentials: "same-origin", cache: "no-store" }).then(async (response) => {\n      const payload = await response.json().catch(() => null) as { items?: Asset[] } | null;\n      if (active && response.ok) setAssets(payload?.items ?? []);\n    }).catch(() => undefined);\n    return () => { active = false; };\n  }, [assetEndpoint, editable]);\n\n  useEffect(() => {\n    if (!initialGallery?.id) return;\n    let timer: ReturnType<typeof setTimeout> | undefined;\n    try {\n      const key = galleryUploadReportKey(initialGallery.id);\n      const stored = globalThis.sessionStorage.getItem(key);\n      globalThis.sessionStorage.removeItem(key);\n      const detailedReport = parseGalleryUploadReport(stored);\n      if (detailedReport) timer = setTimeout(() => setUploadReport(galleryUploadReportText(detailedReport)), 0);\n    } catch { /* Browser storage restrictions must not hide the editor. */ }\n    return () => { if (timer) clearTimeout(timer); };\n  }, [initialGallery?.id]);\n\n  function contentBody(nextAssetIds = assetIds, nextGalleryImages = galleryImages) {\n    return props.kind === "highlight"\n      ? { title, description, youtubeUrl, thumbnailAssetId: nextAssetIds[0] ?? null, sortOrder: Number(sortOrder) }\n      : {\n        title,\n        description,\n        imageAssetIds: nextGalleryImages.flatMap((image) => image.kind === "ASSET" ? [image.assetId] : []),\n        externalImageUrls: nextGalleryImages.flatMap((image) => image.kind === "EXTERNAL" ? [image.url] : []),\n        imageOrder: nextGalleryImages,\n      };\n  }\n\n  async function requestMutation(target: string, method: string, body: unknown, expectedRevision: number) {\n    try {\n      const response = await fetch(target, {\n        method,\n        credentials: "same-origin",\n        headers: { "Content-Type": "application/json", "If-Match": `"${expectedRevision}"`, "Idempotency-Key": nextKey() },\n        body: JSON.stringify(body),\n      });\n      const payload = await response.json().catch(() => null) as MutationPayload | null;\n      if (!response.ok) return { ok: false as const, detail: payload?.detail ?? "요청을 처리하지 못했습니다." };\n      return { ok: true as const, payload };\n    } catch { return { ok: false as const, detail: "네트워크 연결을 확인한 뒤 다시 시도해 주세요." }; }\n  }\n\n  async function send(method: string, body: unknown) {\n    setBusy(true); setMessage(null); setUploadReport(null);\n    try {\n      const result = await requestMutation(endpoint, method, body, revision);\n      if (!result.ok) { setMessage(result.detail); return null; }\n      const payload = result.payload;\n      const nextRevision = payload?.revision ?? payload?.highlight?.revision ?? payload?.gallery?.revision;\n      if (typeof nextRevision === "number") setRevision(nextRevision);\n      return payload;\n    } finally { setBusy(false); }\n  }\n\n  async function saveAssets(nextAssetIds: string[]) {\n    const payload = await send("PATCH", contentBody(nextAssetIds));\n    if (!payload) return;\n    setAssetIds(nextAssetIds);\n    router.refresh();\n  }\n\n  async function saveGalleryImages(nextImages: GalleryImageReference[]) {\n    const payload = await send("PATCH", contentBody(assetIds, nextImages));\n    if (!payload) return;\n    setGalleryImages(nextImages);\n    router.refresh();\n  }\n\n  function moveGalleryImage(index: number, direction: -1 | 1) {\n    const target = index + direction;\n    if (target < 0 || target >= galleryImages.length) return;\n    const next = [...galleryImages];\n    [next[index], next[target]] = [next[target]!, next[index]!];\n    void saveGalleryImages(next);\n  }\n\n  async function uploadAsset(file: File, targetAssetEndpoint: string, expectedRevision: number) {\n    const invalid = galleryFileProblem(file);\n    if (invalid) return { ok: false as const, detail: invalid };\n    try {\n      const bytes = await file.arrayBuffer();\n      const digest = await globalThis.crypto.subtle.digest("SHA-256", bytes);\n      const sha256 = [...new Uint8Array(digest)].map((byte) => byte.toString(16).padStart(2, "0")).join("");\n      const response = await fetch(targetAssetEndpoint, {\n        method: "POST",\n        credentials: "same-origin",\n        headers: {\n          "Content-Type": file.type,\n          "If-Match": `"${expectedRevision}"`,\n          "X-Upload-Byte-Size": String(file.size),\n          "X-Content-Sha256": sha256,\n          "X-Upload-File-Name": encodeURIComponent(file.name),\n        },\n        body: bytes,\n      });\n      const payload = await response.json().catch(() => null) as { detail?: string; asset?: Asset } | null;\n      if (!response.ok || !payload?.asset) return { ok: false as const, detail: payload?.detail ?? "이미지를 업로드하지 못했습니다." };\n      return { ok: true as const, asset: payload.asset };\n    } catch { return { ok: false as const, detail: "이미지 검사 또는 업로드 중 오류가 발생했습니다." }; }\n  }\n\n  async function uploadGalleryBatch(files: readonly File[], targetAssetEndpoint: string, targetEndpoint: string, expectedRevision: number, startingImages: readonly GalleryImageReference[]) {\n    const uploaded: Asset[] = [];\n    const failedNames: string[] = [];\n    for (const [index, file] of files.entries()) {\n      setUploadProgress(`${index + 1}/${files.length} · ${file.name} 업로드 중`);\n      const result = await uploadAsset(file, targetAssetEndpoint, expectedRevision);\n      if (result.ok) uplo'... 13831 more characters,
    expected: /일부 파일이 실패해도 성공한 파일은 READY 자산으로 보존합니다/u,
    operator: 'match',
    diff: 'simple'
  }

test at tests\riot-adapter-contracts.test.ts:132:1
✖ public, owner, admin HTTP routes and responsive UI states are present (11.7731ms)
  AssertionError [ERR_ASSERTION]: The input did not match the regular expression /현재 Riot 연동은 해제된 상태/. Input:

  'import { createRouteMetadata } from "@/modules/seo/domain/site-seo";\n' +
    'import Link from "next/link";\n' +
    '\n' +
    'import { AccountShell } from "@/components/accounts/account-shell";\n' +
    'import { RiotOwnerActions } from "@/components/riot/riot-owner-actions";\n' +
    'import styles from "@/components/accounts/account-access.module.css";\n' +
    'import { requireApprovedAccountPage } from "@/modules/auth/infrastructure/server-authorization";\n' +
    'import { publicRiotLinkMethodLabel, publicRiotLinkStatusLabel, publicRiotSyncStatusLabel } from "@/modules/competitions/core";\n' +
    'import { getRuntimeRiot, loadRuntimeRiot } from "@/modules/riot/infrastructure/runtime-riot";\n' +
    '\n' +
    'export const metadata = createRouteMetadata("/account/riot");\n' +
    'export const dynamic = "force-dynamic";\n' +
    '\n' +
    'export default async function AccountRiotPage() {\n' +
    '  const session = await requireApprovedAccountPage("/account/riot");\n' +
    '  const result = await loadRuntimeRiot((runtime) => runtime.query.getOwnerStatus(session.userId));\n' +
    '  const link = result.state === "ready" ? result.data?.link ?? null : null;\n' +
    '  const connected = link?.status === "CONNECTED";\n' +
    '  const rsoAvailable = getRuntimeRiot()?.rsoAvailable ?? false;\n' +
    '  return <AccountShell activeTab="riot" title="내 Riot 계정" status={{ label: link ? publicRiotLinkStatusLabel(link.status) : "승인된 계정", state: link?.status ?? "APPROVED" }} action={<Link className={styles.primaryLink} href="/help/riot">연동 도움말</Link>}>\n' +
    '    {result.state === "unavailable" ? <section className={styles.panel} role="status"><h2>Riot 연동을 준비하고 있어요.</h2></section>\n' +
    '      : result.state === "error" ? <section className={styles.panel} role="alert"><h2>연동 상태를 불러오지 못했습니다.</h2><p>잠시 후 다시 시도해 주세요.</p></section>\n' +
    '      : !result.data ? <section className={styles.panel} role="status"><h2>연결할 플레이어가 없습니다.</h2><p>먼저 관리자 승인을 받아 내 플레이어를 연결해 주세요.</p></section>\n' +
    '      : <div className={styles.accountGrid}>\n' +
    '        <section className={styles.panel}><h2>{connected ? "연결된 Riot 계정" : result.data.link ? "이전 Riot 연동" : "Riot 계정 연결"}</h2>{result.data.link ? <><dl className={styles.facts}><div><dt>Riot ID</dt><dd>{result.data.link.riotId}</dd></div><div><dt>연결 방식</dt><dd>{publicRiotLinkMethodLabel(result.data.link.method)}</dd></div><div><dt>상태</dt><dd>{publicRiotLinkStatusLabel(result.data.link.status)}</dd></div></dl>{result.data.link.method !== "RSO_VERIFIED" ? <p className={styles.notice}>공개 전적 연결 · Riot 계정 소유권 미인증</p> : null}{!connected ? <p className={styles.notice}>연동 해제됨 · 다시 연결 가능</p> : null}</> : null}<RiotOwnerActions linkRevision={result.data.link?.revision ?? 0} connected={connected} rsoAvailable={rsoAvailable} /></section>\n' +
    '        <section className={styles.panel}><h2>최근 동기화</h2>{result.data.lastSync ? <dl className={styles.facts}><div><dt>상태</dt><dd>{publicRiotSyncStatusLabel(result.data.lastSync.status)}</dd></div><div><dt>시도</dt><dd>{result.data.lastSync.attemptCount}회</dd></div><div><dt>오류</dt><dd>{result.data.lastSync.failureCode ?? "없음"}</dd></div></dl> : <p>아직 동기화 요청이 없습니다.</p>}{result.data.summary ? <p className={styles.notice}>{result.data.summary.soloTier ?? "랭크 없음"} {result.data.summary.soloRank ?? ""} · {result.data.summary.leaguePoints ?? 0} LP</p> : null}</section>\n' +
    '      </div>}\n' +
    '  </AccountShell>;\n' +
    '}\n'

      at TestContext.<anonymous> (E:\k-LOL.GG\worktrees\ux-discoverability-20261002\tests\riot-adapter-contracts.test.ts:160:10)
      at Test.runInAsyncScope (node:async_hooks:228:14)
      at Test.run (node:internal/test_runner/test:1118:25)
      at Test.processPendingSubtests (node:internal/test_runner/test:787:18)
      at Test.postRun (node:internal/test_runner/test:1247:19)
      at Test.run (node:internal/test_runner/test:1175:12)
      at async Test.processPendingSubtests (node:internal/test_runner/test:787:7) {
    generatedMessage: true,
    code: 'ERR_ASSERTION',
    actual: 'import { createRouteMetadata } from "@/modules/seo/domain/site-seo";\nimport Link from "next/link";\n\nimport { AccountShell } from "@/components/accounts/account-shell";\nimport { RiotOwnerActions } from "@/components/riot/riot-owner-actions";\nimport styles from "@/components/accounts/account-access.module.css";\nimport { requireApprovedAccountPage } from "@/modules/auth/infrastructure/server-authorization";\nimport { publicRiotLinkMethodLabel, publicRiotLinkStatusLabel, publicRiotSyncStatusLabel } from "@/modules/competitions/core";\nimport { getRuntimeRiot, loadRuntimeRiot } from "@/modules/riot/infrastructure/runtime-riot";\n\nexport const metadata = createRouteMetadata("/account/riot");\nexport const dynamic = "force-dynamic";\n\nexport default async function AccountRiotPage() {\n  const session = await requireApprovedAccountPage("/account/riot");\n  const result = await loadRuntimeRiot((runtime) => runtime.query.getOwnerStatus(session.userId));\n  const link = result.state === "ready" ? result.data?.link ?? null : null;\n  const connected = link?.status === "CONNECTED";\n  const rsoAvailable = getRuntimeRiot()?.rsoAvailable ?? false;\n  return <AccountShell activeTab="riot" title="내 Riot 계정" status={{ label: link ? publicRiotLinkStatusLabel(link.status) : "승인된 계정", state: link?.status ?? "APPROVED" }} action={<Link className={styles.primaryLink} href="/help/riot">연동 도움말</Link>}>\n    {result.state === "unavailable" ? <section className={styles.panel} role="status"><h2>Riot 연동을 준비하고 있어요.</h2></section>\n      : result.state === "error" ? <section className={styles.panel} role="alert"><h2>연동 상태를 불러오지 못했습니다.</h2><p>잠시 후 다시 시도해 주세요.</p></section>\n      : !result.data ? <section className={styles.panel} role="status"><h2>연결할 플레이어가 없습니다.</h2><p>먼저 관리자 승인을 받아 내 플레이어를 연결해 주세요.</p></section>\n      : <div className={styles.accountGrid}>\n        <section className={styles.panel}><h2>{connected ? "연결된 Riot 계정" : result.data.link ? "이전 Riot 연동" : "Riot 계정 연결"}</h2>{result.data.link ? <><dl className={styles.facts}><div><dt>Riot ID</dt><dd>{result.data.link.riotId}</dd></div><div><dt>연결 방식</dt><dd>{publicRiotLinkMethodLabel(result.data.link.method)}</dd></div><div><dt>상태</dt><dd>{publicRiotLinkStatusLabel(result.data.link.status)}</dd></div></dl>{result.data.link.method !== "RSO_VERIFIED" ? <p className={styles.notice}>공개 전적 연결 · Riot 계정 소유권 미인증</p> : null}{!connected ? <p className={styles.notice}>연동 해제됨 · 다시 연결 가능</p> : null}</> : null}<RiotOwnerActions linkRevision={result.data.link?.revision ?? 0} connected={connected} rsoAvailable={rsoAvailable} /></section>\n        <section className={styles.panel}><h2>최근 동기화</h2>{result.data.lastSync ? <dl className={styles.facts}><div><dt>상태</dt><dd>{publicRiotSyncStatusLabel(result.data.lastSync.status)}</dd></div><div><dt>시도</dt><dd>{result.data.lastSync.attemptCount}회</dd></div><div><dt>오류</dt><dd>{result.data.lastSync.failureCode ?? "없음"}</dd></div></dl> : <p>아직 동기화 요청이 없습니다.</p>}{result.data.summary ? <p className={styles.notice}>{result.data.summary.soloTier ?? "랭크 없음"} {result.data.summary.soloRank ?? ""} · {result.data.summary.leaguePoints ?? 0} LP</p> : null}</section>\n      </div>}\n  </AccountShell>;\n}\n',
    expected: /현재 Riot 연동은 해제된 상태/,
    operator: 'match',
    diff: 'simple'
  }
