
> klol-gg-v2@0.1.0 check
> npm run lint && npm run typecheck && npm run db:erd:check && npm test && npm run verify:home-guide-art && npm run build


> klol-gg-v2@0.1.0 lint
> eslint


E:\k-LOL.GG\worktrees\ux-discoverability-20261002\integrations\messengerbot-r\KLOL_KAKAO_BOT_V41_MESSENGERBOT_R.js
   1:838   warning  'e' is defined but never used  @typescript-eslint/no-unused-vars
   5:130   warning  'e' is defined but never used  @typescript-eslint/no-unused-vars
  32:231   warning  'e' is defined but never used  @typescript-eslint/no-unused-vars
  33:79    warning  'e' is defined but never used  @typescript-eslint/no-unused-vars
  33:196   warning  'e' is defined but never used  @typescript-eslint/no-unused-vars
  34:274   warning  'e' is defined but never used  @typescript-eslint/no-unused-vars
  35:200   warning  'e' is defined but never used  @typescript-eslint/no-unused-vars
  36:66    warning  'e' is defined but never used  @typescript-eslint/no-unused-vars
  44:347   warning  'n' is defined but never used  @typescript-eslint/no-unused-vars
  54:409   warning  'e' is defined but never used  @typescript-eslint/no-unused-vars
  56:71    warning  'e' is defined but never used  @typescript-eslint/no-unused-vars
  59:168   warning  'e' is defined but never used  @typescript-eslint/no-unused-vars
  60:318   warning  'e' is defined but never used  @typescript-eslint/no-unused-vars
  65:1002  warning  'e' is defined but never used  @typescript-eslint/no-unused-vars
  74:403   warning  'e' is defined but never used  @typescript-eslint/no-unused-vars
  75:151   warning  'e' is defined but never used  @typescript-eslint/no-unused-vars
  75:216   warning  'e' is defined but never used  @typescript-eslint/no-unused-vars
  75:497   warning  'e' is defined but never used  @typescript-eslint/no-unused-vars
  78:2934  warning  'e' is defined but never used  @typescript-eslint/no-unused-vars
  79:8     warning  'e' is defined but never used  @typescript-eslint/no-unused-vars
  80:116   warning  'e' is defined but never used  @typescript-eslint/no-unused-vars
  81:378   warning  'e' is defined but never used  @typescript-eslint/no-unused-vars

E:\k-LOL.GG\worktrees\ux-discoverability-20261002\integrations\messengerbot-r\KLOL_KAKAO_BOT_V41_V1_COMPAT.js
  1:1  warning  Unused eslint-disable directive (no problems were reported)

E:\k-LOL.GG\worktrees\ux-discoverability-20261002\integrations\messengerbot-r\KLOL_KAKAO_BOT_V41_V2_COMPLETE.js
    2:5  warning  'KLOL_V41_BUNDLE_START_SENTINEL' is assigned a value but never used  @typescript-eslint/no-unused-vars
  369:1  warning  Unused eslint-disable directive (no problems were reported)

E:\k-LOL.GG\worktrees\ux-discoverability-20261002\integrations\messengerbot-r\v1-strict\KLOL_KAKAO_BOT_V1_STRICT_MESSENGERBOT_R.js
     1:5   warning  'KLOL_V1_SOURCE_SHA256' is assigned a value but never used           @typescript-eslint/no-unused-vars
     2:5   warning  'KLOL_V1_EXTRACTED_SHA256' is assigned a value but never used        @typescript-eslint/no-unused-vars
     3:5   warning  'KLOL_V1_SOURCE_FUNCTIONS' is assigned a value but never used        @typescript-eslint/no-unused-vars
     6:5   warning  'KLOL_V1_TRANSPORT_SEAMS' is assigned a value but never used         @typescript-eslint/no-unused-vars
    38:10  warning  'ignored' is defined but never used                                  @typescript-eslint/no-unused-vars
   131:10  warning  'ignored' is defined but never used                                  @typescript-eslint/no-unused-vars
   228:5   warning  'PARTY_RECRUIT_STATUS_API_URL' is assigned a value but never used    @typescript-eslint/no-unused-vars
   239:46  warning  'ignored' is defined but never used                                  @typescript-eslint/no-unused-vars
   304:10  warning  'ignoredJavaNormalizationError' is defined but never used            @typescript-eslint/no-unused-vars
   314:10  warning  'parsePartyMemberMutationCommand' is defined but never used          @typescript-eslint/no-unused-vars
   457:10  warning  'error' is defined but never used                                    @typescript-eslint/no-unused-vars
   476:10  warning  'error' is defined but never used                                    @typescript-eslint/no-unused-vars
   491:10  warning  'error' is defined but never used                                    @typescript-eslint/no-unused-vars
   529:10  warning  'error' is defined but never used                                    @typescript-eslint/no-unused-vars
   555:10  warning  'error' is defined but never used                                    @typescript-eslint/no-unused-vars
   567:10  warning  'error' is defined but never used                                    @typescript-eslint/no-unused-vars
   605:10  warning  'error' is defined but never used                                    @typescript-eslint/no-unused-vars
   609:29  warning  'room' is defined but never used                                     @typescript-eslint/no-unused-vars
   609:35  warning  'sender' is defined but never used                                   @typescript-eslint/no-unused-vars
   609:43  warning  'imageBase64' is defined but never used                              @typescript-eslint/no-unused-vars
   609:56  warning  'replier' is defined but never used                                  @typescript-eslint/no-unused-vars
   612:36  warning  'room' is defined but never used                                     @typescript-eslint/no-unused-vars
   612:42  warning  'sender' is defined but never used                                   @typescript-eslint/no-unused-vars
   612:50  warning  'replier' is defined but never used                                  @typescript-eslint/no-unused-vars
   754:77  warning  'packageName' is defined but never used                              @typescript-eslint/no-unused-vars
   765:10  warning  'ignoredImageError' is defined but never used                        @typescript-eslint/no-unused-vars
   769:10  warning  'ignoredImageBase64Error' is defined but never used                  @typescript-eslint/no-unused-vars
   782:10  warning  'ignoredImageBitmapError' is defined but never used                  @typescript-eslint/no-unused-vars
  1798:5   warning  'isOperationFormCompleteMessage' is assigned a value but never used  @typescript-eslint/no-unused-vars
  1800:5   warning  'isSeasonApplyCompleteMessage' is assigned a value but never used    @typescript-eslint/no-unused-vars
  1830:10  warning  'response' is defined but never used                                 @typescript-eslint/no-unused-vars
  1838:12  warning  'ignoredDiagnosticReply' is defined but never used                   @typescript-eslint/no-unused-vars

E:\k-LOL.GG\worktrees\ux-discoverability-20261002\src\modules\matches\infrastructure\postgres-match-transaction-authorizer.ts
  11:73  warning  '_now' is defined but never used  @typescript-eslint/no-unused-vars

✖ 58 problems (0 errors, 58 warnings)
  0 errors and 2 warnings potentially fixable with the `--fix` option.


> klol-gg-v2@0.1.0 typecheck
> tsc --noEmit


> klol-gg-v2@0.1.0 db:erd:check
> tsx scripts/database/generate-erd.ts --check

[db:erd] up to date: 111 tables, 173 foreign keys, schema sha256 0601644420b7cbdc056c1f307d67aec845c6190d005d31c5143cc44cb0d4baa2

> klol-gg-v2@0.1.0 test
> npm run test:contracts && npm run test:unit


> klol-gg-v2@0.1.0 test:contracts
> node --test tests/*.test.mjs

✔ public match and player detail use the same allowlisted champion portrait with a safe fallback (13.3311ms)
✔ my account connects bounded participation and current discipline status to details and evidence (3.6293ms)
✔ event and destruction details retain actions while exposing readable lifecycle and result hierarchy (8.2133ms)
✔ own player mutation keeps approval, origin, revision and idempotency guards (10.7315ms)
✔ own player form keeps one idempotency key for an uncertain retry and explains Riot relinking (10.0431ms)
✔ account pages reuse the account shell and avoid decorative English headings (7.183ms)
✔ isolated account HTTP verification runs the real Chromium owner profile regression (3.6025ms)
✔ 역할 변경 API는 same-origin 세션 검사 뒤 일반 ADMIN을 mutation parsing 전에 거부한다 (12.0034ms)
✔ 역할 관리 UI와 목록 진입점은 SUPER_ADMIN에게만 노출된다 (4.4874ms)
✔ 승인된 미삭제 USER의 ADMIN 승격은 플레이어 연결을 요구하지 않는다 (1.6781ms)
✔ 플레이어 상세는 연결 계정 revision으로 기존 SUPER_ADMIN 역할 API를 안전하게 재사용한다 (3.1495ms)
✔ discipline reaches records 51–101 and returns without losing the selected classification (189.0001ms)
✔ logs keeps each ledger's page and filters while requesting only the displayed ledger (91.4984ms)
✔ log filters reset their own page while preserving the other ledger context (97.0507ms)
✔ discipline: out-of-range page recovers without calling it an empty data set (21.8428ms)
✔ discipline: empty, unavailable and error states provide truthful recovery (84.9871ms)
✔ logs: out-of-range page recovers without calling it an empty data set (55.2504ms)
✔ logs: empty, unavailable and error states provide truthful recovery (178.4753ms)
✔ invalid or duplicated queries never start list reads and both pages retain the ADMIN guard (692.3664ms)
✔ the accepted upper page has a previous action but never emits a page outside the bound (73.6771ms)
✔ administrator balance status uses readable Korean operational labels (4.223ms)
✔ administrator balance navigation is a visible keyboard-focusable control (1.1282ms)
✔ event administrators can reach records 13–25 and return without losing filters (358.3743ms)
✔ event search keeps page size, starts at page one and retains canonical filter values (389.9585ms)
✔ event out-of-range empty page returns to the same filtered first page (234.5376ms)
✔ event empty filtered and initial states differ, and failed loads can retry the same query (657.3004ms)
✔ event invalid pagination avoids accidental unfiltered reads and provides recovery (810.4465ms)
✔ event pagination never emits a page outside the existing parser limit (104.6397ms)
✔ destruction administrators can reach records 13–25 and return without losing filters (90.451ms)
✔ destruction search keeps page size, starts at page one and retains canonical filter values (114.55ms)
✔ destruction out-of-range empty page returns to the same filtered first page (124.8819ms)
✔ destruction empty filtered and initial states differ, and failed loads can retry the same query (455.2051ms)
✔ destruction invalid pagination avoids accidental unfiltered reads and provides recovery (774.1415ms)
✔ destruction pagination never emits a page outside the existing parser limit (69.0202ms)
✔ discipline: lost creation response retries the exact payload/key and locks confirmed navigation (160.6664ms)
✔ discipline: simultaneous submits issue one creation request (47.0573ms)
✔ discipline: 5xx and unreadable success preserve identity and recover without a stuck form (52.4265ms)
✔ discipline: a definite first rejection allows correction with a new identity (58.3142ms)
✔ discipline: 401 after uncertainty does not abandon the original creation (42.7868ms)
✔ discipline: 403 after uncertainty does not abandon the original creation (36.5863ms)
✔ discipline: 429 after uncertainty does not abandon the original creation (29.691ms)
✔ discipline: malformed success cannot unlock an unconfirmed creation (87.0403ms)
✔ highlight: lost creation response retries the exact payload/key and locks confirmed navigation (245.4662ms)
✔ highlight: simultaneous submits issue one creation request (256.4997ms)
✔ highlight: 5xx and unreadable success preserve identity and recover without a stuck form (219.4501ms)
✔ highlight: a definite first rejection allows correction with a new identity (146.835ms)
✔ highlight: 401 after uncertainty does not abandon the original creation (193.8263ms)
✔ highlight: 403 after uncertainty does not abandon the original creation (101.8235ms)
✔ highlight: 429 after uncertainty does not abandon the original creation (77.7759ms)
✔ highlight: malformed success cannot unlock an unconfirmed creation (112.3594ms)
✔ gallery: lost creation response retries the exact payload/key and locks confirmed navigation (117.7931ms)
✔ gallery: simultaneous submits issue one creation request (102.5706ms)
✔ gallery: 5xx and unreadable success preserve identity and recover without a stuck form (76.8873ms)
✔ gallery: a definite first rejection allows correction with a new identity (62.5146ms)
✔ gallery: 401 after uncertainty does not abandon the original creation (116.5762ms)
✔ gallery: 403 after uncertainty does not abandon the original creation (64.5279ms)
✔ gallery: 429 after uncertainty does not abandon the original creation (56.6948ms)
✔ gallery: malformed success cannot unlock an unconfirmed creation (52.0736ms)
✔ gallery: retry preserves selected files and partial upload results, attachment failure=false (71.5751ms)
✔ gallery: retry preserves selected files and partial upload results, attachment failure=true (75.364ms)
✔ gallery: truncated attachment response cannot report a confirmed connection (54.7343ms)
✔ gallery: null attachment response cannot report a confirmed connection (63.7347ms)
✔ gallery: empty attachment response cannot report a confirmed connection (59.492ms)
✔ gallery: invalid-revision attachment response cannot report a confirmed connection (77.145ms)
✔ MMR 수동 조정은 raw UUID 대신 bounded 플레이어 선택기를 사용한다 (0.8972ms)
✔ Riot 작업은 현재 목록에서 플레이어와 link를 선택하고 revision을 자동 계산한다 (0.2624ms)
✔ 징계 대상 선택은 관리자 전용 bounded endpoint의 allowlist metadata로 표시값을 채운다 (1.5506ms)
✔ 공통 bounded picker는 원격 metadata를 문자열 allowlist로 제한한다 (0.6622ms)
✔ the contracted match edit page reuses the guarded editor and preserves the AI review alias (3.7032ms)
✔ highlight: later pages remain reachable with status and page size (46.604ms)
✔ highlight: all-status native GET works and filtered empty state has a reset (101.453ms)
✔ highlight: boundaries use server-clamped current page without impossible directions (62.0919ms)
✔ highlight: invalid parameters recover without loading or relaxing strict validation (214.0692ms)
✔ highlight: load failure retries the same validated page and filter (18.9394ms)
✔ highlight: publication labels are readable and a published editor opens its public page (54.9597ms)
✔ highlight: filter controls remount when the applied page or filter changes (137.2333ms)
✔ gallery: later pages remain reachable with status and page size (13.4404ms)
✔ gallery: all-status native GET works and filtered empty state has a reset (48.2585ms)
✔ gallery: boundaries use server-clamped current page without impossible directions (59.5989ms)
✔ gallery: invalid parameters recover without loading or relaxing strict validation (116.577ms)
✔ gallery: load failure retries the same validated page and filter (12.6093ms)
✔ gallery: publication labels are readable and a published editor opens its public page (71.5834ms)
✔ gallery: filter controls remount when the applied page or filter changes (72.4472ms)
✔ MMR players retain query, position and page size across page navigation and show the score used for ordering (150.0511ms)
✔ MMR review pagination uses its independent query contract and detail close retains the current page (67.7717ms)
✔ MMR invalid and duplicated queries do not silently display an unrelated first page; empty pages recover within their tab (393.7734ms)
✔ champion previous and next retain search, status and size, while edited filters reset to page one (28.8938ms)
✔ champion status choices and badges use Korean labels while retaining canonical filter values (21.6572ms)
✔ champion invalid, unavailable, unmatched and out-of-range pages each have a valid recovery (136.0122ms)
✔ season administration presents lifecycle, status, source, and position labels in Korean (4.1111ms)
✔ account and settings administration avoid decorative English labels (8.3275ms)
✔ admin HTTP guard matrix covers every canonical App Router page (112.3465ms)
✔ administrator team draft pages use the ADMIN viewer and administrator mutation boundary (5.2883ms)
✔ administrator recommendation aliases remain same-origin permanent redirects (4.7352ms)
✔ administrator drafts support recoverable archive and persisted match registration (3.5724ms)
✔ season, date and round changes replace application form state in both editable branches (604.2191ms)
✔ position-free rounds do not display a fabricated main/sub position in own or public status (116.2998ms)
✔ a missing site application retains a direct path to recover Kakao member linking (32.7176ms)
✔ event position labels remain readable while form values retain the API position codes (18.5986ms)
✔ own status and public roster use the same Korean position labels as the application form (221.9011ms)
✔ ranking view and applied criteria replace stale unsaved filter inputs (60.8155ms)
✔ destruction format choices distinguish match lengths and retain the selected canonical filter (123.7783ms)
✔ capture fixture example resolves every repository page without placeholders (1386.4838ms)
✔ browser QA server emits setup credentials, actor identity and fail-fast dynamic source IDs (2.0064ms)
✔ browser quality boundary accepts WCAG and performance values at their budgets (4.5062ms)
✔ browser quality boundary reports semantic, keyboard, motion, axe and performance failures (0.4321ms)
✔ compact standalone auth pages do not require a skip link or a single h1 (0.221ms)
✔ full-page capture uses stable light reduced-motion rendering and wakes lazy media (3.6032ms)
✔ full-page capture fails visible repository error states even when HTTP is 200 (0.3769ms)
✔ full-page capture accepts synthetic credentials through bounded stdin (0.2096ms)
✔ champion administrator pages reuse the highlight content shell and keep safe mutations (13.9301ms)
✔ champion read APIs keep public and administrator namespaces separated (3.3868ms)
✔ Data Dragon version monitor discovers the upstream latest version without changing the pinned catalog (6.053ms)
✔ only documentation changed since the actual successful deployment can skip (1.7128ms)
✔ first deployments, manual redeploys, missing history and mismatched checkout build (0.4229ms)
✔ 핵심 일반 텍스트 토큰은 밝은 배경에서 WCAG AA 4.5:1 이상이다 (5.1075ms)
✔ 기능 상태 패널의 홈 링크는 AA 대비 primary 토큰 쌍을 사용한다 (1.2522ms)
✔ 작은 순위 숫자와 내 순위 배지는 4.5:1 이상의 실제 색 대비를 가진다 (2.6739ms)
✔ 순위 분류와 기능 검색 결과의 키보드 외곽선은 밝은 배경에서 3:1 이상이다 (5.1491ms)
✔ admin destruction filters display distinct Korean choices while submitting canonical values to the existing parser (671.0837ms)
✔ admin destruction result cards preserve identity, counts and revision while describing the format and lifecycle in Korean (242.1392ms)
✔ the connected admin detail already uses the same Korean stages and format without changing canonical stage links (542.0524ms)
✔ uncertain destruction retry followed by 401 retains identity and inputs (82.2818ms)
✔ uncertain destruction retry followed by 403 retains identity and inputs (62.7458ms)
✔ uncertain destruction retry followed by 408 retains identity and inputs (50.6427ms)
✔ uncertain destruction retry followed by 429 retains identity and inputs (32.0901ms)
✔ confirmed destruction navigation stays locked (19.4795ms)
✔ destruction concurrent submits send one request before React renders (16.8306ms)
✔ destruction server errors and truncated JSON preserve the creation request (18.3157ms)
✔ a definite destruction input rejection allows correction with a new request (19.6039ms)
✔ all eight supported preliminary formats keep distinct actual domain labels (11.4021ms)
✔ CLASSIC creation retains valid recruitment and preliminary-format payloads (102.9419ms)
✔ ARAM creation retains valid recruitment and preliminary-format payloads (91.5412ms)
✔ ARAM_MAYHEM creation retains valid recruitment and preliminary-format payloads (104.7807ms)
✔ gallery deep link starts a native modal at its close action (254.2345ms)
✔ gallery modal contains Tab and Shift+Tab within its one close control (121.6895ms)
✔ Escape follows the same gallery close link without replacing browser history (69.6325ms)
✔ close or browser-back cleanup restores scrolling and the original image link (47.7571ms)
✔ gallery keeps the existing image, ordinal, accessible name and URL paths (45.9442ms)
✔ a recorded bracket that differs from calculated qualifiers preserves all records without claiming a final rank (449.8843ms)
✔ matching and unpublished qualifiers retain calculated ranks and normal advancement criteria (330.3606ms)
✔ the public detail summary distinguishes actual confirmed teams from a future qualification threshold (453.4599ms)
✔ public destruction detail keeps owner application, vote and explicit unavailable/error states (19.5677ms)
✔ administrator destruction workspaces expose the full staged lifecycle (20.8634ms)
✔ API source keeps account owner and ADMIN boundaries separate (21.1838ms)
✔ public discipline API exposes aggregate statistics only (10.4077ms)
✔ owner and admin evidence boundaries require session, revision, idempotency, and concealed reads (2.1217ms)
✔ regular administrators may read discipline details but only super administrators may mutate them (2.7136ms)
✔ asset jobs accept signed requests only and are durably replay-guarded (1.1758ms)
✔ discipline pages declare real empty, error, and unavailable states (2.2742ms)
✔ discipline administrator headings and status labels are readable Korean (1.4564ms)
✔ file-read errors release the task and expose a recoverable error (309.1086ms)
✔ a lost attachment confirmation recovers through the existing READY asset without another raw upload (109.5666ms)
✔ READY submission keeps the same request identity after network loss and authentication rejection (92.136ms)
✔ a READY submission with unreadable success reports uncertainty and releases its busy state (49.1778ms)
✔ simultaneous READY clicks issue one submission (52.4656ms)
✔ a partial batch advances revision and stops after an unconfirmed response (59.1403ms)
✔ event creation retries the exact uncertain request and keeps editing locked until confirmation (177.9915ms)
✔ two submissions before render issue only one event request (38.3025ms)
✔ server errors and unreadable successful responses retain the original event identity (16.3482ms)
✔ a definite rejection unlocks correction and gives the corrected request a new identity (18.0081ms)
✔ an uncertain creation keeps its identity after retry receives 401 (14.85ms)
✔ an uncertain creation keeps its identity after retry receives 403 (16.2191ms)
✔ an uncertain creation keeps its identity after retry receives 429 (12.0803ms)
✔ actual admin rendering exposes settings only while planned with no participants, including cancelled participants (374.7029ms)
✔ unchanged dates round-trip exactly through KST inputs across midnight independently of machine timezone (76.3428ms)
✔ edited settings use the existing command shape and reject invalid recruitment dates before sending (77.253ms)
✔ lost response, server failure and unreadable success retry the same body, revision and idempotency key (98.736ms)
✔ same-tick submits and another lifecycle operation are blocked through the successful refresh (55.2303ms)
✔ conflict preserves input until explicit reload; expired sessions return to this event after admin login (157.7139ms)
✔ correcting a rejected setting uses a distinct request identity (56.5262ms)
✔ unconfirmed success bodies retain the same request identity and never claim completion (504.4786ms)
✔ actual detail page resets local settings from the latest event revision after refresh (91.9444ms)
✔ actual admin page identifies each event mode and current lifecycle stage in Korean without losing links or authority (58.986ms)
✔ actual participant rows distinguish position, registration source and cancelled participation without leaking unknown codes (46.4229ms)
✔ public competition pages expose list/detail/application states without administrator controls (32.2293ms)
✔ administrator event pages connect every lifecycle operation to protected canonical APIs (5.6594ms)
✔ legacy event routes reuse the common no-store same-origin redirect boundary (3.1418ms)
✔ the application menu marks exactly the selected application type, including query navigation (275.5831ms)
✔ clearing or resetting a slow player search cancels the request and returns to idle (145.6608ms)
✔ a superseded request cannot clear the loading state of the newer search (45.2061ms)
✔ full-page QA runner parses only tagged synthetic harness values (2.8921ms)
✔ full-page QA summary fails count drift and any route issue (0.2723ms)
✔ capture credentials use bounded stdin instead of command-line secrets (42.7836ms)
✔ capture CLI rejects unknown stdin credential fields before opening files or Chromium (311.918ms)
✔ 홈과 데스크톱 메뉴는 이미 구현된 경기·팀 밸런스를 준비 중으로 표시하지 않는다 (22.0026ms)
✔ 홈 공개 집계는 활성 플레이어·시즌과 게시 경기만 센다 (14.8605ms)
✔ 홈 공개 피드는 실제 구인·대회와 완료된 멸망전 우승 갤러리를 조회한다 (47.0823ms)
✔ 홈 피드 공개 projection은 소유자·회원·Discord 필드를 선택하지 않는다 (12.7469ms)
✔ 홈은 DB 전체 활성 챔피언을 읽되 여성 허용 목록에서 KST 일일 안내 챔피언을 선택한다 (60.9498ms)
✔ 홈과 플레이어 찾기는 회원명 검색을 안내하되 회원명을 결과로 출력하지 않는다 (65.5716ms)
✔ 홈은 소개·랭킹·바로가기·소식·내 활동·기록 순서로 안내한다 (45.6834ms)
✔ ranking choices name all three rankings before the single slide and expose selection (128.4804ms)
✔ direct ranking choice stops rotation and updates its single slide and full-ranking destination (31.7077ms)
✔ named choices retain directional keyboard, previous/next and explicit play controls (25.1045ms)
✔ empty or single ranking does not expose impossible slide controls (50.5061ms)
✔ a rejected native install prompt reports recovery and accepts a new browser offer (115.4776ms)
✔ installation prevents duplicate native prompts and waits for actual appinstalled (17.1495ms)
✔ a ready browser offer is not overwritten by initial environment detection (14.9883ms)
✔ a late native choice cannot overwrite confirmed app installation (12.711ms)
✔ Kakao admin API splits ADMIN reads from SUPER TOTP mutations (13.7653ms)
✔ legacy Kakao admin pages permanently redirect to canonical real-state tabs (103.6788ms)
✔ every canonical Kakao handler checks the stored feature policy (76.5709ms)
✔ owner image session creation honors site and Kakao feature switches (6.471ms)
✔ Kakao assistant routes share raw-body HMAC and durable read receipts (15.1244ms)
✔ managed forms remain isolated while season snapshots and owner-bound images are durable (2.8621ms)
✔ legacy Kakao paths execute the signed canonical POST handlers without redirects (12.647ms)
✔ Kakao route capability policy is explicit for every phone endpoint (11.6583ms)
✔ season member submissions and reads use the FEATURES room but force cancel has a trusted command gate (2.0344ms)
✔ normal room authorization uses only canonical registry state and keeps environment bootstrap explicit (13.0144ms)
✔ private installer generator preserves shared settings and creates one identity per Kakao room (520.3538ms)
✔ Kakao routes are explicitly isolated between recruit and features installations (16.3253ms)
✔ wrong-room failures remain short and actionable on the phone (11.262ms)
✔ recruit mutations expose PII-free stage timing for p50 and p95 aggregation (8.0443ms)
✔ companion is ES5 and below both editor character limits (34.8702ms)
✔ exact status/version commands are local and preserve OFF, settings and the registered target (2.2937ms)
✔ diagnostics ignore ordinary messages, slash variants and untrusted app callbacks (0.7676ms)
✔ registration results use fixed Korean replies and never poll or expose secrets (2.6284ms)
✔ OFF and repeated registration replies cannot enable polling or replace a session (0.8377ms)
✔ installed response callback reports status and registration without queue delivery (2.0309ms)
✔ no registration, disabled, wrong app/code, or another session cannot send (0.7018ms)
✔ ACK loss retries ACK without sending again, including after restart (2.2045ms)
✔ crash marker or ambiguous SDK result never resends automatically (3.2384ms)
✔ ledger write failure, wrong target and stale lease fail closed before send (4.1556ms)
✔ explicit SDK rejection is retryable after manual session renewal (0.7028ms)
✔ whole installed runtime answers local diagnostics without credentials, network or registration (3.6463ms)
✔ initialization failures leave version and fixed failure-stage diagnostics available (3.4896ms)
✔ rejected callback contexts stay silent and record only fixed local diagnostic codes (4.4206ms)
✔ reply failure and SDK rejection produce fixed local evidence without leaking exceptions (1.3519ms)
✔ reported open-chat false group flag still answers version, diagnostics and status locally (5.3244ms)
✔ false group flag requires exact one-use code and retains only explicitly registered session (3.4004ms)
✔ false group flag never permits debug, missing-package or other-app registration (5.32ms)
✔ the ADR freezes every non-negotiable V1-exact adapter constraint (7.0163ms)
✔ the reusable V4 text transport is one signed five-second request without bearer fallback (8.4636ms)
✔ the V1 strict phone installer uses the current private artifact and omits public-only provenance (10.3026ms)
✔ installation profiles, not callback room or sender role, form the V4 text authorization boundary (1.6104ms)
✔ V2 services can reserve a hidden DRAFT and legacy bearer routes remain closed (1.7938ms)
✔ the existing image service is separately signed, bounded, and session-backed (2.0407ms)
✔ canonical V40 R2 routes managed commands to site-first links, not the legacy image session creator (40.9605ms)
✔ a clean V1-strict install keeps imageDB silent instead of inventing an unreachable UUID flow (11.1365ms)
✔ the dormant legacy image receiver remains secure for non-strict clients without reopening bearer access (4.3418ms)
✔ builder pins the canonical V1 hash and produces an ES5/Rhino-safe artifact (377.7684ms)
✔ Rhino audit detects functions that mix value and bare returns (0.6442ms)
✔ V1 strict routes organizer-only metadata activation forms with or without one slash (20.4497ms)
✔ V1 strict routes scoped in-house finish commands as unchanged raw text (19.1118ms)
✔ R23 retired scrim commands and forms reply locally without an HTTP request (39.1581ms)
✔ R25 local help matches optional member linking, Rift lanes, protected editing and detail rereads (6.9577ms)
✔ R24 compact copy forms keep complete success and pending envelopes in one signed request (115.1258ms)
✔ R24 compact form routing leaves malformed references to the server and ignores prose (14.7593ms)
✔ R24 actual server-rendered party and inhouse templates accept one name through the phone (327.5626ms)
✔ R23 copy-paste party and inhouse forms forward names and saved references unchanged (10.129ms)
✔ V1 strict routes the full organizer-only template returned by the production server (4.2282ms)
✔ artifact excludes legacy HTTP, bearer, and embedded secret material (1.0059ms)
✔ all response-reachable non-transport V1 executable lines are preserved without comments or blank spacers (46.8289ms)
✔ strict adapter reuses the canonical V1 local dedupe storage keys (0.8484ms)
✔ local replies, echo rules, events, and no-reply behavior equal the canonical V1 (11.3994ms)
✔ R19 chooses one complete tone when the OpenChat entry guide appears (12.9063ms)
✔ R19 consumes the raw join event and accepts only the OpenChat entry heading (2.9884ms)
✔ approved party member mutations parse safely and use one RECRUIT gateway request (27.5509ms)
✔ inhouse member shortcuts reach the matching profile gateway (41.1645ms)
✔ reported inhouse loading echo is ignored while user commands and explicit member edits keep one reply (19.0869ms)
✔ same MessengerBot logId replay suppresses only the duplicate visible reply (23.0224ms)
✔ ambiguous party member text never reaches the mutation gateway (82.4296ms)
✔ local recruit help documents member commands and keeps full-form guidance (8.612ms)
✔ command and form predicates are byte-derived and behaviorally equal to V1 (19.8695ms)
✔ one public command performs one five-second signed gateway request without room binding (7.9467ms)
✔ recoverable season rows reach the gateway once even with whitespace numbering and partial fields (3.0426ms)
✔ completed augment-ARAM in-house forms reach the FEATURES gateway and always reply (2.9638ms)
✔ completed augment-ARAM metadata with ten empty name rows activates through FEATURES (4.1677ms)
✔ a complete empty season snapshot reaches the gateway once for authoritative cancellation (21.2282ms)
✔ empty-snapshot gate rejects incomplete forms and ordinary conversation (17.7054ms)
✔ clean-session imageDB input preserves the active V40 R2 no-reply and no-HTTP behavior (29.8934ms)
✔ all seven active text seams preserve V1 success and empty replies while failures use safe common notices (215.5683ms)
✔ literal transport failures distinguish settings, input, and connection errors without exposing values (97.6098ms)
✔ both V40 R2 image seams stay inactive for every transport outcome (20.9639ms)
✔ R26 text commands never probe notification images before their response (21.9176ms)
✔ R26 speed diagnostic keeps the previous request timing across ordinary chat and bot echo (9.309ms)
✔ R27 local diagnostics bypass request state, deduplication and notification image reads (2.8372ms)
✔ R27 diagnostic distinguishes reply failure and tolerates unavailable logging (3.3363ms)
✔ V1-strict keeps completion diagnostics but routes incomplete operation-form candidates (12.0574ms)
✔ V1-strict candidate routing ignores ordinary label discussion (6.7108ms)
✔ V1-strict ordinary label discussion performs no request or local dedupe write (6.8174ms)
✔ V1-strict accepts standalone wrapper titles but ignores wrappers embedded in prose (6.5211ms)
✔ V1-strict response forwards one incomplete form request to the FEATURES gateway (5.1596ms)
✔ V1-strict canonicalizes tolerant label spelling before gateway classification (3.1148ms)
✔ V1_STRICT fixture preserves the canonical V1 bytes across checkout line endings (1.6932ms)
✔ V1_STRICT fixture contains no hard-coded credential value (0.7528ms)
✔ V1_STRICT fixture remains ES5 and Rhino-static warning free (64.7278ms)
✔ V1_STRICT executes the original bot-version reply with or without slash (12.007ms)
✔ V1_STRICT executes the original user help exactly (4.245ms)
✔ APPROVED_EXTENSIONS cannot be mislabeled as commands from the V1_STRICT oracle (12.1452ms)
✔ [A01] the unified phone artifact is a readable ES5 single file below 40,000 characters (28.8433ms)
✔ [A02] the final unified artifact has zero Rhino static warning candidates (18.8406ms)
✔ [A03] the generated artifact classifies each command into exactly one server profile (3.0764ms)
✔ [A04] callback room, channel and group values are neither read nor transmitted (5.6072ms)
✔ [A05] text transport timeout is no more than five seconds (0.8133ms)
✔ V4 source template is one thin command-family routing client (19.4383ms)
✔ the generated unified phone file is standalone ES5 with one callback (18.8874ms)
✔ builder owns the unified output and refreshes deprecated split fixtures (6.9112ms)
✔ release docs lock one phone, one MessengerBot profile, and two Kakao rooms (2.4924ms)
✔ [C01] each entry sends its own static profile regardless of poisoned callback room values (15.2131ms)
✔ [C02] RECRUIT ignores FEATURES commands locally without a server call (1.4153ms)
✔ [C03] FEATURES ignores RECRUIT commands locally without a server call (3.8344ms)
✔ [C03A] one unified phone bot routes both room command families exactly once (10.8575ms)
✔ [C03C] party template commands including spaced aliases use exactly one server request for a V1 number (6.9761ms)
✔ [C03D] a copied V1 party form without its number returns the exact local guidance (2.7362ms)
✔ [C03B] unified bot version is one local reply and never reaches transport (2.3856ms)
✔ [C04] malformed slash, URLs and middle slash are rejected before transport (7.176ms)
✔ [C05] no-logId boot counter gives every independent command a new event ID (19.0296ms)
✔ [C06] one command performs one HTTP execute with a five-second maximum (7.2231ms)
✔ [C05A] logId replay is stable in one boot and isolated across profiles and restarts (8.2059ms)
✔ [C05C] phone settings are read from MessengerBot storage once within one request cache (1.8111ms)
✔ [C05B] unified echo suppression checks both room-specific bot display names (2.6362ms)
✔ [C07] one scrim command performs exactly one client-to-server send (3.5635ms)
✔ [C08:WRONG_PROFILE] client exposes the WRONG_PROFILE error category (2.2616ms)
✔ [C08:INVALID_SIGNATURE] client exposes the INVALID_SIGNATURE error category (5.2734ms)
✔ [C08:REPLAY_CONFLICT] client exposes the REPLAY_CONFLICT error category (3.9776ms)
✔ [C08:SERVER_UNAVAILABLE] client exposes the SERVER_UNAVAILABLE error category (2.025ms)
✔ [C08:INVALID_FORM] client exposes the INVALID_FORM error category (1.8919ms)
✔ [C08A] INVALID_FORM keeps the server parser detail and has a safe fallback (1.8703ms)
✔ [P3-C01] FEATURES entry sends one request for 내전구인 (8.8619ms)
✔ [P3-C02] FEATURES entry sends one request for 내전구인 협곡 2026-09-09 21:30 #2 10명 (2.2317ms)
✔ [P3-C03] FEATURES entry sends one request for 내전구인 칼바람 2026-09-09 21:30 #3 10명 (2.0959ms)
✔ [P3-C04] FEATURES entry sends one request for 내전구인 증바람 2026-09-09 21:30 #4 10명 (1.5326ms)
✔ [P3-C05] FEATURES entry sends one request for 내전현황 (3.1113ms)
✔ [P3-C06] FEATURES entry sends one request for 내전상세 2 (2.2294ms)
✔ [P3-C07] FEATURES entry sends one request for 📢 내전하실분 #2 (4.2058ms)
✔ [P3-C08] RECRUIT entry sends one request for 스크림구인 (2.5751ms)
✔ [P3-C09] RECRUIT entry sends one request for [K-LOL.GG 스크림 구인 양식] (2.97ms)
✔ [P3-C10] FEATURES entry sends one request for 지인 이름: 친구 (2.814ms)
✔ [P3-C11] FEATURES entry sends one request for 본인 이름 및 닉네임: 홍길동/테스터 (2.962ms)
✔ [P3-C12] FEATURES entry sends one request for 주최자 이름 및 닉네임: 홍길동/테스터 (2.2949ms)
✔ [P3-C13] FEATURES entry sends one request for 이름 및 닉네임: 신청자/닉 (1.093ms)
✔ [P3-C14] FEATURES entry sends one request for 등록 (1.157ms)
✔ [P3-C15] FEATURES entry sends one request for 내전등록 (3.8416ms)
✔ [P3-C16] FEATURES entry sends one request for 경고등록 (2.9815ms)
✔ [P3-C17] FEATURES entry sends one request for 인증 (1.5431ms)
✔ [P3-C18] FEATURES entry sends one request for 경고현황 (2.0243ms)
✔ [P3-C19] FEATURES entry sends one request for 결과현황 (2.336ms)
✔ [P3-C20] FEATURES entry sends one request for 사진취소 (1.9666ms)
✔ [P3-C21] FEATURES entry sends one request for 자동공지 20 (5.3393ms)
✔ [P4-C01] unified 봇버전 is client-only with exact local content (9.0843ms)
✔ [P4-C02] unified 도움말 is client-only with exact local content (3.0213ms)
✔ [P4-C03] unified 구인도움말 is client-only with exact local content (3.0414ms)
✔ [P4-C04] unified 구인웹도우미 is client-only with exact local content (3.1283ms)
✔ [P4-C05] every V1 PUBLIC alias is classified by the unified phone with at most one send (58.3222ms)
✔ [P4-C06] malformed slash, URL and middle-slash inputs never enter public transport (15.249ms)
✔ [P4-I01] V2도움말 never enters public V4 transport (2.156ms)
✔ [P4-I02] V2진단 never enters public V4 transport (2.8194ms)
✔ [P4-I03] V2연동확인 never enters public V4 transport (2.0492ms)
✔ [P4-I04] 연동확인 never enters public V4 transport (2.4188ms)
✔ [P4-I05] V2모집 never enters public V4 transport (3.5988ms)
✔ [P4-I06] V2시즌 never enters public V4 transport (4.1301ms)
✔ [P4-I07] V2양식 never enters public V4 transport (5.4893ms)
✔ [P4-I08] V2사진세션 never enters public V4 transport (1.7844ms)
✔ [P4-I09] V2사진취소 never enters public V4 transport (3.7793ms)
✔ [P4-A01] final unified phone artifact is synchronized ES5, under 40k and Rhino-static clean (33.2557ms)
✔ [P4-C01] every public V1 alias passes the correct phone profile with zero-or-one slash (37.2305ms)
✔ [P4-C02] local public replies are exact and never include V2 operator commands (2.0132ms)
✔ [P4-C02A] all actual V41 public command samples pass the matching V4 phone profile (6.2058ms)
✔ [P4-C03] photo and retired preview commands reply locally with no server transmission (2.1904ms)
✔ [P4-C04] internal, unknown, and malformed inputs are rejected before transport (2.5718ms)
✔ [P4-C05] unified entry preserves one send site, five-second timeout, and dynamic family split (0.9166ms)
✔ [P4-C02B] member shortcuts tolerate mobile normalization and reject ambiguous mutations (2.6064ms)
✔ V4 private generator creates one ignored paste-ready file without printing secrets (862.5341ms)
✔ [R01] V4 durable receipt and nonce schema is present in the ordered migration ledger (11.3087ms)
✔ [R02] installation, canonical room, key and capability migrations match the runtime schema (7.2432ms)
✔ [R03] V3 and V4 server intake coexist while one V4 entry binds profile-specific installation identity (2.7216ms)
✔ [RESOLVED R04] V4 uses deterministic installation scope without a pairing command (2.0977ms)
✔ [R05] documented Vercel variable names cover the V4 runtime without reading values (0.8405ms)
✔ contract fixture has traceable V1 evidence and all required domains (2.9222ms)
✔ zero or exactly one leading slash routes to the same command (0.5193ms)
✔ double slash, URL slash, separated slash, and middle slash are not commands (0.1784ms)
✔ same installation scope members can edit and finish across sender identities (0.2969ms)
✔ initial party form exposes the three activation fields without participant rows (0.2659ms)
✔ full party forms are authoritative snapshots and allow A→B→A (0.2804ms)
✔ party member shortcuts retain the full-form workflow and current-scope mutation boundary (0.1981ms)
✔ Rift, ARAM, and Augment ARAM preserve their V1 field policies (0.2305ms)
✔ scrim keeps full-form editing and V1 disabled manual lifecycle replies (0.2375ms)
✔ operation forms retain V1 labels, wrappers, missing-field reply, and echo guard (1.4961ms)
✔ registration and warning guidance preserve exact V1 headings and destinations (0.4944ms)
✔ user-facing help excludes V2 diagnostics and raw JSON commands (0.1662ms)
✔ representative record, recent, and ranking replies remain exact V1 fixtures (0.098ms)
✔ V40 구인도움말 문구와 줄바꿈을 그대로 유지한다 (9.5135ms)
✔ V40 5인파티 생성 응답에 모집번호가 있는 편집 가능한 전체 양식을 유지한다 (7.4671ms)
✔ V40 구인현황 제목과 상세 명령 CTA를 포함한 정확한 응답을 유지한다 (4.6896ms)
✔ V40 bare 멸망전스크림 입력을 스크림 명령으로 분류한다 (1.886ms)
✔ V40 일반 도움말의 제목·항목·줄바꿈을 모든 별칭에서 그대로 유지한다 (16.8654ms)
✔ V40 구인 웹 도우미와 구인 도움말을 서로 다른 응답으로 유지한다 (15.1132ms)
✔ V40 등록 센터의 설명과 기존 링크를 모든 별칭에서 그대로 유지한다 (8.2371ms)
▶ V40 내전·경고·인증·현황 링크 응답을 그대로 유지한다
  ✔ 내전등록 (18.5651ms)
  ✔ 경고등록 (7.7275ms)
  ✔ 인증 (9.034ms)
  ✔ 경고현황 (5.9816ms)
  ✔ 결과현황 (9.2933ms)
✔ V40 내전·경고·인증·현황 링크 응답을 그대로 유지한다 (51.716ms)
▶ V40 전적·최근·랭킹의 사용자 표시 정보를 잃지 않는다
  ✔ 전적 (12.4164ms)
  ✔ 최근 (26.2862ms)
  ✔ 랭킹 (14.5101ms)
✔ V40 전적·최근·랭킹의 사용자 표시 정보를 잃지 않는다 (54.0837ms)
✔ V40처럼 오픈채팅봇이 출력한 운영 양식은 재접수하지 않는다 (6.9413ms)
✔ V40 운영 양식은 서버가 만든 접수 문구를 그대로 전달한다 (11.9013ms)
✔ V40 사진취소 별칭의 사이트 우선 안내 동작을 그대로 유지한다 (6.2932ms)
✔ V40 입장·퇴장·초대·서버 echo 동작을 유지한다 (3.8462ms)
✔ V40 스크림구인은 자동배정 번호와 원래 줄바꿈을 가진 전체 양식을 반환한다 (12.9659ms)
✔ V40 스크림현황은 파티 현황과 섞지 않고 한글 상태와 상세 명령을 표시한다 (4.0814ms)
✔ V40 스크림현황 빈 상태 문구를 정확히 유지한다 (3.4137ms)
✔ V40 스크림상세는 복사 가능한 전체 양식과 수정 안내를 그대로 반환한다 (2.3337ms)
✔ V40 스크림 전체 양식 신규 제출은 즉시 한 번 저장하고 등록 완료만 응답한다 (9.0862ms)
✔ V40 원본 양식은 멸망전번호 없이 서버의 단일 활성 대회 자동 판별을 사용한다 (5.1549ms)
✔ V40 스크림 전체 양식 수정 제출은 별도 확인 없이 같은 번호를 교체 반영한다 (5.7536ms)
✔ V40에서 사용 중단된 참가·확정·취소·수동 종료는 원래 안내만 하고 변경하지 않는다 (8.346ms)
✔ paste-ready V41 bot routes major commands only through the signed V2 transport (9.7581ms)
✔ mobile installer has no Rhino CODE_HAS_NO_SIDE_EFFECTS statement candidates (75.904ms)
✔ phone transport renders actionable HTTP failure categories (2.2543ms)
✔ Kakao pending slot lookup is lifecycle-neutral and only cancels ACTIVE rows (2.9223ms)
✔ 자동 수집한 전체 명령 계약은 slash/무슬래시를 하나의 canonical command로 만든다 (10.0161ms)
✔ V1 호환 파서는 모든 공개 V1 명령에서 slash/무슬래시 분류를 동일하게 유지한다 (13.6093ms)
✔ canonical command 경계는 본문과 Riot ID를 보존하고 slash 오인식을 막는다 (3.5974ms)
✔ 휴대폰 압축본의 V1 무통신 명령은 읽기 쉬운 전체본과 동일하게 응답한다 (26.3424ms)
✔ room and channel callback fields are not used for installation scope (10.4482ms)
✔ installation scope is stable across signing-key rotation and differs across installations (5.6204ms)
✔ delivery identity ignores raw room and channel while binding installation, sender, log, and message (3.2716ms)
✔ opaque sender uses userHash when available and display-name fallback is labeled (1.4554ms)
✔ field diagnostics explicitly use installation scope and retain opaque sender (0.849ms)
✔ response stores a season preview and only the matching one-time code performs SYNC (17.3118ms)
✔ response requires a complete authoritative snapshot scope and supports preview cancellation (4.478ms)
✔ response ignores server echoes and restores legacy guide aliases after full-width normalization (2.355ms)
✔ response preserves V40 room events, missing-number guidance, and parameterized managed shortcuts (4.9305ms)
✔ response keeps an active image session when MessengerBot only exposes a placeholder (4.8662ms)
✔ response routes legacy record, recent, and ranking commands through V2 data while preserving V1 replies (2.6894ms)
✔ response formats scheduled notice aliases as read-only previews (3.4739ms)
✔ response accepts bitmap fallback, reports image progress, and clears terminal or cancelled sessions (3.4832ms)
✔ response exposes a secret-free V2 transport diagnostic (1.8296ms)
✔ response scopes different senders to one installation and ignores broken room parser fields (2.9801ms)
✔ response suppresses a duplicate callback with the same Kakao log identity (1.7573ms)
✔ response entry point keeps representative V1 and V2 replies identical with or without slash (27.7468ms)
✔ raw V2 recruiting JSON is explicitly marked for the server-side operator gate (6.1873ms)
✔ response entry point does not treat slash-only, URL, middle slash, double slash, or slash-space as commands (4.1707ms)
✔ V41 season output uses the site application fields and round-trips as bot input (9.2016ms)
✔ V41 season input accepts the labeled site form and rejects invalid sub positions (5.0776ms)
✔ V41 authoritative sync response reports create, update, cancel and review counts (3.0918ms)
✔ V1 compatibility parser stays ES5, transport-free, and rejects unsafe input (8.7496ms)
✔ all V40 party creation, finish, help, status, and detail aliases are classified (4.8441ms)
✔ party form parser preserves metadata, positions, numbered members, and substitutes (6.1128ms)
✔ party form metadata accepts line endings and colon variants without rewriting values (1.7736ms)
✔ party form tolerates clipped headers, Markdown escapes, attached values, and controlled line wraps (2.1212ms)
✔ inhouse aliases parse mode, date, time, recruit number, and capacity (4.1809ms)
✔ scrim aliases and legacy full form are converted without a transport call (5.1365ms)
✔ four operation forms become exact V2 payload shapes with sender fallbacks (4.4978ms)
✔ four legacy 외출 wrappers parse identically and missing fields are explicit (3.5108ms)
✔ registration, warning, result, evidence, status, and photo-cancel aliases are classified (3.0766ms)
✔ V1: 내전구인만 입력하면 종목 선택 안내를 정확히 보낸다 (16.0967ms)
✔ V1: 알 수 없는 내전 종목에만 입력값을 포함한 오류와 선택 안내를 보낸다 (3.2736ms)
✔ V1: 협곡 내전구인은 티어·라인과 빈 칸을 포함한 전체 양식을 정확히 보낸다 (3.7442ms)
✔ V1: 칼바람 내전구인은 이름 전용 전체 양식을 정확히 보낸다 (2.1048ms)
✔ V1: 번호 없는 내전현황은 모든 회차 요약과 내전상세 명령을 정확히 보낸다 (3.0899ms)
✔ V1: 내전상세 번호는 참여자와 빈 칸을 포함한 편집 가능한 전체 양식을 정확히 보낸다 (2.2376ms)
✔ V1: 작성한 전체 신청 양식은 확인 단계 없이 한 번 동기화하고 서버 답변을 그대로 보낸다 (6.7993ms)
✔ V1: 같은 전체 신청 양식이 연속 수신되면 첫 반영 뒤 중복 요청과 중복 답변을 내지 않는다 (4.0839ms)
✔ V1: 빈 전체 양식은 일반·ASCII slash·전각 slash 모두 0명 authoritative sync로 처리한다 (16.2627ms)
✔ V1: 불완전한 빈 양식과 double·URL·중간 slash는 authoritative sync를 실행하지 않는다 (9.723ms)
✔ 외출 필수값 누락은 항목별 안내만 보내고 서버 제출을 실행하지 않는다 (3.7546ms)
✔ 오류 제목이 이미 포함된 서버 상세는 K-LOL.GG 요청 실패 제목을 중복하지 않는다 (3.8178ms)
✔ legacy party create suppresses a duplicate callback before a second V2 mutation (21.9126ms)
✔ legacy full party form maps positions to slots and synchronizes the existing V2 party (7.9351ms)
✔ slash and plain temporary/form flows share server-first metadata fallback and preserve free text (9.4511ms)
✔ 99 재현, 지오, 97 기용 fixtures complete public create, form, and finish flows with or without slash (21.9606ms)
✔ legacy party candidates stay separate from primary capacity (3.2623ms)
✔ legacy finish suppresses a duplicate callback after the party leaves active status (3.2454ms)
✔ same-room users can clear and finish another user's two-digit party while repeated forms stay idempotent (12.6455ms)
✔ failed party mutations return the cause without fetching or appending status (3.2196ms)
✔ successful sync, blank deletion, and finish explain a failed status refresh (5.4275ms)
✔ legacy operation form, inhouse template, and scrim template stay available (4.9016ms)
✔ legacy scrim full form is stored through the typed V2 mutation and replays safely (6.6044ms)
✔ 숫자형 플레이어·미디어 상세는 존재 확인 뒤 canonical UUID로 이동한다 (3.4829ms)
✔ 숫자형 이벤트전·멸망전은 존재 확인 뒤 canonical UUID로 이동한다 (2.3571ms)
✔ 관리자 직접 가져오기는 파일·붙여넣기·비공개 미리보기·재시도 복구를 제공한다 (3.5263ms)
✔ 관리자 로그아웃은 가져오기 복구 namespace만 best-effort로 지운다 (1.0855ms)
✔ 직접 가져오기 API는 예약→bounded body→work gate→private finalize 순서를 지킨다 (1.2413ms)
✔ 검토 UI는 fuzzy 자동 연결 없이 구조화 행별 사람 확인을 요구한다 (2.1178ms)
✔ admin import cancellation is authorized only for ADMIN-source rows (2.3361ms)
✔ match editor exposes only the structured form and traps the void confirmation dialog (4.8943ms)
✔ picker status copy is outside the listbox and visual active row matches aria active descendant (0.9349ms)
✔ submission reject dialog shares the accessible modal behavior (1.5458ms)
✔ submission conflict keeps component identity and adopts only a verified latest revision (7.3484ms)
✔ match editor conflict preserves local input and adopts only a verified latest aggregate (1.0845ms)
✔ match editor save action stays readable in enabled and disabled states (1.484ms)
✔ OCR route reserves before the process gate and all external work (4.93ms)
✔ OCR reservation is durable, single-image and replay-first (1.5769ms)
✔ submission approval durably transfers team-balance provenance into the match aggregate (1.0034ms)
✔ ordinary match amendments cannot clear immutable team-balance provenance (0.4847ms)
✔ web submission linkage revalidates draft ownership, lifecycle and selected layout in its transaction (0.2858ms)
✔ match changed outbox carries team-balance provenance in its typed row and payload (0.2013ms)
✔ public match detail returns a not-found contract instead of a blank success (17.3885ms)
✔ saving a reviewed roster cannot approve a different edit made before its response (137.9605ms)
✔ uncertain review writes retry the exact body/revision with the same key (85.4415ms)
✔ review inputs and repeat mutations stay locked through response and refreshed projection (105.2737ms)
✔ a validation failure permits input correction with a new request identity (95.7841ms)
✔ 412 preserves the local roster and requires explicit comparison before continuing (93.64ms)
✔ an uncertain approval retries its original command and locks the confirmed terminal state (75.072ms)
✔ review state uses readable labels while source comparison and real OCR warnings remain available (432.9466ms)
✔ explicitly loading the current linked team fills each game's empty slots without changing results and requires every row to be checked (59.6837ms)
✔ loading a linked team never overwrites an existing player selection or bypasses a terminal review (205.2114ms)
✔ unconfirmed review success cannot confirm a different submission, advance revision or consume retry identity (174.3097ms)
✔ unconfirmed OCR success preserves image revision and the exact retry key without refreshing (93.7872ms)
✔ confirmed OCR success and unavailable OCR results both advance only the image revision and require a fresh comparison (55.8899ms)
✔ first submission prioritizes required information while optional fields and continuation stay available (14.5898ms)
✔ a cancelled partial upload never displays unfinished images as a completed step (2.8573ms)
✔ anonymous result continuation returns to the same submission after login (1.5464ms)
✔ changing a continuation code or draft resets form identity while same-context refresh preserves edits (23.258ms)
✔ pending, rejected, suspended and password-reset accounts get recovery before filling the submission form (105.7297ms)
✔ completed or rejected submissions show their result and recovery without impossible upload controls (6.4062ms)
✔ submission lookup failure keeps the code for retry and is distinct from a missing submission (46.287ms)
✔ creating a submission locks mutations until the server route has committed and resets new-submission state (86.1004ms)
✔ match submission accepts only an owner-verified selected team-balance draft (0.7757ms)
✔ successful server selection remounts both draft workspaces without resetting local edits (0.1538ms)
✔ 홈과 이미지 상세은 같은 접근 가능한 수동 캐러셀을 사용한다 (2.6576ms)
✔ 캐러셀은 빈 상태를 안전하게 닫고 한 장에는 이동 컨트롤을 숨기며 여러 장에는 직접 이동을 제공한다 (2.7786ms)
✔ 캐러셀은 모바일 비율·44px 조작 영역·모션 감소 설정을 유지한다 (0.9856ms)
✔ 홈 우승 사진은 FK 연결을 우선하고 엄격한 레거시 후보만 보강하며 실제 자산 URL을 사용한다 (1.4735ms)
✔ gallery image load failures keep a clear, accessible fallback in the reserved card area (5.1065ms)
✔ migration journal has contiguous indices, increasing timestamps, and matching SQL tags (2.4089ms)
✔ manual MMR position labels are readable while canonical values reach the adjustment request (557.7962ms)
✔ successful HTTP status without the published generation is not claimed as completed (160.4854ms)
✔ response-loss retry preserves the same adjustment idempotency key and body (77.6633ms)
✔ player selection and pending state guard the actual adjustment form and same-tick submits (108.7209ms)
✔ successful adjustment remains locked until the refreshed generation arrives (50.4025ms)
✔ corrupt success responses for both commands remain uncertain and replay the original request (544.3231ms)
✔ unreadable JSON, transient errors and throttling keep the frozen request retryable (80.1956ms)
✔ expired or insufficient sessions preserve the request through a separate admin login (36.4253ms)
✔ generation conflicts require an explicit refresh and clear the selected adjustment player (17.8944ms)
✔ definitive input rejection preserves editable input and does not announce success (24.1617ms)
✔ admin without SUPER role sees no mutation form and valid recalculation requests retain preconditions (18.4704ms)
✔ recalculation modal starts at cancel and Escape restores the trigger without submitting (17.1999ms)
✔ recalculation modal cycles Tab in both directions and handles direct confirmation links (16.9054ms)
✔ opening a recalculation modal immediately locks background adjustments and cancel preserves input (20.7367ms)
✔ confirming the modal once closes it and retains the existing request and refresh lock (29.6218ms)
✔ public MMR page exposes canonical allowlisted filters and bounded projection summaries (1.138ms)
✔ admin MMR workspace connects protected recalculate, adjustment, players and review states (7.9434ms)
✔ team balance provider selects READY MMR before statistics fallback (1.1757ms)
✔ MMR previous/next links reach later players and preserve validated search, position, and page size (15.5417ms)
✔ first and last MMR pages expose only valid directions (18.7227ms)
✔ selected position displays the score used to rank and that position's sample, including zero (31.1667ms)
✔ empty projection, unmatched search, and out-of-range page have different recovery actions (15.4778ms)
✔ invalid MMR address is rejected before loading and has a clean recovery link (5.4821ms)
✔ MMR load failure retries the same bounded query without pretending the list is empty (1.5901ms)
✔ unknown root addresses keep one complete public shell and recovery links (11.8907ms)
✔ public resource and invalid-query recovery uses the existing layout without nesting another shell (2.0357ms)
✔ application error recovery keeps the public main landmark singular (19.2314ms)
✔ admin not-found content stays behind its layout authorization and inside one admin shell (36.3498ms)
✔ actual review and delete handlers send the strong numeric ETag accepted by the server parser (289.5782ms)
✔ lost responses and unreadable successes preserve request identity and edited inputs for retry (72.5562ms)
✔ changing an unsuccessful review payload uses a separate idempotency identity (51.2433ms)
✔ review is guarded against same-tick clicks and stays locked through server refresh (87.5506ms)
✔ a stale revision preserves local input until explicit reload and expired sessions link back to the same record (93.8419ms)
✔ successful deletion navigates to its filtered list and cannot repeat before navigation (49.8031ms)
✔ record detail keys review state to the record revision after an explicit server refresh (61.1263ms)
✔ signed operation-form submit retains raw-body HMAC and durable replay boundaries (7.1391ms)
✔ admin mutation requires ADMIN session, same-origin, If-Match and idempotency (5.8749ms)
✔ admin pages expose filtered empty/error/unavailable states and compatibility routes (2.3051ms)
✔ operational diagnostics remain admin-only server rendering with no polling or mutation (16.6167ms)
✔ public operations endpoints expose bounded settings and minimum health only (13.0686ms)
✔ admin mutations and downloads retain strong server authorization boundaries (1.6548ms)
✔ internal maintenance requires a signed job and never accepts session authorization (6.4566ms)
✔ Vercel schedules destruction ratings, statistics, MMR, Riot and daily Kakao close through protected GET boundaries (2.2633ms)
✔ route groups are removed while concrete and dynamic segments become canonical URLs (46.5807ms)
✔ route fixtures override parameter fixtures and every missing dynamic fixture fails immediately (1.4168ms)
✔ recommendation query variants reject a malformed transcribed draft fixture (0.746ms)
✔ capture sessions are isolated by authentication boundary (0.1726ms)
[capture-plan] 1 page files -> 4 capture targets at C:\Users\sjh11\AppData\Local\Temp\klol-capture-cli-qfWYer\nested\capture-plan.json
✔ the CLI contract reads a fixtures JSON file and creates its output directory (28.6874ms)
✔ the repository plan covers every page once, resolves IDs and adds reviewed variants (322.1929ms)
✔ 사용자·관리자 상세 화면은 저장소 오류 상태에서도 페이지 제목과 상태 의미를 유지한다 (20.9944ms)
✔ 공용 미디어 편집 화면도 저장소 오류 상태에서 페이지 제목을 유지한다 (1.4316ms)
✔ 챔피언 이미지 projection은 0025 적용 전에도 공개 통계·목록 조회를 유지한다 (6.6471ms)
✔ 플레이어 공개 프로필은 실제 경기 KDA와 신청 포지션 배치·팀 밸런스 점수를 함께 설명한다 (3.5971ms)
✔ 공개 Riot 읽기는 API·RSO 비밀 구성과 분리되고 UI가 미연동·대기·오류를 구분한다 (2.2012ms)
✔ 플레이어 검색어는 문자열·배열·미입력을 하나의 안전한 문자열로 정규화한다 (2.6416ms)
✔ 중복 q 파라미터 배열은 첫 값으로 정규화되어 trim 오류를 만들지 않는다 (0.2612ms)
✔ 검색 유스케이스는 PlayerRepository 포트를 통해 주입된 구현만 호출한다 (1.459ms)
✔ PWA manifest and layout publish the expected install contract (6.7629ms)
✔ service worker caches static public assets only (3.2902ms)
✔ install icons exist and are not empty (1.1188ms)
✔ rankings preserve complete Latin/Korean names, Riot IDs, player links, and separate metrics in every view (158.2362ms)
✔ ranking player links can shrink and wrap unspaced names in narrow and wide layouts (17.672ms)
✔ 공개 구인 카드와 API DTO는 참여자 표시 정보만 노출한다 (13.0901ms)
✔ 내전 등록·상세 UI는 경기 시간을 입력하거나 표시하지 않는다 (3.592ms)
✔ 이벤트 대회와 멸망전은 목록·필터·신청 CTA·관리 흐름을 독립 경로로 유지한다 (2.4976ms)
✔ account pagination reports the filtered total and page range while retaining filters and page size (75.9484ms)
✔ partial jobs expose their finite diagnostic next to the existing status (4.5263ms)
✔ first and last job pages expose only valid navigation and preserve the status filter (7.7866ms)
✔ log navigation retains its source and does not produce an incompatible account status (2.8086ms)
✔ bulk preview remains a bounded first batch without ordinary page navigation or invented totals (1.6331ms)
✔ a now-empty page can return to available results without displaying a nonexistent range (1.9153ms)
✔ navigation respects the query ceiling and unavailable data never pretends there are zero accounts (12.3996ms)
✔ sync: cancel focus, both Tab boundaries, Escape and trigger restoration execute without requests (182.6481ms)
✔ link: cancel focus, both Tab boundaries, Escape and trigger restoration execute without requests (64.0291ms)
✔ sync: open preview locks background submissions and freezes the selected request until explicit confirmation (52.1066ms)
✔ link: pending Escape stays locked, errors remain in the modal and a completed request restores focus (33.1347ms)
✔ owner renders a Korean partial cause with the existing sync action and no raw diagnostic (36.884ms)
✔ owner never renders an unknown diagnostic body or prototype key (137.6913ms)
✔ real Riot link method values have concrete labels without claiming ownership for admin links (61.2649ms)
✔ history chart server output preserves tooltip text for every chart mode (330.3491ms)
✔ match growth server output preserves own and opponent tooltips without fabricated missing values (168.4384ms)
✔ match summaries render identical Korean clock text across server and browser locale data (347.6455ms)
✔ filter and chart date keys use fixed Korean calendar parts across locale data and year boundaries (111.8105ms)
✔ app/(public)/(applications)/applications/error.tsx: 다시 시도 re-fetches the failed server segment (95.0175ms)
✔ app/(admin)/admin/players/error.tsx: 다시 시도 re-fetches the failed server segment (25.3302ms)
✔ app/(admin)/admin/users/error.tsx: 다시 시도 re-fetches the failed server segment (9.0301ms)
✔ app/(admin)/admin/users/[userAccountId]/error.tsx: 다시 시도 re-fetches the failed server segment (8.4825ms)
✔ Kakao pending API splits ADMIN reads from SUPER TOTP mutations (6.6523ms)
✔ pending operator UI uses bounded filters, a player picker and revision-safe commands (1.897ms)
✔ public season applications expose Kakao-started recruit rounds without leaking pending identities (3.5775ms)
✔ feature-gated site assistant is mounted globally and uses protected AI contracts (3.2465ms)
✔ site feature access fails closed for missing or unreadable settings (5.993ms)
✔ registration feature protects both its page and mutation before credential work (10.4031ms)
✔ match submission feature keeps reads available but guards every owner mutation (5.2086ms)
✔ Kakao help feature controls its public guide without exposing configuration (1.1186ms)
✔ recruit guide teaches participation and guarded edits before optional creation (16.5205ms)
✔ recommendation APIs keep owner/admin scope and the team-balance feature boundary (31.3259ms)
✔ team-balance pages expose recommendation views and fail closed with the site switch (2.5281ms)
✔ owner team recommendations retain the selected tab, team and draft after authentication (49.5003ms)
✔ owner draft pagination and authentication preserve the applied page size (36.3598ms)
✔ admin team recommendations retain the selected tab, team and draft after authentication (26.9488ms)
✔ admin draft pagination and authentication preserve the applied page size (15.9591ms)
✔ a lost create response retries the exact draft request with its original idempotency key (63.3532ms)
✔ editing an unresolved draft request uses a new key and returning to the original input retains its retry (39.7861ms)
✔ draft workspace retries an uncertain mutation before refresh and separates later revisions (32.5352ms)
✔ manual edits cannot save, copy or submit the previous selected team before evaluation (127.2895ms)
✔ manual selection sends edited players and keeps them locked through response and refresh (38.6218ms)
✔ archived team drafts cannot be rearranged by keyboard or drag handlers (21.1876ms)
✔ failed manual evaluation preserves edited slots and retries the same revision and request key (22.2518ms)
✔ 랜덤 팀 화면은 도메인 계산과 입력·빈·오류·결과·복사·초기화 상태를 연결한다 (2.2364ms)
✔ 코인 토스 화면은 제작 영상과 상태머신·fallback 공개 경로를 함께 둔다 (9.0286ms)
✔ 공개 도구 페이지에는 상호 이동과 canonical metadata가 있다 (78.3692ms)
✔ 팀 밸런스 화면은 승인 계정, 10명 입력, V1 단일 추천·공유·수동·저장·재평가 수명주기를 연결한다 (53.8668ms)
✔ 팀 밸런스 후보 API는 승인 계정과 안전한 서버 검색·신청 그룹 경계를 사용한다 (6.4031ms)
✔ 시작 페이지는 익명·계정 상태·승인 계정·관리자 진입을 구분한다 (2.6035ms)
✔ Riot 도움말은 직접 연결과 별도 본인 인증, 공개·비공개 범위를 안내한다 (0.7672ms)
✔ 설치 화면은 install prompt와 iOS·Android PWA·개인 캐시 금지를 구분한다 (1.2505ms)
✔ 사용자 shell은 skip target, landmark, modal search, 모바일 5개 진입점을 제공한다 (11.6236ms)
✔ 전체 메뉴는 목적별로 기능을 보여주고 필요한 계정 접근을 안내한다 (1.9856ms)
✔ 일반 로그인은 홈으로 돌아가고 로그인된 헤더·모바일 메뉴는 내 정보를 표시한다 (4.4551ms)
✔ V2 UI는 실제 운영 데이터가 없을 때 합성 샘플을 사용자 화면에 연결하지 않는다 (3.789ms)
✔ 사용자와 관리자 로그아웃 UI는 세션 폐기 성공 뒤에만 로그인 화면으로 이동한다 (2.058ms)
✔ 관리자 계정 상세는 저장소 장애를 존재하지 않음 404로 축소하지 않는다 (4.145ms)
✔ 모바일 관리자 메뉴에서도 현재 역할과 안전한 로그아웃을 제공한다 (1.5621ms)
✔ 관리자 로그인은 비밀번호 후 원래 화면으로 이동하며 인증 코드 필드가 없다 (1.1549ms)
✔ 계정 작업 UI는 stale revision에서 최신 projection을 읽고 안내를 유지한다 (3.839ms)
✔ 일회성 비밀번호는 숨김·BFCache 복귀·명시적 닫기에서 메모리와 안내를 함께 종료한다 (1.834ms)
✔ 내 계정 플레이어 탭은 대기 claim과 거절 claim을 구분한다 (1.4677ms)
✔ 내 계정 상태 안내는 공개 사유가 없을 때도 상태별 기본 문구를 구분한다 (1.2669ms)
✔ 계정 시각은 공통 Asia/Seoul 24시간 포맷터를 사용한다 (5.2473ms)
✔ 가입·본인 비밀번호 변경 UI는 성공과 pagehide에서 비밀번호 fingerprint ref를 즉시 비운다 (2.2001ms)
✔ 정적 마감 대상의 native button은 submit 여부를 명시한다 (334.399ms)
✔ 이벤트 운영 폼은 내부 UUID나 JSON 복사를 요구하지 않는다 (1.9629ms)
✔ 완성된 메뉴와 관리자 검색은 과거 단계 문구를 노출하지 않는다 (1.0434ms)
✔ Riot ID의 게임 이름과 태그는 각각 이름을 가진다 (0.2229ms)
✔ 화면 효과는 스트리밍 중인 React 하위 DOM을 변경하지 않는다 (4.8277ms)
✔ 전역 효과 CSS는 감속 모드·정밀 포인터·강제 색상 경계를 유지한다 (0.5036ms)
ℹ tests 660
ℹ suites 0
ℹ pass 660
ℹ fail 0
ℹ cancelled 0
ℹ skipped 0
ℹ todo 0
ℹ duration_ms 5223.123

> klol-gg-v2@0.1.0 test:unit
> tsx --test tests/*.test.ts

✔ KST date-time formatting is deterministic and never uses AM/PM (1.7199ms)
✔ one-time secret response is discarded after any hidden-page boundary (0.1282ms)
✔ initial pageshow does not invalidate a request, while history restoration does (0.1155ms)
✔ every account conflict reason has an explicit safe actionable HTTP problem (0.6861ms)
✔ recovery response timing applies the same bounded floor with injectable time (0.2481ms)
✔ signup is an exact agreement-bound contract with NFKC lowercase identities (2.2178ms)
✔ login and password change reject extra keys, controls, reuse, and weak passwords (0.3042ms)
✔ own player edit retains compatibility with Riot ID and supported tier fields (0.5687ms)
✔ own player names are normalized, bounded and cannot target another account (0.2846ms)
✔ claim approval requires an exact explicit manual-review acknowledgement shape (0.4624ms)
✔ sensitive administrator mutations require an exact typed target login id (0.2539ms)
✔ admin account list query is canonical, bounded, and rejects duplicates or controls (0.4039ms)
✔ password verification identifies legacy bcrypt and new scrypt with dummy work for unusable hashes (178.6541ms)
✔ safe next accepts only normalized same-origin paths (1.1733ms)
✔ account next rejects ambiguity, browser normalization tricks, and administrator paths (0.2802ms)
✔ login limiter caps attempts by normalized login and resets after its window (1.1146ms)
✔ login work gate releases capacity exactly once (0.1713ms)
✔ rate-limit IP keys trust only Vercel's anti-spoofing header on Vercel (22.1063ms)
✔ mutation guard requires an exact same origin (2.1226ms)
✔ body guard stops reading after the byte limit (3.2055ms)
✔ invalid gallery files do not consume the five valid upload slots (1.3345ms)
✔ gallery file planning applies remaining capacity after validation (0.1725ms)
✔ short-lived gallery upload reports are bounded before display (0.3356ms)
✔ administrator parity ledger accounts for all 81 V1 pages exactly once (1.7312ms)
✔ administrator transition decisions preserve the approved totals (0.1867ms)
✔ runtime parity ledger cannot drift from the reviewed route map (1.836ms)
✔ every destination stays inside the reviewed administrator or operations-doc boundary (0.3691ms)
✔ legacy administrator routes resolve only to reviewed same-origin destinations (0.8499ms)
✔ target interpolation rejects missing parameters and non-local destinations (0.7186ms)
✔ 관리자 대상 선택기 검색은 bounded query와 선택 유지 ID만 허용한다 (1.6288ms)
✔ 관리자 대상 선택기는 짧은·중복·미허용·bidi·잘못된 include를 거부한다 (0.3454ms)
✔ TOTP lifecycle payloads are self-only and accept exactly one six-digit code (1.3138ms)
✔ generated TOTP secrets contain 160 random bits in canonical base32 form (0.4405ms)
✔ TOTP credential fingerprint binds every encrypted envelope field (1.9109ms)
✔ fixture authentication requires a live short-lived verifier proof on loopback (18.4474ms)
✔ production session cookies are Secure even when transport inference is false (0.2575ms)
✔ account and administrator elevation cookies coexist with purpose-bound lifetimes (0.1942ms)
✔ JWT decode rejects oversized attacker input before JOSE parsing (0.3118ms)
✔ administrator IA exposes exactly ten unique protected workspaces (0.9765ms)
✔ every administrator workspace has a canonical App Router page (0.8618ms)
✔ active workspace matching does not make the dashboard match every route (0.1908ms)
✔ dashboard leaves a real work destination available (0.1375ms)
✔ operations exposes all four existing form routes and selects their lists and details consistently (1.2357ms)
✔ versioned keyrings require explicit current 32-byte keys (1.764ms)
✔ database authentication fails closed when any required runtime value is missing (0.4567ms)
✔ AES-256-GCM TOTP envelope binds ciphertext to account and key version (1.0956ms)
✔ session signing keyring writes current kid and still verifies retained prior keys (11.8824ms)
✔ session codec round-trips only the minimal signed claims (12.6312ms)
✔ session codec generates a unique required jti for every issuance (2.9947ms)
✔ session codec rejects tampering, expiry, and a different secret (2.3903ms)
✔ session codec requires iat and enforces the 30 minute lifetime contract (3.7907ms)
✔ session codec pins issuer, audience, algorithm, and rejects future issuance (1.7937ms)
✔ authorization requires an administrator session and role without TOTP (0.2128ms)
✔ account sessions are limited by status and never become administrator elevation (0.2105ms)
✔ codec accepts seven-day ACCOUNT sessions but rejects seven-day ADMIN sessions (1.8372ms)
✔ session is revoked when account state, role, or authVersion changes (0.2329ms)
✔ approved administrators log in using only a password, regardless of legacy TOTP enrollment or keys (437.2362ms)
✔ administrator password login still rejects user roles, unapproved accounts and temporary passwords (418.8307ms)
✔ login input rejects control characters and invalid legacy OTP fields (48.0552ms)
✔ browser capture closes its pool and preserves the original error when setup fails before the server exists (166.0083ms)
✔ a new browser ACTIVE season receives only a missing display projection and coherent long-name top-three rows (31.7962ms)
✔ an existing READY generation remains untouched and unsafe databases are refused before capture writes (31.5176ms)
✔ canonical selector parser preserves one reviewed value (1.9382ms)
✔ canonical selector parser rejects duplicates, unknown keys, and unreviewed values (0.52ms)
✔ legacy application and season review destinations render distinct canonical states (5.7064ms)
✔ champion identity and public DTO are canonical and allowlisted (2.196ms)
✔ ADMIN TOTP create, update and deactivate preserve history (3.2812ms)
✔ exact receipt replay returns before aggregate lock (0.5022ms)
✔ authorization and immutable body tampering fail closed (0.5774ms)
✔ outbox failure rolls aggregate, audit and receipt back together (0.3622ms)
✔ champion HTTP boundary binds exact input, session, revision and idempotency (35.3241ms)
✔ 173-row V1 fixture maps every NULL portrait to a unique official URL (2.4434ms)
✔ backfill blocks duplicate identities and unmatched rows (0.4515ms)
✔ pinned Data Dragon catalog contains 173 unique official champions (0.8085ms)
✔ home splash chain keeps high-resolution artwork ahead of icon and stored fallback (0.6378ms)
✔ resolver uses official ids for canonical, legacy, numeric and Korean lookups (0.1684ms)
✔ all generated portrait URLs use the pinned official version (0.2942ms)
✔ candidate chain prefers official identity, then validated stored URL, then text fallback (0.2448ms)
✔ champion list query is strict, bounded, and public status cannot be overridden (1.6824ms)
✔ admin DTO exposes revision and status but no hidden account or storage fields (1.4398ms)
✔ event lifecycle follows its explicit path and restores only its recorded cancelled state (2.2792ms)
✔ event lifecycle cannot complete without a confirmed final or leave a terminal state (0.5928ms)
✔ destruction lifecycle gates auction, preliminary, four-team tournament, and final (0.4287ms)
✔ rosters enforce five unique players, positional coverage, ARAM semantics, and one captain (0.5335ms)
✔ best-of results require an exact clinching score and a consistent winner (0.2972ms)
✔ single elimination seeding is canonical and creates replayable bye/source-fixture structure (1.7208ms)
✔ bracket advancement is deterministic, idempotent, and rejects overwrites or premature results (1.2544ms)
✔ round robin schedules each pair exactly once without same-round double booking (0.9445ms)
✔ group round robin is group-key canonical and prevents cross-group duplicates (0.3582ms)
✔ standings rebuild from the full confirmed fixture set with V1-compatible canonical ties (1.6267ms)
✔ command envelope and receipt validators bind actor purpose, optimistic revision, and digests (3.1939ms)
✔ audit and outbox contracts reject secret-bearing or incoherent records (0.6235ms)
✔ competition display projections prefer human labels and never fall back to raw identifiers (0.7052ms)
✔ event result gallery can be linked only during or after play (5.5945ms)
✔ POSITION applications upsert, retain identity, cancel, and reactivate only inside recruitment (1.6794ms)
✔ ARAM applications reject position claims and accept positionless entries (0.3259ms)
✔ admin import is atomic at the aggregate boundary and recruitment closes with exactly ten active entries (0.5493ms)
✔ event consumes the S06 balance port shape and validates two complete five-person rosters (1.1372ms)
✔ seeded bracket derives the champion, supports correction, and completes with an event participant MVP (1.8649ms)
✔ correcting an upstream result preserves the other branch and explicitly invalidates downstream results (0.5489ms)
✔ cancellation recovery restores only the recorded phase and public DTOs omit private ownership data (0.6467ms)
✔ command handler rechecks authorization in-transaction and commits aggregate, audit, outbox, then receipt (2.3194ms)
✔ authorized idempotency replay skips aggregate work and a mismatched fingerprint fails closed (0.7119ms)
✔ command handler rejects stale expected revisions before any aggregate write (0.4194ms)
✔ command metadata cannot downgrade admin commands or detach owner intent from the player (0.5342ms)
✔ competition saved views only accept one allowlisted type (0.933ms)
✔ event application deep link rejects unrelated and repeated values (0.2673ms)
✔ destruction detail deep links retain only valid section-bound values (0.9556ms)
✔ administrator live auction view requires the complete exact pair (0.1884ms)
✔ requires the exact destructive cutover acknowledgement and PostgreSQL URL (1.3847ms)
✔ orders read-only preflight, migration, and one repeatable-read import transaction (2.1036ms)
✔ rolls back the import transaction and closes the pool on phase failure (0.4794ms)
✔ rolls back read-only preflight before migration when the source check fails (0.2556ms)
✔ V1 events preserve participant ownership, team membership and a canonical import revision (4.2612ms)
✔ V1 event winners are replayed through the deterministic V2 bracket (1.1594ms)
✔ V1 destruction preserves four validated rosters, applications and auction balances (2.5441ms)
✔ lossy cancellation and in-flight auction states fail closed while gallery linking is deferred (1.2397ms)
✔ empty source imports are rerunnable and never control the caller transaction (1.4567ms)
✔ core record import is externally transactional and idempotent (4.3909ms)
✔ core record import uses qualified V1 sources and the shared legacy UUID mapping (0.3869ms)
✔ core integrity sends an escaped Data Dragon allowlist to PostgreSQL (0.5902ms)
✔ integrity failure stops before the first write (0.5838ms)
✔ imports supported discipline and public Riot projections (2.8245ms)
✔ a clean rerun inserts no rows and still reconciles (0.2377ms)
✔ rejects an actor that cannot own imported discipline records before writes (0.4422ms)
✔ does not silently drop discipline task states that need evidence migration (0.1689ms)
✔ rejects Riot summaries that cannot be represented without a safe link (0.2086ms)
✔ throws when imported extension rows fail reconciliation (0.2226ms)
✔ imports V1 accounts and players through deterministic legacy mappings (1.742ms)
✔ a clean rerun inserts nothing and still reconciles (0.1671ms)
✔ fails before writes when source identity data is unsafe (0.4948ms)
✔ throws on missing relationships so the caller transaction can roll back (0.2111ms)
✔ throws when target legacy IDs or core relationships do not reconcile (0.8882ms)
✔ imports public media URLs and inhouse private-asset metadata without secret blobs (2.7532ms)
✔ legacy public URLs remain visible through the V2 media projection (0.3397ms)
✔ a clean rerun inserts or relinks nothing and still reconciles (0.2354ms)
✔ rejects unsafe gallery URLs before the first write (0.4237ms)
✔ throws when imported metadata does not reconcile (0.2686ms)
✔ projects only bounded Kakao feature settings and records excluded operational row counts (2.2221ms)
✔ a clean rerun does not rewrite the already reconciled settings projection (0.2428ms)
✔ rejects invalid_actor before any target mutation (0.4629ms)
✔ rejects invalid_settings_root before any target mutation (0.1391ms)
✔ rejects invalid_boolean_settings before any target mutation (0.1808ms)
✔ rejects invalid_max_message_length before any target mutation (0.1563ms)
✔ fails closed when the target does not exactly reconcile (0.3872ms)
✔ the preservation policy explicitly excludes logs, secrets, transient jobs and caches (0.1928ms)
✔ imports parties and normalized operation forms idempotently in the caller transaction (3.758ms)
✔ uses qualified V1 sources, full target UUID kinds, and parameterized reviewer identity (0.8454ms)
✔ blocks malformed dates and members before any target write (0.6932ms)
✔ rejects invalid or non-SUPER cutover actors (0.408ms)
✔ reconciliation failure asks the caller to roll back (0.3784ms)
✔ documents V1 party, operation-form, and scrim schema gaps (0.2218ms)
✔ season applications, saved drafts, and MMR projections import idempotently (3.3244ms)
✔ uses fully-qualified source tables and deterministic full target UUID kinds (0.3787ms)
✔ unrepresentable source data fails before the first target write (0.5983ms)
✔ preflight explicitly covers missing draft owners, nullable legacy game IDs, and review provenance (0.6575ms)
✔ source/target count mismatch requests caller rollback (0.5052ms)
✔ complete uses ADMIN intent, expectedRevision, one atomic audit/outbox/receipt commit, and replay (4.9776ms)
✔ idempotency conflicts, stale revisions, account sessions, and scope drift fail closed (1.1673ms)
✔ cancel and restore retain only the recorded lifecycle recovery state (0.6553ms)
✔ public DTO is an explicit allowlist without cancellation reason, raw votes, audit, or session material (0.2317ms)
✔ application port types retain JSON-safe public response material (0.1632ms)
✔ one-off auction tiers apply sample shrinkage and bind captain points to the same valuation (3.8065ms)
✔ Riot collection freezes the latest 100-ID window, resumes batches, excludes remakes and never mixes queues (35.5744ms)
✔ upstream failures and missing data never turn into zero-win ratings (5.0201ms)
✔ absolute lookup expands 90/180/365 days using valid games, fixed end and deduplicated details (2.3323ms)
✔ absolute empty results try all three windows before declaring missing data (0.6393ms)
✔ absolute collection stops expanding at twenty valid games and caps all windows at 100 details (11.9676ms)
✔ HTTP callers cannot supply fabricated Riot records, grades, or arbitrary modes (0.6433ms)
✔ verified input requires mode, bounded counts and evidence without caller-supplied pricing/source (0.4515ms)
✔ the eight preliminary configurations derive BO1/BO3 and enforce viable lane capacity (1.7677ms)
✔ captain points use the versioned arithmetic boundary: subtract, round to ten, clamp (0.2926ms)
✔ owner/admin cancellation intent is explicit and cannot cancel another user's application (0.3067ms)
✔ captain confirmation and seeded auction preserve draw, balance, roster, and position invariants (2.9857ms)
✔ preliminary standings always rebuild from the full fixture set and seed four finalists (1.8312ms)
✔ a replacement changes only the current roster and cannot rewrite an existing fixture snapshot (2.829ms)
✔ match-wide MVP voting bans self votes, requires ten voters, and limits tie revotes (1.4665ms)
✔ the common bracket can finish semifinal and final fixtures for destruction completion (0.5212ms)
✔ captain preference is boolean-only, optional for legacy callers, and part of idempotency (4.1042ms)
✔ destruction list query is an explicit single-value allowlist (0.6557ms)
✔ destruction list accepts blank native GET controls without accepting invalid filters (0.3167ms)
✔ admin parser covers lifecycle commands and rejects unknown or extra material (0.6702ms)
✔ service binds owner identity, request fingerprint and SUPER-sensitive intent server-side (0.4298ms)
✔ HTTP mutation boundary requires same origin, If-Match and Idempotency-Key (32.0922ms)
✔ agreed 30/50/10/5/5 formula uses fixed absolute cutoffs and no participant percentiles (1.5809ms)
✔ unknown data is neither a zero nor a redistributed weight; zero-weight components are excluded (0.9228ms)
✔ solo rank bands and champion breadth avoid entrant-dependent ranks and cumulative-points dominance (0.502ms)
✔ support and damage contributions use fixed role targets; absent statistics remain unknown (0.4418ms)
✔ automatic step persists partial collection, rate limits, missing data, and produces a score only when complete (2.0716ms)
✔ Riot facts request normal APIs, validate source rows and never infer unranked or missing challenges as zero (39.5918ms)
✔ challenge matching tolerates locale typography but rejects seasonal, inactive, duplicate and missing facts (5.3592ms)
✔ cron authentication rejects unauthorized requests before touching data and exposes only counters (5.5489ms)
✔ admin payload cannot inject weights, scores, source or arbitrary extra fields (0.3799ms)
✔ self-reported total games ignore win rate, cap at 300 and distinguish zero from missing (1.1263ms)
✔ new automatic evaluation combines numeric input with four sources without requesting ARAM (0.9237ms)
✔ unfrozen old formulas drop the proxy, preserve other facts and weights; frozen auctions never change (0.5471ms)
✔ recruitment counters exclude withdrawn and rejected applications; transition identifies a missing lane (2.9331ms)
✔ auction completion requires all five positions and refuses a paused auction (0.3379ms)
✔ preview generation retains every legacy format and produces no self matches or duplicate fixture IDs (1.857ms)
✔ auction eligibility and server validation retain the minimum points for every unfilled slot (1.2819ms)
✔ public progress reveals totals and standings without exposing applicant ownership or raw ballots (11.6122ms)
✔ only a stale revision produces HTTP 412; business preconditions produce 409 (20.3151ms)
✔ optional schedule preserves old snapshots and rejects reversed or invalid dates (1.4974ms)
✔ positionless recruitment and auction preserve headcount and money without imposing roles (1.3542ms)
✔ owner submission rechecks authorization and binds a READY private asset atomically (4.6689ms)
✔ exact replay returns the durable body without touching the task or asset (0.6974ms)
✔ missing private asset and failed authorization use existence-masked errors (1.1452ms)
✔ outbox failure rolls task, audit, outbox and receipt back together (0.4733ms)
✔ review requires an ADMIN-purpose TOTP recheck and approves the exact evidence batch (0.7538ms)
✔ tampered immutable request body fails before the transaction (0.3189ms)
✔ identity prioritizes account then player and normalizes direct identity (1.2325ms)
✔ warning policy preserves V1 counts and deterministic oldest-first conversion (0.963ms)
✔ three active warnings create one review and an existing pending review suppresses duplicates (0.2554ms)
✔ owner evidence submission reaches review only at the exact required count (0.4942ms)
✔ rejection creates a batch boundary and requires a complete fresh batch (0.1932ms)
✔ stale, non-owner, duplicate, expired and invalid review operations fail closed (0.6936ms)
✔ public discipline DTO contains aggregate counts only (1.845ms)
✔ discipline admin input parsers keep a closed field allowlist (2.4529ms)
✔ review and cancellation bodies reject ambiguous shapes (0.5303ms)
✔ event public query rejects duplicate and unknown filters (1.3875ms)
✔ event list accepts blank native GET controls without accepting invalid filters (0.32ms)
✔ event service creates a server-fingerprinted command and rejects unstable identifiers or even BO (2.7108ms)
✔ own application requires a stable participant UUID so retry fingerprints cannot drift (0.825ms)
✔ ARAM application reaches the aggregate without fabricated position preferences (0.4968ms)
✔ event gallery command accepts only an exact nullable gallery identifier (0.5469ms)
✔ event transaction retries a rolled-back serialization failure with a fresh context (32.8126ms)
✔ event transaction retries deadlocks but bounds repeated database contention (72.1051ms)
✔ event transaction does not retry validation or unrelated database errors (0.5808ms)
✔ 익명 검색에도 계정 기능을 발견할 수 있고 접근 필요 상태가 유지된다 (3.2561ms)
✔ 팔레트 바로 가기는 실제 canonical 사용자 페이지 안에서만 구성된다 (1.3628ms)
✔ 로그인 전역 검색은 페이지·도구·콘텐츠·계정 키워드를 정규화해 찾는다 (2.8421ms)
✔ 플레이어 검색은 공백을 정리하고 URL 구성요소를 안전하게 인코딩한다 (0.42ms)
✔ home prioritizes ongoing competitions before newer completed records without mutating input (11.1154ms)
✔ home omits only placeholder-only titles, retaining meaningful titles containing test (0.9752ms)
✔ 홈의 서로 다른 공개 피드는 시간 역순과 ID tie-break로 결정적으로 합쳐진다 (12.0683ms)
✔ 홈 피드 제한은 음수와 비정수 값을 거부하고 0은 빈 피드를 만든다 (0.4502ms)
✔ 홈 멸망전 우승 갤러리는 FK 연결을 우선해 중복 제거하고 게시일 역순과 최대 개수를 지킨다 (0.3106ms)
✔ 오늘의 챔피언은 KST 날짜·활성 목록에 대해 SSR에서도 결정적이고 다음 날 변경된다 (11.7918ms)
✔ 오늘의 챔피언 문구와 챔피언별 개별 재구성 이미지를 연결한다 (0.6419ms)
✔ 홈 안내 허용 목록은 공식 매핑을 통과한 여성 챔피언 68명과 고유 문구를 갖는다 (0.7267ms)
✔ 특례 네 챔피언은 포함하고 Kindred와 남성·미확인 후보는 기본 거부한다 (0.258ms)
✔ 레거시 키는 표시 이름으로 canonicalize하며 같은 공식 챔피언을 한 번만 선택한다 (0.6971ms)
✔ trace IDs accept only non-zero 32-digit hexadecimal values (1.066ms)
✔ traceparent parsing pins version 00 and rejects ambiguous or zero identifiers (0.2626ms)
✔ validated trace extraction does not fall back around a malformed traceparent (19.5945ms)
✔ public problem definitions reject unsafe public fields (0.5067ms)
✔ problem responses expose only the fixed public contract and validated trace ID (4.2774ms)
✔ forged problem objects fall back without leaking stack, SQL, or extra fields (1.1032ms)
✔ no-store response helpers enforce API security headers over caller overrides (0.5647ms)
✔ JSON content types allow UTF-8 JSON and structured +json only (0.2929ms)
✔ JSON body reader preserves split UTF-8 code points and reports actual bytes (2.9587ms)
✔ JSON body reader separates media type, empty body, UTF-8, and JSON errors (1.8287ms)
✔ JSON body reader rejects duplicate decoded object keys at every nesting level (1.013ms)
✔ JSON body reader enforces declared and streamed byte limits (0.7282ms)
✔ JSON body reader rejects malformed and mismatched Content-Length (0.4942ms)
✔ JSON body reader reports stream failures and rejects unsafe limit configuration (0.6413ms)
✔ JSON body reader cancels a rejected unread stream without exposing its data (0.1896ms)
✔ problem mappings keep parser failures on the reviewed public catalog (0.164ms)
✔ Idempotency-Key parsing is strict, bounded, and case preserving (0.2985ms)
✔ idempotency hash material is deterministic and domain separated (0.533ms)
✔ revision parsing accepts canonical non-negative safe integers including schema default 0 (0.2118ms)
✔ If-Match parsing requires one strong integer revision ETag (0.3075ms)
✔ pagination parsing applies defaults and explicit upper bounds (0.3692ms)
✔ pagination rejects duplicate, ambiguous, oversized, and attack-shaped values (0.2715ms)
✔ pagination rejects unsafe parser configuration (0.14ms)
✔ every application icon import resolves to a generated image, including shared UI controls (3852.1898ms)
✔ image icons preserve size, accessible names and decorative semantics (0.4626ms)
✔ artwork files match their provenance, alpha grids and transfer budget (77.7899ms)
✔ Kakao operation settings accept only bounded secret-free fields (1.4002ms)
✔ Kakao runtime configuration exposes booleans, never secret values (0.2762ms)
✔ Kakao message policy normalizes before applying the stored length limit (0.1337ms)
✔ Kakao admin tab query accepts only allowlisted keys for the selected tab (0.1989ms)
✔ sensitive Kakao admin tabs require SUPER_ADMIN while operating tabs remain ADMIN (1.965ms)
✔ party member statistics search is normalized and bounded (0.3333ms)
✔ Kakao assistant accepts only exact bounded search and read commands (2.514ms)
✔ Kakao season snapshots require exact bounded participant slots and positions (1.4581ms)
✔ Kakao season command access keeps submit and status member-safe while force cancel stays trusted (0.1275ms)
✔ managed forms route only the explicit operation-form command (0.2213ms)
✔ Kakao image receive requires an owner-created opaque session and exact bounded fields (0.5249ms)
✔ player search DTO is an explicit public allowlist (0.1683ms)
✔ form codes are readable ASCII and normalize mobile fullwidth/lowercase input (0.8518ms)
✔ snapshot expiry is precisely the next 06:00 KST, including month/year boundaries (1.9737ms)
✔ identical canonical snapshot objects reuse their hash while row order remains significant (1.5692ms)
✔ snapshot storage rejects non-JSON, oversize and pathological nested originals before querying (5.9701ms)
✔ old-day, invalid scope and invalid code cannot read or issue snapshots (0.6043ms)
✔ guarded old name-only rows reach snapshot validation while new forms still require lanes (9.6972ms)
✔ legacy copies preserve current lanes and protected rows and do not resurrect removed entries (1.6674ms)
✔ name-only additions, replacements, moves and stale draft guesses never bypass mandatory lanes (0.2702ms)
✔ legacy compatibility retains explicit deletion, replacement protection and field conflicts (0.3069ms)
✔ latest formatter sorts reserve gaps, prints one start phrase and makes no-change distinct from new registration (1.3797ms)
✔ modern form round-trips empty metadata and all requested Rift line syntaxes (12.9102ms)
✔ Rift missing lines, duplicate names and incomplete copies never become mutations (4.1125ms)
✔ detail preserves aliases and reserve gaps and closed details cannot act as editable forms (1.2059ms)
✔ member guidance distinguishes no match, many matches and unverified match without claiming nonmembership (1.5985ms)
✔ overview stays a list for one round, counts guests, and filled message uses mutation result only (0.7259ms)
✔ copy merge preserves concurrent additions, applies deletion and field edits, and protects SITE entries (0.9101ms)
✔ editing a participant added after an empty form reports stale form, while latest form edits preserve other people (0.4588ms)
✔ line errors are actionable without calling storage; saved result survives overview read failure (1.4415ms)
✔ each inhouse mode saves once then returns all active modes instead of its copy form (1.5446ms)
✔ inhouse description accepts editable labels, preserves omission and rejects conflicting metadata (4.5072ms)
✔ R24 compact party form keeps the complete saved-result envelope copyable with one new name (10.0634ms)
✔ R24 fresh party templates need only a name and retain unknown time explicitly (2.9432ms)
✔ compact forms preserve jamo through parsing and storage and sort sparse reserve display slots (3.9058ms)
✔ R24 compact party forms cannot fall back to unguarded legacy parsing when the code is removed (1.0174ms)
✔ the full legacy party detail can add a name without changing existing members or its saved identity (1.9003ms)
✔ copyable forms retain literal metadata, sparse reserve slots, and reserve display names (0.8602ms)
✔ resubmitting the current unchanged full form preserves the aggregate and revision (0.933ms)
✔ line-party copies preserve stored slot names when old position metadata is missing or inconsistent (2.6695ms)
✔ metadata mentioning another recruitment title does not become a second form title (0.9395ms)
✔ custom stored titles remain visible in status while copy forms use the stored party type and capacity (2.8186ms)
✔ detail header and summary identity conflicts are ambiguous and never canonicalize (7.6148ms)
✔ out-of-range detail identifiers and capacities are rejected (1.63ms)
✔ ADR0011 overview includes all 99 numbers, bounds only summaries and keeps drafts private (11.1347ms)
✔ ADR0011 blank numbered draft round-trips CRLF and an optional display separator (5.7922ms)
✔ party parser keeps raw slot intent across Kakao punctuation variants (7.2512ms)
✔ party parser accepts clipped headers and an adjacent wrapped slot value (1.1376ms)
✔ display values keep compatibility jamo while form numbers and codes retain width compatibility (0.6235ms)
✔ display separators never become metadata or a participant and blank rows remain explicit (2.17ms)
✔ metadata is order independent, multiline, and keeps absent separate from empty (3.6678ms)
✔ V1 line-party position fixtures keep canonical positions (0.5149ms)
✔ duplicate, merged, missing, and multiple-number structures are diagnosed without last-wins parsing (2.8548ms)
✔ recoverable, rejected, and ordinary text decisions remain distinct (5.1446ms)
✔ numbered primary rows must stay within the submitted capacity even when empty (4.4425ms)
✔ saved form references require one concrete recruit number and cannot request automatic creation (2.9334ms)
✔ only EXACT party forms become SYNC while parsed title and slot states reach canonical payload (3.2899ms)
✔ metadata-only party activation forms accept slash and keep organizer separate from members (0.6842ms)
✔ the reported #11 party template classifies as one metadata activation snapshot (1.4168ms)
✔ generated operating day wins across the 06:00 boundary while legacy forms keep fallback behavior (1.328ms)
✔ 내전/스크림 번호ㅉ 명령은 slash 유무와 관계없이 현재 운영일 FINISH로 canonicalize된다 (26.9183ms)
✔ 다른 sender도 같은 installation/room의 내전 번호를 마감하고 최신 내전현황을 받는다 (1.2338ms)
✔ 다른 sender도 같은 installation/room의 스크림 번호를 마감하고 최신 스크림현황을 받는다 (1.1982ms)
✔ 동일 event replay는 내전 마감 한 번과 스크림 종료 안내를 재사용한다 (1.3516ms)
✔ room capability profiles are exclusive and exposed as authorization policies (1.0713ms)
✔ site notices are OFF by default and require an explicit target and identity (0.6705ms)
✔ notice source scope matches the real FEATURES inhouse router and rejects PARTY scope (1.1058ms)
✔ notice signatures bind action, exact target and installation with a separate protocol (0.5493ms)
✔ bounded envelope rejects arbitrary payload, room names and malformed ACK (0.3821ms)
✔ site notices expire by recruiting-day rollover and unverified filter is distinct (1.6063ms)
✔ HTTP boundary authenticates before DB access, rejects replay and never caches (35.5866ms)
✔ V1 strict record always shows season/tier and the canonical multi-game recent line (1.2302ms)
✔ V1 strict recent, missing player, and empty ranking preserve the canonical copy (0.1862ms)
✔ V1 strict operation and season empty replies keep public V1 labels (0.7753ms)
✔ V1 strict season STATUS keeps canonical zero, one, and multiple-round results (0.1892ms)
✔ V1 strict season DETAIL keeps the full existing form and empty missing result (0.1549ms)
✔ V1 strict scrim time keeps an explicit M/D instead of forcing the operation date (6.4358ms)
✔ V1 strict scrim time accepts 오전/오후 and H시 forms (0.903ms)
✔ V1 strict scrim time preserves free text without exposing its internal memo carrier (0.3405ms)
✔ strict V1 and ordinary V4 reserve copyable drafts and return the overview after saving (6.1512ms)
✔ strict V1 detail is the full copyable form without repeated command guidance (1.4601ms)
✔ party overview keeps full, started and large parties in numeric order (1.0406ms)
✔ strict V1 missing detail uses the canonical not-found reply (0.2257ms)
✔ strict V1 missing scrim detail uses the canonical success reply while ordinary V4 stays not-found (1.1109ms)
✔ strict V1 scrim status and detail preserve a free-text legacy start time (1.032ms)
✔ Kakao HTTP verification reports allowlisted internal reasons without weakening the generic boundary (23.6043ms)
✔ V2 installation fingerprint is inside the HMAC material (0.9908ms)
✔ V3 binds installation key id, delivery id, and bot version inside the HMAC material (2.0911ms)
✔ legacy party and scrim mutations fail closed with an explicit V2 successor and no redirect (1.435ms)
✔ 내전과 스크림 빠른 추가·삭제는 슬래시, 모바일 공백과 제한된 오타를 허용한다 (13.7682ms)
✔ 협곡 내전 빠른 추가는 이름만 또는 티어·라인 전체 입력을 모두 허용한다 (2.8346ms)
✔ 내전 전체 양식은 일반 명단과 예비 명단을 함께 동기화한다 (3.7005ms)
✔ 빠른 추가·삭제는 명확한 번호와 한 명의 안전한 이름만 허용한다 (1.7756ms)
✔ 내전 명령도 파티·스크림과 같은 오전 6시 운영일을 사용한다 (0.4352ms)
✔ 내전·스크림 생성은 DRAFT 번호를 먼저 예약하고 실제 번호가 든 양식만 응답한다 (2.3643ms)
✔ 내전 안내 문구는 공지가 아니며 스크림 빈 예약 양식은 활성화 명령이 되지 않는다 (6.0654ms)
✔ 내전·스크림 빠른 추가는 이름을 서버 명령으로 보내고 최신 명단을 함께 응답한다 (3.5069ms)
✔ classifier exposes a complete canonical/profile matrix (9.5426ms)
✔ all 101 V41 parity samples classify with zero-or-one slash equivalence (36.1499ms)
✔ the V1 compatibility fixture routes all classify into the six canonical families (8.5407ms)
✔ double slash, URL slash, separated slash, and middle slash stay UNKNOWN (0.529ms)
✔ profile matrix routes recruit, features, and local commands explicitly (2.4181ms)
✔ diagnostic and raw JSON commands are classified as internal, not user help (0.4485ms)
✔ party, inhouse, and scrim full forms win over command parsing as SNAPSHOT (3.1649ms)
✔ party snapshot accepts metadata-only activation fields and legacy participant rows (1.5084ms)
✔ R23 scrim retirement is structural and does not capture ordinary party names or game information (0.8184ms)
✔ party member mutations require an explicit detail prefix and one safe single-line name (2.798ms)
✔ Kakao copy/paste party row variants still canonicalize to one SYNC member (6.3168ms)
✔ full-width empty reserve punctuation and clock text never become party members (0.6138ms)
✔ flexible party row parsing does not classify ordinary chat or generic number lists (0.8838ms)
✔ party snapshot rejects truncated numeric and position templates (0.8916ms)
✔ A→B→A identical text is reclassified without state or content-hash suppression (0.849ms)
✔ operation forms classify on FEATURES and reject the RECRUIT profile (1.1828ms)
✔ V4 schema preserves the seven-field client and accepts only the exact V1 strict extension (1.7893ms)
✔ slash boundary preserves zero-or-one leading slash parity (0.565ms)
✔ V4 signature covers the exact raw envelope and timestamp (14.2938ms)
✔ profile authorization does not receive sender role or allowlist inputs (5.1276ms)
✔ health, contract probes, and classified commands return deterministic replies without a runtime dispatcher (1.8775ms)
✔ event ID is the idempotency boundary and mismatched reuse conflicts (0.6378ms)
✔ hot replay cache binds the verified raw request digest (0.372ms)
✔ R23 retires every old-phone scrim command and form without dispatching or writing (20.1641ms)
✔ server help explains editable numbered copies and inhouse mode requirements (1.1142ms)
✔ public error responses keep stable status and code contracts (26.2359ms)
✔ V4 application errors normalize idempotency conflicts to public 409 only (0.7035ms)
✔ 내전 빠른 명단 응답은 결과를 한 줄로 요약하고 본명과 닉네임을 표시한다 (1.288ms)
✔ 내전 빠른 추가 대상이 미등록이어도 이름과 접수 인원에 포함한다 (0.3138ms)
✔ player record, recent matches, and ranking preserve exact V1-visible fields (0.8573ms)
✔ player and ranking boundary replies preserve V1 wording and percent formatting (0.4047ms)
✔ V4 event key is shared by recruiting and assistant durable receipts (2.3408ms)
✔ party create reserves an invisible draft and returns all blank slots with its copy reference (2.5025ms)
✔ the exact generated V1 party form activates with only organizer populated and applies metadata defaults (10.8501ms)
✔ R24 party creation shows empty metadata, all slots and the code below the title (1.2468ms)
✔ party copy saves return the overview while unchanged stale copies retain editable recovery (7.6673ms)
✔ party copy save overview includes every active party including full parties (1.197ms)
✔ ADR0011 first registration names stay brief before the complete overview (0.4864ms)
✔ the reported metadata-only #11 form reaches one idempotent party activation (1.2591ms)
✔ first completed automatic party form creates the party once (0.4168ms)
✔ explicit missing party number never falls back to creating a new party (0.3342ms)
✔ closed party copies and repeated finish receive a scoped closed reply without mutation (0.3727ms)
✔ copy edit conflicts and incomplete rows explain recovery and never report a save (0.8026ms)
✔ a concurrent finish gets a closed reply while an active revision race asks for a retry (0.4079ms)
✔ a copied form reference cannot be reused to create an automatic-number party (0.6107ms)
✔ incomplete copied party forms and numberless inhouse detail return actionable guidance (2.0869ms)
✔ existing party snapshots forward slot states without forwarding submitted type or capacity (0.542ms)
✔ party status and detail use one server status receipt and return the latest aggregate (0.3294ms)
✔ party member shortcut classifications canonicalize to the current operating day (0.7413ms)
✔ party member shortcut outcomes return confirmation followed by the latest full form (0.9679ms)
✔ missing, ambiguous, and member-limit shortcut results stay concrete successful replies (0.5159ms)
✔ party mutation and latest full form keep the signed instant across the 06:00 KST boundary (1.0356ms)
✔ replayed sync, blank deletion, and finish disclose a failed post-mutation status refresh (0.5047ms)
✔ party snapshot and finish resolve latest revision without owner or role inputs (0.4385ms)
✔ missing current-operating-day party finish is a V1 success reply with the latest status and no mutation (0.2276ms)
✔ scrim status requests only the scrim projection (0.6001ms)
✔ season authoritative zero-person snapshot writes once then reads the overview (0.6507ms)
✔ season SYNC exposes the latest copy reply to both ordinary and strict clients (0.205ms)
✔ V1 strict season STATUS maps no active season to the canonical empty reply only (0.5537ms)
✔ scrim create and snapshot each issue one recruiting mutation (0.3004ms)
✔ season status and detail each return one authoritative assistant result (0.1715ms)
✔ scrim deprecated lifecycle commands use a static receipt without domain status queries (0.1924ms)
✔ dispatcher fails closed when command domain and static profile differ (0.169ms)
✔ structural operation candidates with one empty value reach exact missingFields (14.4322ms)
✔ colonless prose and label-only lists remain UNKNOWN (4.9622ms)
✔ party members are canonical by primary/reserve and slot number, independent of row order (2.4763ms)
✔ inhouse copy requires explicit lanes for RIFT main/reserve rows and preserves save reference separately from notices (16.2089ms)
✔ inhouse copy rejects malformed/duplicate save references and marks old forms as legacy (2.9714ms)
✔ inhouse copy accepts valid lanes and rejects malformed lane input (0.2396ms)
✔ inhouse stale forms return the latest copy without retrying the mutation, and old days show today's rounds (3.7205ms)
✔ compact inhouse copies retain site-linked optional lanes and separate review rows from participants (3.4627ms)
✔ copy delta preserves latest rows, merges only pure additions, and never revives removed originals (0.5319ms)
✔ old pending footers restore placeholders but never override a corrected body row (3.5084ms)
✔ copy start text preserves free-form event descriptions without inventing a scheduled clock (2.3435ms)
✔ pending name corrections require the original pending row to still be current (0.4841ms)
✔ pending corrections and concurrent additions preserve other saved and cancelled rows (0.6125ms)
✔ real RIFT input recovers one missing position slash and accepts empty flexible rows (13.9031ms)
✔ recovery is limited to two valid position aliases and records the failed field (0.3357ms)
✔ legacy empty sub-position markers are accepted only in the sub-position field (0.3229ms)
✔ mixed real-world rows keep valid entries, route partial rows to review, and use the last duplicate slot (0.5372ms)
✔ a final empty duplicate row means cancellation while a missing numbered row is preserved (0.6793ms)
✔ an incomplete duplicate footer cannot replace a valid slot while valid edits stay last-write-wins (0.7446ms)
✔ numbered footer text after a complete empty roster cannot create a pending participant (0.4355ms)
✔ valid edits and explicit cancellation after a complete roster remain last-write-wins (0.7918ms)
✔ the former canonical failure maps to the exact public HTTP 400 document (19.9024ms)
✔ [P0-FIXTURE] input-tolerance matrix is pinned to the unchanged V1 oracle (1.92ms)
✔ [P0-PARTY-01] punctuation, full-width, escape, and whitespace rows have one semantic member (12.5109ms)
✔ [P0-PARTY-02] an explicit empty slot is valid but an absent slot row is not a full snapshot (6.9852ms)
✔ [P0-PARTY-03] slash and comma in one reserve row stay in one display name (1.5639ms)
✔ [P0-PARTY-04] a 2-person title cannot overwrite an existing 5-person recruit target (1.9902ms)
✔ [P0-PARTY-05] conflicting duplicate slot rows reject the whole snapshot (1.2247ms)
✔ [P0-PARTY-06] member order is canonical and independent of pasted row order (1.4308ms)
✔ [P0-PARTY-07] name suffix notes, emoji, and Kakao tags are preserved (2.7997ms)
✔ [P0-PARTY-08] multiline metadata values match their single-line semantic values (4.5269ms)
✔ [P0-PARTY-09] an automatic-number empty draft never creates a recruit (1.4616ms)
✔ [P0-OPS-01] all four forms preserve values continued on the following line (4.0062ms)
✔ [P0-OPS-02] all four forms expose exact missing-field contracts without submission (1.0658ms)
✔ [P0-OPS-03] parentheses and comma stay in the person name instead of becoming an implicit delimiter (0.2904ms)
✔ [P0-OPS-04] ordinary conversation and partial label discussions remain UNKNOWN (1.3608ms)
✔ [P0-OPS-05:friends] field order does not alter the canonical payload (0.5448ms)
✔ [P0-OPS-06:friends] a conflicting duplicate label rejects the whole form (0.3737ms)
✔ [P0-OPS-07:friends] arbitrary footer text cannot contaminate the last field (0.4624ms)
✔ [P0-OPS-05:suggestions] field order does not alter the canonical payload (0.3462ms)
✔ [P0-OPS-06:suggestions] a conflicting duplicate label rejects the whole form (0.2515ms)
✔ [P0-OPS-07:suggestions] arbitrary footer text cannot contaminate the last field (0.4207ms)
✔ [P0-OPS-05:meetups] field order does not alter the canonical payload (0.6301ms)
✔ [P0-OPS-06:meetups] a conflicting duplicate label rejects the whole form (0.6723ms)
✔ [P0-OPS-07:meetups] arbitrary footer text cannot contaminate the last field (0.6308ms)
✔ [P0-OPS-05:leaves] field order does not alter the canonical payload (0.5085ms)
✔ [P0-OPS-06:leaves] a conflicting duplicate label rejects the whole form (0.366ms)
✔ [P0-OPS-07:leaves] arbitrary footer text cannot contaminate the last field (0.8848ms)
✔ [P0-OPS-08] prose mentioning every label is not classified as a form (0.2097ms)
✔ [P0-IDEMPOTENCY-01] the same event is dispatched exactly once and then replayed (1.1847ms)
✔ [P0-IDEMPOTENCY-02] different events with one semantic payload are both dispatched (1.108ms)
✔ [P0-MULTIUSER-01] same-room events from different senders reach edit and finish dispatch (0.717ms)
✔ [P0-CANONICAL-01] V1-local fullwidth slash and digits canonicalize to the same finish command on the server (0.1832ms)
✔ [P0-CANONICAL-02] finish and detail commands tolerate whitespace after the copied hash marker (0.2547ms)
﹣ [P0-MULTIUSER-02] PostgreSQL contract proves same-room cross-user edit/finish and different-room no-mutation without an administrator role (0.042ms) # isolated PostgreSQL harness required
✔ V4 installation identity exactly mirrors the phone HMAC contract (1.2828ms)
✔ one unified phone script shares one identity secret while RECRUIT and FEATURES keep distinct stable installation scopes (1.0844ms)
✔ the server rejects cross-family commands before dispatch for both unified-script profiles (15.8187ms)
✔ arbitrary installation IDs and cross-profile IDs fail closed (0.3745ms)
✔ current and previous signing keys authenticate only their exact HMAC (1.2162ms)
✔ two senders share one installation scope for create, cross-edit and finish (6.0258ms)
✔ runtime identity configuration is bounded without inspecting real environment values (0.6165ms)
✔ V4 signing keyring is isolated from V1 and rejects unsafe reuse (0.407ms)
✔ V4 route is registry-free and keeps the seven-field identity-free boundary (8.7475ms)
✔ the unified V4 phone callback ignores room and channel values while routing both families (1.3222ms)
✔ admin and architecture copy distinguish V4 installation scope from the legacy room registry (16.3019ms)
✔ [P0-INHOUSE-LIVE-01] 동휘/김동휘 실양식은 Mid all을 복구해 같은 semantic payload로 dispatch한다 (16.4312ms)
✔ [P0-INHOUSE-LIVE-02] slash 계약에 맞춘 MID 또는 ALL 입력은 이름과 무관하게 정상 payload를 만든다 (1.8523ms)
✔ [P0-INHOUSE-LIVE-03] Mid all 복구는 mainPosition MID를 유지하고 나머지 네 부라인을 저장한다 (0.1775ms)
✔ [P0-INHOUSE-METADATA-01] 독립 공지와 20시 시작을 전체 스냅샷 메타로 보존한다 (0.6202ms)
✔ [P0-INHOUSE-METADATA-02] 시작 줄 tail 공지는 수용하고 슬롯 뒤 문장은 공지로 오인하지 않는다 (0.5737ms)
✔ [P0-INHOUSE-METADATA-03] 공지가 없는 전체 스냅샷은 명시적인 null을 만든다 (0.4747ms)
✔ [P0-INHOUSE-METADATA-04] 시작 줄 다음과 인원 줄 사이의 공지도 구조 필드와 분리해 저장한다 (0.9075ms)
✔ operation field map is order independent and tolerates Kakao paste punctuation (3.5883ms)
✔ person punctuation remains intact unless slash or pipe is explicit (0.4576ms)
✔ same duplicate fields dedupe while conflicting duplicates block submission with diagnostics (0.9226ms)
✔ leave scope reads only its selected field value, not room names in the footer (1.0038ms)
✔ candidate detection is structural and does not require complete values (1.8417ms)
✔ operation wrappers are candidates only when they occupy a title line (0.333ms)
✔ person fields are required and never fall back to an opaque sender identity (1.1702ms)
✔ [P3-I01] FEATURES INHOUSE 내전구인 keeps exact V1 reply parity (23.0822ms)
✔ [P3-I02] FEATURES INHOUSE 내전구인 양식 keeps exact V1 reply parity (1.8914ms)
✔ [P3-I03] FEATURES INHOUSE 내전구인 협곡 2026-09-09 21:30 #2 10명 keeps exact V1 reply parity (1.0117ms)
✔ [P3-I04] FEATURES INHOUSE 내전구인 칼바람 2026-09-09 21:30 #3 10명 keeps exact V1 reply parity (0.6699ms)
✔ [P3-I05] FEATURES INHOUSE 내전구인 증바람 2026-09-09 21:30 #3 10명 keeps exact V1 reply parity (0.4187ms)
✔ [P3-I06] FEATURES INHOUSE 내전현황 keeps exact V1 reply parity (0.3337ms)
✔ [P3-I07] FEATURES INHOUSE 내전상세 2 keeps exact V1 reply parity (0.269ms)
✔ [P3-I07] INHOUSE authoritative snapshots preserve delete, zero and A→B→A revisions (7.5513ms)
✔ [P3-I08] ARAM and AUGMENT_ARAM snapshots keep name-only authoritative arrays (0.7691ms)
✔ [P3-S01] R23 SCRIM create returns retirement guidance without dispatch (1.173ms)
✔ [P3-S02] R23 SCRIM new full form cannot reach its former dispatcher (0.289ms)
✔ [P3-S03] R23 SCRIM edit full form cannot reach its former dispatcher (0.3083ms)
✔ [P3-S04] R23 SCRIM retirement does not depend on active tournament state NO_ACTIVE_TOURNAMENT (0.2001ms)
✔ [P3-S05] R23 SCRIM retirement does not depend on active tournament state AMBIGUOUS_ACTIVE_TOURNAMENT (0.1342ms)
✔ [P3-O01] OPERATIONS friends complete form dispatches once and passes through exact server reply (2.2133ms)
✔ [P3-O02] OPERATIONS suggestions complete form dispatches once and passes through exact server reply (0.3745ms)
✔ [P3-O03] OPERATIONS meetups complete form dispatches once and passes through exact server reply (0.8229ms)
✔ [P3-O04] OPERATIONS leaves complete form dispatches once and passes through exact server reply (1.0672ms)
✔ [P3-O05] OPERATIONS friends missing required values returns an explicit V1 error without dispatch (0.5256ms)
✔ [P3-O06] OPERATIONS suggestions missing required values returns an explicit V1 error without dispatch (0.2624ms)
✔ [P3-O07] OPERATIONS meetups missing required values returns an explicit V1 error without dispatch (0.4177ms)
✔ [P3-O08] OPERATIONS leaves missing required values returns an explicit V1 error without dispatch (1.3105ms)
✔ [P3-M01] OPERATIONS 등록 keeps exact V1 reply parity (2.2125ms)
✔ [P3-M02] OPERATIONS 내전등록 keeps exact V1 reply parity (0.7574ms)
✔ [P3-M03] OPERATIONS 경고등록 keeps exact V1 reply parity (0.2929ms)
✔ [P3-M04] OPERATIONS 인증 keeps exact V1 reply parity (0.3445ms)
✔ [P3-M05] OPERATIONS 경고현황 keeps exact V1 reply parity (0.2982ms)
✔ [P3-M06] OPERATIONS 결과현황 keeps exact V1 reply parity (0.2784ms)
✔ [P3-M07] OPERATIONS 사진취소 keeps exact V1 reply parity (1.1062ms)
✔ [P3-M08] OPERATIONS 자동공지 20 keeps exact V1 reply parity (0.2539ms)
✔ [P3-A01] Phase 3 authorization is installation/profile based and never receives room, sender or role (1.3261ms)
✔ [P3-A02] two ordinary senders can use the same Phase 3 command without a sender allowlist (1.9137ms)
✔ [P3-R01] identical eventId replays one successful Phase 3 mutation without a second dispatch (0.6834ms)
✔ [P3-R02] same eventId with a conflicting body maps to public HTTP 409 REPLAY_CONFLICT (24.3924ms)
✔ Phase 3-A: 내전 모드 선택과 협곡·칼바람 복사 양식을 출력한다 (17.3253ms)
✔ Phase 3-A: 내전 전체 현황과 회차 상세는 정확히 한 번 authoritative assistant를 호출한다 (0.854ms)
✔ Phase 3-A: 협곡 명단 A→B→A와 0명은 각 입력당 한 번의 authoritative snapshot이다 (6.8064ms)
✔ R23: 스크림 양식·현황·상세는 종료 안내만 반환한다 (2.0329ms)
✔ R23: 구형 스크림 신규 양식과 재전송은 저장 없이 종료 안내만 반환한다 (0.3561ms)
✔ R23: 구형 스크림 수정 양식은 기존 데이터와 대회 바인딩을 변경하지 않는다 (0.3275ms)
✔ Phase 3-A: 번호 행 하나가 빠진 양식은 그 슬롯을 보존하고 나머지 행을 동기화한다 (0.6467ms)
✔ four V1 operation forms become exact typed payloads (16.6245ms)
✔ all four forms report their exact missing fields as INVALID_FORM commands (1.1641ms)
✔ registration, result, warning, evidence, status and photo-cancel preserve V1 replies (5.6981ms)
✔ scheduled notice uses one durable assistant request and preserves the V41 formatter (0.5826ms)
✔ valid form submits one typed mutation in the shared V4 event scope (0.5643ms)
✔ invalid form claims a durable receipt before exposing field-specific INVALID_FORM (24.5241ms)
✔ operation forms reuse the same durable event identity as recruiting and assistant (0.7333ms)
✔ fresh service instances replay the durable form result and reject a changed body (3.3393ms)
✔ internal raw JSON and phone-local session commands do not become public canonical operations (1.4873ms)
✔ [P4-S01] every V1 PUBLIC alias succeeds on its actual profile with exact zero/one slash parity (44.8308ms)
✔ [P4-S02] every single-profile PUBLIC alias maps its opposite profile to HTTP 403 WRONG_PROFILE (50.1189ms)
✔ [P4-S03] authorization never receives room, sender, role or member allowlist fields (0.5508ms)
✔ [P4-S04] unknown public input is INVALID_FORM instead of 501 ROUTER_NOT_ENABLED (1.3572ms)
✔ [P4-S05] 사진상태 gives a site check path without claiming a nonexistent phone session is healthy (0.3363ms)
✔ [P4-S06] 내전미리보기취소 returns a no-mutation discard notice (0.3662ms)
✔ [P4-S07] 내전확인 ABCD1234 returns a no-mutation discard notice (0.7758ms)
✔ [P4-S01] every public fixture alias has a local reply or canonical dispatcher route (31.3345ms)
✔ [P4-S02] server fallback gives exact local help, photo guidance, and no-mutation preview notices (1.2774ms)
✔ [P4-S01A] every actual V41 public sample has a local reply or canonical dispatcher route (10.072ms)
✔ [P4-S03] unknown and internal direct API inputs normalize to explicit HTTP 400 (20.962ms)
✔ [P4-S04] V4 command HTTP surface contains no 501 or router-not-enabled response (5.0507ms)
✔ [S01] zero or one leading slash is equivalent for the complete V1 route fixture (1.9078ms)
✔ [S02] malformed slash, URL and middle slash canonicalize to no command (0.2426ms)
✔ [S03] two unregistered general users can create, cross-edit and cross-finish one recruit (8.3524ms)
✔ [S04] full recruit snapshots delete names, accept zero people and preserve A→B→A (1.2395ms)
✔ [S05] FEATURES ranking, record and recent commands return successful replies (2.967ms)
✔ [S06] a retired scrim command returns the R23 notice after authorization (0.9228ms)
✔ [S07] duplicate mutation callback is applied once and replayed once (0.2664ms)
✔ [S08] an event ID body conflict maps to public REPLAY_CONFLICT with HTTP 409 (21.1002ms)
✔ [S09:NORMAL] normal V4 status returns a successful reply (0.3872ms)
✔ [S09:WRONG_PROFILE] wrong profile has an exact public code (0.2388ms)
✔ [S09:INVALID_SIGNATURE] invalid signature has an exact public code (0.7816ms)
✔ [S09:REPLAY_CONFLICT] replay conflict has an exact public code (0.4848ms)
✔ [S09:SERVER_UNAVAILABLE] server failure has an exact public code (0.3309ms)
✔ [S09:INVALID_FORM] invalid V1 form has an exact public code (0.0872ms)
✔ [S10] V1 golden regression inventory remains present for the release run (1.6887ms)
✔ legacy participation redirects preserve only reviewed query values (0.7459ms)
✔ legacy 정수 ID는 양의 PostgreSQL int32 canonical 형식만 허용한다 (0.944ms)
✔ 대회 legacy UUID는 승인된 PostgreSQL cutover recipe와 일치한다 (0.1979ms)
✔ 미디어 legacy resolver는 유효한 숫자만 공개 매핑 port로 전달한다 (0.7576ms)
✔ legacy proxy는 GET/HEAD만 308로 이동하고 query allowlist를 적용한다 (4.3048ms)
✔ UUID mapping이 없는 legacy player detail은 영구 redirect하지 않는다 (0.3759ms)
✔ legacy account adapters preserve only reviewed canonical intent (2.1406ms)
✔ legacy statistics routes use one allowlisted canonical ranking destination (0.8258ms)
✔ reviewed administrator aliases resolve to their canonical integrated views (1.1452ms)
✔ legacy 앱 로그인은 내부 next만 보존하고 중복·외부 주소는 계정으로 축소한다 (1.0345ms)
✔ legacy 경기 목록은 canonical 공개 필터만 단일 값으로 보존한다 (0.4425ms)
✔ 동적 legacy ID와 밸런스 추천 query는 path traversal과 미검토 값을 버린다 (0.2827ms)
✔ 멸망전 참가자와 이미지 legacy deep link는 검증한 ID와 ordinal만 보존한다 (0.2341ms)
✔ 멸망전 V1 이미지 route는 1-based 번호를 canonical 0-based query로 308 이동한다 (22.171ms)
✔ legacy redirect 응답은 상대 Location과 no-store를 사용한다 (0.355ms)
✔ USER_ROUTE_MAP의 redirect 32개와 통합 20개는 모두 한 버전 호환 진입점을 가진다 (3.7675ms)
✔ admin match conflict parser accepts only a complete canonical aggregate (3.3272ms)
✔ stored instant conversion is explicit and bounded by the recorded offset (0.1459ms)
✔ admin import recovery stores only minimal expiring non-secret metadata (1.5596ms)
✔ admin import recovery is best-effort when session storage is unavailable (0.2581ms)
✔ admin import recovery rejects expired, corrupt and expanded state (0.2545ms)
✔ ambiguous admin import failures preserve the exact upload key (2.04ms)
✔ a verified latest projection is the only conflict path that changes revision or opens review (0.4559ms)
✔ latest projection parser rejects malformed or unknown state (0.2556ms)
✔ definitive client rejection retains replay while allowing an explicit file reselection (0.14ms)
✔ picker keyboard navigation skips inactive and duplicate-disabled rows (0.7776ms)
✔ match client retries preserve one key for exact body and revision (0.8516ms)
✔ submission continuation code is strict uppercase and canonical (0.8531ms)
✔ offline legacy match ids use the exact PostgreSQL int32 compatibility range (0.1422ms)
✔ MVP v1 formula is the only versioned score source (1.1517ms)
✔ MVP V1 compatibility tie-break is score, kills, deaths, assists, player id (0.3893ms)
✔ participant display identity is server-captured and retained across unrelated amendments (0.7888ms)
✔ KST date and explicit started-at offset are strict (0.1418ms)
✔ complete match input rejects unknown keys, bidi text and incomplete rosters (0.5965ms)
✔ submission input has a bounded image/game count (0.8252ms)
✔ private image validator fully decodes, checks bounds/container end and SHA (11.3676ms)
✔ fake private adapters are exact development and non-Vercel only (0.4075ms)
✔ deterministic match review passes a structurally consistent series (1.549ms)
✔ deterministic match review blocks stale aggregates and duplicate roster entries (0.2263ms)
✔ owner Kakao image sessions retain canonical target codes while hashing stable request scopes (129.5313ms)
✔ match JSON and image mutation headers reject malformed scopes with recoverable input problems (62.4547ms)
✔ match participant schema requires immutable display identity snapshots (3.9107ms)
✔ match series and each recalculation event carry nullable team-balance provenance (1.8892ms)
✔ submission audit snapshots retain a public rejection reason before reopen clears the live row (3.8686ms)
✔ public match player DTO is an exact safe allowlist including inactive profile policy (1.4287ms)
✔ match submit page accepts one canonical continuation or owned draft reference (1.4317ms)
✔ public match query is exact, duplicate-safe and date bounded (0.9225ms)
✔ admin match query separates match and submission filters (0.3159ms)
✔ admin player picker query is bounded, canonical and duplicate-safe (0.3236ms)
✔ literal substring filters escape SQL LIKE metacharacters (0.1314ms)
✔ admin player picker uses indexed prefix or exact combined Riot ID strategy (0.2005ms)
✔ public match cursor is opaque, exact and coupled to sort/order (0.8737ms)
✔ own submission history cursor is status-bound and reaches beyond the first page (1.4659ms)
✔ own submission history accepts the native all-status filter and rejects invalid values (0.3185ms)
✔ native public search forms treat empty optional filters as unselected without weakening validation (0.5717ms)
✔ mutation and source hashes use a domain-separated HMAC pepper (15.6017ms)
✔ admin direct import stays in the private submission saga and only produces review candidates (16.7898ms)
✔ storage object is compensation-deleted when the DB attach fails (5.7651ms)
✔ OCR timeout becomes a bounded FAILED candidate and manual review remains possible (3.5388ms)
✔ a finalize replay never deletes the deterministic canonical storage object (4.4375ms)
✔ a completed receipt replay returns before decode, storage and OCR work (2.6926ms)
✔ delete failure leaves a durable DELETE_PENDING cleanup request (4.2593ms)
✔ missing fake object after process restart fails closed instead of returning corrupt bytes (0.3211ms)
✔ image decode/OCR work is admitted through a bounded FIFO gate (0.4333ms)
✔ image work queue times out without leaking an active lease (24.3535ms)
✔ private storage keys bind the idempotency key while same-key retries remain stable (5.1937ms)
✔ an abort-aware never-resolving storage stage times out and reaches durable cleanup (59.7169ms)
✔ a late stage completion remains visibly DELETE_PENDING for the cleanup worker (72.4206ms)
✔ an abort-aware OCR timeout becomes review-first FAILED without holding the request (32.9511ms)
✔ OCR retry commits its durable preflight before storage and provider work (3.2932ms)
✔ OCR receipt replay returns before private storage work (2.1904ms)
✔ OCR retry deadline aborts the provider and durably finalizes a review-first failure (29.4668ms)
✔ linked review reads current selected layout with ADMIN authorization and includes all ten players in the existing catalog (97.2932ms)
✔ the optional team read never replaces a saved review or runs for terminal and unrelated submissions (53.1101ms)
✔ archived, mismatched and invalid current layouts do not offer a roster import (89.2098ms)
✔ missing or inactive players and unavailable team reads preserve the existing manual review (35.0706ms)
✔ an unauthorized linked review stops before reading submissions, drafts or catalogs (9.1422ms)
✔ selected team-balance provenance requires the exact ten-player two-team layout (0.8975ms)
✔ stalled upload body reaches an idle deadline and cancels its stream (45.4981ms)
✔ exact upload body still joins chunks under the deadline (0.6645ms)
✔ 빈 캐러셀과 한 장 캐러셀은 첫 위치를 유지한다 (0.701ms)
✔ 여러 장 캐러셀은 이전·다음 이동과 양 끝 순환을 결정적으로 계산한다 (0.124ms)
✔ 캐러셀 장수는 음수나 비정수일 수 없다 (0.3675ms)
✔ 휠 이동은 양 끝에서 페이지 세로 스크롤로 빠져나갈 수 있도록 순환하지 않는다 (0.1452ms)
✔ YouTube inputs canonicalize only supported HTTPS origins and paths (1.3727ms)
✔ highlight uses canonical video data and explicit public DTO (0.8287ms)
✔ gallery validates one to five distinct storage assets (0.807ms)
✔ publication FSM archives without hard delete and restore returns to draft (0.2349ms)
✔ home display is limited to published gallery and clears on unpublish (0.2788ms)
✔ public gallery DTO resolves only reviewed asset identifiers (0.2642ms)
✔ gallery keeps one explicit display order across private and migrated external images (0.38ms)
✔ metadata edits preserve publication status, increment revision, and reject archived content (0.3737ms)
✔ every document permits the privacy-enhanced YouTube player across client navigation while retaining other CSP boundaries (22.8592ms)
✔ admin private asset query is bounded and rejects duplicate or unknown parameters (1.5432ms)
✔ raw media upload preflight requires same origin, If-Match, bounded image MIME/size, SHA and safe name (22.0911ms)
✔ unconfigured upload storage returns the specific fail-closed problem (1.1289ms)
✔ media editor and private asset administration expose the complete safe workflow (9.0726ms)
✔ gallery editor accepts only bounded bulk upload result counts (1.8384ms)
✔ media list parsers are bounded and reject unknown query keys (1.4309ms)
✔ media commands use the existing strict YouTube parser, exact bodies, If-Match revision, and deterministic fingerprints (20.7748ms)
✔ gallery input permits only one to five distinct READY asset identifiers at the application boundary (1.152ms)
✔ gallery input accepts an explicit mixed image order without exposing arbitrary fields (0.6421ms)
✔ published asset delivery checks publication/READY via its port and never returns the storage locator (0.9764ms)
✔ V2 deterministic formula transition truthfully requires explicit admin recalculation (1.5018ms)
✔ MMR public query accepts only singular canonical allowlisted filters (2.3494ms)
✔ MMR integrated admin redirects drop unsafe and unknown query values (0.4788ms)
✔ MMR cron authenticates the exact route before opening a database service (30.3126ms)
✔ MMR cron runs one catch-up and allowlists fixed state and operational counters (1.4168ms)
✔ MMR cron reports the required administrator formula transition without pretending it is idle (2.1124ms)
✔ MMR cron sanitizes service initialization, database and lock timeout failures (2.4381ms)
✔ MMR rebuild is deterministic and ignores source array order (3.1496ms)
✔ voided and draft matches never affect profiles (0.1428ms)
✔ winner and position performance update profiles within bounded scores (0.2568ms)
✔ manual adjustments are immutable ordered events and clamp at profile bounds (0.2749ms)
✔ public and team-balance DTOs expose only bounded score summaries (0.5265ms)
✔ malformed rosters, duplicate sources and unsafe adjustments fail closed (0.5057ms)
✔ r1에서 발급한 own r2 응답은 최신 projection과 일회성 비밀번호를 함께 유지한다 (0.8278ms)
✔ r2 비밀번호 표시 중 외부 r3 projection이 도착하면 r2 비밀번호를 폐기한다 (0.138ms)
✔ r3 prop이 선반영된 뒤 도착한 늦은 r2 응답은 projection과 비밀번호 모두 거부한다 (0.1296ms)
✔ OpenAI runtime configuration is explicit, bounded and all-or-nothing (4.3857ms)
✔ Responses adapter uses the fixed official endpoint and aggregates output text safely (24.0576ms)
✔ Responses adapter fails closed for budget, authorization, rate limit and malformed output (1.1879ms)
✔ operation form payloads accept only their bounded allowlist (1.9229ms)
✔ review transitions are monotonic and revision checked (1.5535ms)
✔ delete is soft and the admin DTO excludes source, reviewer identity, and deletion metadata (0.2409ms)
✔ Kakao operation form failures distinguish integration, room and capability without exposing identifiers (0.2841ms)
✔ operational observations separate missing evidence, disabled flags and historical success (3.0123ms)
✔ daily close follows the KST 06:00 operating boundary with a 15 minute grace (0.1643ms)
✔ bounded queue thresholds and unfinished jobs draw attention without claiming delivery (0.2504ms)
✔ site settings update is revision-bound and public DTO is allowlisted (1.8783ms)
✔ AI is hard-disabled first, then checks approval, role, rate and prompt (0.2882ms)
✔ CSV backup quotes fields and neutralizes spreadsheet formulas (0.3573ms)
✔ operations HTTP input allowlists reject extra or privileged-looking fields (0.3596ms)
✔ internal job signature is scoped, expiring and nonce replay aware (2.7583ms)
✔ copy snapshot round-trips the original while retaining current authorization and identity context (1.9583ms)
✔ concurrent numbered additions keep the latest roster and use the next vacant main slot (0.9099ms)
✔ a free numbered slot is kept and a replay cannot add the same person twice (0.1889ms)
✔ copy forms cannot delete, replace, move or demote an existing original member (0.4965ms)
✔ a participant removed after the copied original never reappears from a stale form (0.2032ms)
✔ latest slot changes remain intact instead of restoring positions from the original (0.1655ms)
✔ line-specific collisions reject the submission instead of assigning a different position (0.3177ms)
✔ changing an existing line in the copy is treated as replacement, not a new signup (0.15ms)
✔ full main roster rejects concurrent additions without silently switching them to reserve (0.2466ms)
✔ explicit reserves stay reserves and concurrent reserves receive an empty reserve slot (0.2355ms)
✔ a signup already accepted concurrently is recognized by normalized name without moving that member (0.245ms)
✔ duplicate names across main and reserve are rejected after Unicode and whitespace normalization (0.2068ms)
✔ the total 99-member bound applies even when a reserve slot appears available (0.4966ms)
✔ editable copies accept already-applied draft metadata and merge a later signup (0.6376ms)
✔ editable copies delete and replace explicit original slots without collapsing gaps (0.1796ms)
✔ editable metadata merges different fields but rejects competing changes atomically (0.2087ms)
✔ editable copies preserve concurrent members, move reserves and replay the same move (0.1691ms)
✔ an editable stale copy cannot resurrect a removed participant by moving them (0.2559ms)
✔ editable conflicting replacements reject all changes and preserve concurrent cancellation (0.1845ms)
✔ editable simultaneous additions shift to free slots while explicit moves require their destination (0.8499ms)
✔ editable copies reject duplicate results, capacity overflow and full reserve rosters (0.5262ms)
▶ malformed snapshot envelopes cannot become a merge baseline
  ✔ missing (0.1202ms)
  ✔ unsupported version (0.0663ms)
  ✔ different target (0.0613ms)
  ✔ different type (0.0702ms)
  ✔ changed capacity (0.0629ms)
  ✔ text revision (0.0613ms)
  ✔ fractional revision (0.0575ms)
  ✔ negative revision (0.0685ms)
  ✔ future revision (0.0793ms)
  ✔ closed original (0.0672ms)
  ✔ invalid start (0.069ms)
  ✔ empty start (0.0901ms)
  ✔ oversize start (0.0714ms)
  ✔ invalid game (0.0832ms)
  ✔ empty game (0.0956ms)
  ✔ oversize game (0.1038ms)
  ✔ invalid organizer (0.0664ms)
  ✔ empty organizer (0.0666ms)
  ✔ non-array members (0.0656ms)
  ✔ non-object member (0.0636ms)
  ✔ missing member name (0.0798ms)
  ✔ empty member name (0.0804ms)
  ✔ oversize member name (0.0733ms)
  ✔ member control character (0.0923ms)
  ✔ zero slot (0.0691ms)
  ✔ negative slot (0.0618ms)
  ✔ fractional slot (0.0485ms)
  ✔ out-of-capacity slot (0.0555ms)
  ✔ out-of-range reserve (0.0554ms)
  ✔ invalid substitute (0.0559ms)
  ✔ invalid position (0.1763ms)
  ✔ duplicate slot (0.1805ms)
  ✔ duplicate name (0.3358ms)
  ✔ duplicate normalized name (0.1291ms)
  ✔ duplicate position (0.0961ms)
  ✔ too many members (0.055ms)
✔ malformed snapshot envelopes cannot become a merge baseline (6.6151ms)
✔ a reused empty draft cannot cancel a later join, but the returned current form can (0.149ms)
✔ player write DTO is an allowlist with normalized validated values (2.8004ms)
✔ legacy numeric ids accept only the positive PostgreSQL integer range (0.2305ms)
✔ administrator player query rejects duplicates, unknown keys, and oversized values (0.4607ms)
✔ mutation fingerprint is canonical and changes with revision or allowlisted input (0.1786ms)
✔ legacy detail mapping remains outside proxy and administrator APIs use the shared HTTP contract (6.717ms)
✔ administrator player pages present operational labels in Korean (4.6913ms)
✔ 공개 Riot 플레이어 ID는 canonical UUID만 받는다 (0.7118ms)
✔ 공개 Riot 조회는 없는 플레이어·미연동·동기화 대기·준비 완료를 구분한다 (5.1532ms)
✔ 플레이어 목록 query는 검색어·페이지 길이와 범위를 제한한다 (1.4137ms)
✔ 티어 query는 허용 목록만 받고 영문·한글 티어 표기를 같은 계열로 묶는다 (0.1677ms)
✔ 내정보 티어 선택값은 10개 티어와 다이아 이하 4단계 및 마스터 이상 점수 계약을 보존한다 (0.5516ms)
✔ 목록·상세 유스케이스는 repository port를 통해 pagination과 404 계약을 지킨다 (0.2858ms)
✔ fixture 목록도 회원명 검색과 티어 필터를 함께 적용하되 회원명은 반환하지 않는다 (0.3097ms)
✔ 공개 플레이어 projection에는 금지된 회원·계정·Discord·내부 보정 필드가 없다 (0.1556ms)
✔ 두 legacy redirect는 route별 query allowlist만 보존한다 (0.2292ms)
✔ upload validation binds declared MIME, decoded dimensions, exact container, SHA-256, and a safe name (1.7279ms)
✔ lifecycle is explicit and cleanup plans are deterministic, bounded, and DELETE_PENDING-only (18.4441ms)
✔ purpose/resource and actor authorization form a closed allowlist (0.2543ms)
✔ forbidden and absent are deliberately rendered with one outward problem (0.1704ms)
✔ public and private DTOs never expose storage keys, URL locators, creator IDs, or SHA-256 (0.6084ms)
✔ application saga rechecks ownership, blocks duplicates, finalizes only verified bytes, and reads READY only (3.2954ms)
✔ failed staging enters DELETE_PENDING; cleanup is retryable and keeps the tombstone (1.3841ms)
✔ a bounded worker sweep turns crash-abandoned STAGED rows into cleanup tombstones (0.9883ms)
✔ admin list is bounded and excludes SUPER-only purposes at the repository boundary (0.7122ms)
✔ private storage mode is one fail-closed production policy (2.3736ms)
✔ fake private storage can preload immutable local QA bytes without sharing caller buffers (141.9062ms)
✔ official SDK seam uses private deterministic collision-safe put/get/delete options (4.3881ms)
✔ connected private Blob credentials prefer OIDC and pass only the store-scoped SDK options (0.5916ms)
✔ deterministic retries are idempotent only for the same digest and DELETE_PENDING cleanup is repeatable (1.1461ms)
✔ adapter rejects traversal, mismatched digest, invalid containers and pre-aborted calls before SDK access (0.3882ms)
✔ all application and Blob boundaries share the 4 MiB server upload ceiling (0.1108ms)
✔ 공개 랭킹 세 분류는 명시된 동률 규칙으로 독립 정렬되고 원본을 바꾸지 않는다 (1.4026ms)
✔ 홈 Top 3은 상세 탭과 같은 공개 정렬 계약을 사용한다 (0.9934ms)
✔ 표시 승률이 66.7%로 같아도 667/1000은 2/3보다 정확히 앞선다 (0.2015ms)
✔ 랭킹 분류 파서는 허용된 공개 뷰만 통과시킨다 (0.1513ms)
✔ 랭킹 화면은 세 분류, 상태 안내, MMR 진입과 모바일 44px 계약을 제공한다 (1.8917ms)
✔ R23 party copy reference rejects stale, reused-number identity and prior-day forms without mutations (10.9552ms)
✔ R24 latest copy rejects deletion and duplicate names atomically (1.0443ms)
✔ R23 legacy copies are append-only for both member rows and metadata (1.6968ms)
✔ R23 unchanged full copy preserves revision, metadata and scheduled timestamp (0.8734ms)
✔ R23 blank draft activates with participant name only and no organizer (0.8222ms)
✔ ADR0011 finishing a draft cancels once and replay preserves its record and audit (0.651ms)
✔ stored numbered copies allow deletions, replacements and reserve moves in one atomic save (1.7926ms)
✔ stored numbered copies merge independent edits and preserve the latest scheduled time (2.3855ms)
✔ stored draft copies accept the same activated metadata and add the next participant (1.2621ms)
✔ stored numbered copies reject missing main, reserve and metadata fields without deleting members (6.3961ms)
✔ copy headers cannot change the locked party type or capacity even when every original row remains (4.6303ms)
✔ stored numbered explicit blanks clear metadata and roster while legacy copies remain append-only (1.0351ms)
✔ BOT idempotency fingerprints bind the signed room, sender, and command source (0.3331ms)
✔ party create, sync, status and finish use the domain while mutations commit in atomic order (1.3046ms)
✔ V4 slot patches preserve absent rows, delete explicit empty rows, and use stored party shape (1.0608ms)
✔ atomic party member commands compose on the locked latest revision and persist stable outcomes (2.1837ms)
✔ scrim participant shortcuts compose on the locked latest revision across room members (2.0803ms)
✔ party member command validation and ambiguous removal fail closed before persistence (1.9538ms)
✔ party cancel and SUPER-only reset are distinct terminal commands (0.711ms)
✔ scrim create, join, reopen, confirm, complete and cancel enforce the state machine (1.6764ms)
✔ legacy scrim form fields remain durable in the typed aggregate (0.3616ms)
✔ signed V1 scrim forms infer exactly one active destruction tournament inside the transaction (0.3898ms)
✔ signed V1 scrim inference rejects zero or multiple active destruction tournaments atomically (0.4538ms)
✔ full scrim sync is revision-bound, audited and idempotently replayed (0.8831ms)
✔ durable receipt replay returns before load and same request key with another body conflicts (0.5411ms)
✔ one signed Kakao delivery received by two installations mutates canonical room state once (0.4297ms)
✔ server-clock party metadata fallback is identical on durable replay (0.3497ms)
✔ signed V1 creates allocate the party number inside the mutation transaction (0.4596ms)
✔ a malformed replay receipt is rejected even when its request hash matches (0.3872ms)
✔ outbox failure rolls repository, audit, outbox, and receipt back together (0.29ms)
✔ BOT body binding, JOB restriction, stale revision, and authorization failures happen before mutation (1.1165ms)
✔ public party and scrim DTOs expose only reviewed fields (0.1875ms)
✔ V4 room scope allows cross-sender snapshots and finish while preserving durable event receipts (1.543ms)
✔ V4 automatic scrim number is allocated after receipt claim and replays before a second allocation (0.405ms)
✔ V4 scrim draft activates with one inferred tournament and a server-time fallback (0.4499ms)
✔ V4 request fingerprint is stable across server-resolved revisions but changes with the signed body (0.1484ms)
✔ KST recruit date is stable across the UTC day boundary (0.9331ms)
✔ KST recruit display time is stable across midnight (0.1473ms)
✔ party metadata distinguishes absent preservation from explicit empty defaults (2.1075ms)
✔ a Kakao V4 number reservation stays draft until the completed V1 form activates it (1.6068ms)
✔ party slot patches use stored type and capacity while preserving absent and deleting explicit empty slots (0.3799ms)
✔ canonical party sync returns the stored aggregate without increasing revision (0.178ms)
✔ party member mutation requires an active party and fills the first primary hole before reserve (0.985ms)
✔ party member no-ops preserve revision and removal preserves every remaining slot (0.3463ms)
✔ request fingerprint is canonical and binds actor, action, key and body (0.4121ms)
✔ party sync enforces capacity, positions, slots and optimistic revision (0.4863ms)
✔ Kakao recruit aggregates are visible and mutable only from their signed source room (0.1806ms)
✔ party primary capacity excludes candidates while the total list remains bounded (0.2468ms)
✔ party terminal transitions do not permit mutation or replay with a new command (0.2089ms)
✔ auto finish respects scheduled protection and idle window (0.2334ms)
✔ scrim follows recruiting, matched, confirmed and completed states (0.2619ms)
✔ scrim opponent can be reopened but requester cannot join itself (0.153ms)
✔ full scrim sync replaces V1 form fields but binds date, number, tournament and revision (0.4235ms)
✔ public party DTO excludes room, sender, notes and request keys by construction (0.166ms)
✔ Kakao command access separates public create/read/join from controller lifecycle changes (0.1521ms)
✔ V1 room members may update and close shared forms without weakening raw V2 (0.0962ms)
✔ Kakao creator, joined opponent leader, or trusted operator controls lifecycle commands (0.1067ms)
✔ public scrim join binds the opponent leader and reopen clears that controller (0.0815ms)
✔ recruiting JSON boundary accepts only reviewed create fields (1.4369ms)
✔ raw V2 recruit commands require an operator or explicit non-production development mode (0.1794ms)
✔ signed V1 compatibility targets are exact while raw V2 cannot smuggle extra fields (0.7628ms)
✔ party member command boundary accepts exactly one bounded name (0.1745ms)
✔ scrim boundary validates UUID seams and command allowlists (0.4779ms)
✔ command scope is bound to both actor and action (0.1364ms)
✔ recruiting operating day changes exactly at 06:00 KST (2.2842ms)
✔ signed party targets use the envelope instant and the 06:00 KST operating boundary (10.9282ms)
✔ signed scrim templates and targets use the same 06:00 KST operating boundary (2.6361ms)
✔ Kakao webhook binds HMAC to timestamp, nonce, room, sender, and raw body with key rotation (2.9821ms)
✔ Kakao webhook rejects stale/replayed, forbidden room/sender, and bot-self requests (2.1256ms)
✔ same allowed room accepts arbitrary members A/B/C without granting operator capabilities (1.1739ms)
✔ malformed signatures and unsafe request structure fail closed (0.3011ms)
✔ Riot cron rejects invalid requests before runtime access and noops when unconfigured (26.4061ms)
✔ Riot cron signs one bounded consumer call with a fresh replay nonce and returns only safe counters (1.5625ms)
✔ disabled Riot cron is a safe noop; unexpected errors stay opaque (0.84ms)
✔ missing RSO never supplies state or verified identity (0.5153ms)
✔ key probe requests only fixed KR status once, discards body, and exposes no credentials (1.2703ms)
✔ probe HTTP authenticates exact empty request and rejects caller URLs before invocation (3.792ms)
✔ S12 schema exposes durable ledgers without OAuth token/code/request-log columns (1.9973ms)
✔ 0014 migration and snapshot add only the S12 Riot schema (21.2991ms)
✔ Riot production feature flag is exact and fail-closed by default (0.1771ms)
✔ explicit fake runtime adapter connects application mutations to safe query DTOs (8.1785ms)
✔ admin Riot query is bounded and rejects duplicate or unknown HTTP parameters (0.6119ms)
✔ public, owner, admin HTTP routes and responsive UI states are present (10.5844ms)
✔ scheduled sync queues one connected account, keeps direct links unverified and respects six hours (9.728ms)
✔ queued sync is cancelled after disconnect and stale exhausted leases cannot block later jobs (2.591ms)
✔ sync discards a provider response when owner disconnects during the network request (1.3651ms)
✔ a provider rate limit pauses both queued consumption and scheduled account discovery (1.1011ms)
✔ approved owner direct link/unlink is transactional, idempotent, and never leaks PUUID (0.7973ms)
✔ direct and RSO links must match the player's canonical registry Riot ID (2.0095ms)
✔ feature flag fails closed and outbox failure rolls link, audit, and receipt back together (0.5994ms)
✔ RSO callback is internal-return, expiring, one-time and exchange-idempotent across response replay (1.9956ms)
✔ only SUPER_ADMIN can bulk/sync-all while owner is restricted to the owned link (1.2754ms)
✔ SUPER bulk-link derives registry Riot IDs and atomically records exact replay (1.5408ms)
✔ bulk-link rolls every successful link back when durable event recording fails (2.354ms)
✔ sync enforces cooldown, Retry-After, stale lease recovery and partial completion (1.6538ms)
✔ recent solo summary persists only when complete; missing data preserves rank and 429 retains retry (2.027ms)
✔ sync-all reuses active work and schedules cooling accounts without blocking the whole population (2.0363ms)
✔ analytics persists useful partial facts during backoff, reuses its cache, and discards data after a concurrent identity change (3.6557ms)
✔ partial diagnostics survive application, audit and outbox while rank and retry policy stay intact (4.7759ms)
✔ Riot IDs normalize NFKC and reject separators or oversized tags (1.6907ms)
✔ RSO return path cannot escape origin (0.1766ms)
✔ RSO state is owner-bound, expiring and one-time (0.3452ms)
✔ disconnect clears encrypted PUUID and hides existence from another owner (0.1707ms)
✔ sync jobs retry rate limits and transient failures with bounded backoff (0.4653ms)
✔ last allowed transient attempt becomes terminal failure (0.1637ms)
✔ last allowed rate-limited attempt retains its provider cooldown after terminal failure (0.1642ms)
✔ stale RUNNING lease is recoverable and the old worker cannot finish it (0.178ms)
✔ invalid upstream Retry-After is rejected rather than creating an invalid schedule (0.1532ms)
✔ permanent upstream failure never retries (2.0474ms)
✔ public Riot DTO excludes PUUID, owner and request-log provenance (2.7609ms)
✔ partial diagnostics preserve bounded provider codes without response bodies (25.0102ms)
✔ partial diagnostics distinguish the total budget from a failed provider payload (4.1965ms)
✔ partial diagnostics retain a request timeout without exceeding the existing total budget (1007.4147ms)
✔ partial rank diagnostics preserve available fields and distinguish unranked (1.4334ms)
✔ a timed-out response body remains a timeout for analytics and rank, not invalid JSON (2009.6248ms)
✔ partial diagnostics distinguish invalid match and timeline while keeping usable facts (5.266ms)
✔ partial diagnostics identify incomplete cached solo samples without detail refetch (0.6507ms)
✔ partial diagnostics never replace rate-limit backoff or a genuine rank failure (0.6975ms)
✔ domain only retains allowlisted partial codes and public snapshots keep their existing shape (0.6954ms)
✔ analytics allowlists player and timeline facts, preserves missing stats, and discards provider identities (11.4647ms)
✔ turret plates use the optional official challenge count and keep unavailable values separate from zero (2.13ms)
✔ known unsupported or aborted games do not trap the historical cursor, while malformed normal matches remain incomplete (27.1416ms)
✔ only verified public matchmaking is archived; custom, tutorial and unknown queues advance without disclosure (11.5595ms)
✔ duplicate timeline frames merge deterministically, keeping legitimate same-millisecond item counts (1.6926ms)
✔ analytics reuses a match across solo/recent pages, collects a timeline, then serves cache without detail refetch (2.7315ms)
✔ timeline failures preserve match facts and a 429 stops all further provider requests with Retry-After (1.6688ms)
✔ unsupported successful timelines do not starve older games while transport failures remain retryable (13.5129ms)
✔ the history cursor advances only after a complete bounded older batch, and never erases earlier progress on failure (1.6356ms)
✔ invalid match IDs, malformed cursors and a 25-second budget are bounded before more upstream work (0.524ms)
✔ a new non-overlapping latest page reopens completed or ongoing history and subsequently collects the hidden gap (25.9468ms)
✔ a partial gap restart preserves a safe cursor across backoff and overlap keeps ordinary history progress (9.669ms)
✔ an already observed all-private latest page cannot repeatedly reset older public-game backfill (35.9351ms)
✔ public analytics rejects invalid IDs, ambiguous and malformed cursors before storage access (120.2523ms)
✔ public match rejects extraneous queries and unsafe identifiers before storage access (11.8449ms)
✔ public analytics and match distinguish unavailable, hidden and stored public data (59.2093ms)
✔ match growth series compares the matching enemy lane and uses actual frame timestamps (5.0079ms)
✔ match growth series does not count missing participants or statistics as zero (0.6159ms)
✔ Report snapshots persist computed historical results and filters without raw matches or participant identities (4.1724ms)
✔ Malformed browser snapshots are rejected rather than crashing the report view (2.976ms)
✔ Multiple patch selections use a union and still intersect with other filters (1.4478ms)
✔ Purchase history removes undone purchases before classifying starting items and ordered cores (1.5588ms)
✔ Build adoption denominator includes observed matches that ended before a second core but excludes missing timelines (0.8655ms)
✔ Skill patterns preserve observed sequence and never infer missing level-ups (0.2963ms)
✔ Special map items use the official map classification and mode-specific adoption denominators (0.3997ms)
✔ Riot player filters compose over Korea dates, positions, patches and queues without changing the source (2.3715ms)
✔ Riot aggregations exclude remakes, preserve unknown roles and do not turn missing provider statistics into zero (1.042ms)
✔ Riot KDA uses aggregate kills and deaths; per-minute values use each actual game duration (0.1598ms)
✔ Champion turret-plate averages use observed values only, preserve real zero and exclude remakes (0.2165ms)
✔ Observed rank coordinates remain continuous across promotion and do not fabricate missing ranks (0.1959ms)
✔ Encounter summaries distinguish repeated same-team players from same-role opponent champions (0.5187ms)
✔ Encounter names keep the same order when server and browser default locales differ (0.9935ms)
✔ Build aggregation treats reordered slots as one combination and excludes empty slots and trinkets (0.3176ms)
✔ Laning and early participation reports require real timeline coverage rather than approximated results (1.0035ms)
✔ PUUID encryption is authenticated, opaque and rotation-ready (2.3698ms)
✔ Riot gateway resolves Riot ID and reads the SOLO queue through bounded official endpoints (24.0354ms)
✔ Riot gateway classifies 429, 404, 5xx and malformed responses without exposing credentials (1.1351ms)
✔ production API configuration is independent of optional RSO and binds the exact callback (0.6236ms)
✔ RSO state is HMAC-bound and authorization URL never includes the client secret (1.2758ms)
✔ 0020 adds only the protected exchange cache and signed sync consumer route (1.0558ms)
✔ public Riot profile separates unlinked, connected, stale, temporary and rate-limited states (1.3406ms)
✔ recent solo uses queue 420, 20 matches, at most two concurrent requests and a summary-only result (160.8228ms)
✔ empty history and explicit remakes are known zero samples while malformed or wrong-scope details are unavailable (1.1123ms)
✔ rate limiting stops subsequent chunks and propagates bounded Retry-After (0.8518ms)
✔ total time, response size, unsafe IDs and duplicate IDs are bounded before further provider reads (1.2856ms)
✔ stored recent-solo summaries reject extra identity data, invalid counts and invalid numeric values (0.2597ms)
✔ season domain normalizes names and produces stable canonical JSON (0.8945ms)
✔ KST application date is independent of server timezone (25.8371ms)
✔ only an active season inside its application window accepts applications (0.2872ms)
✔ admin datetime-local values are converted to and from explicit KST instants (1.6753ms)
✔ client idempotency keys stay stable until success and follow the payload fingerprint (0.3056ms)
✔ application position UI never offers or preserves an ALL mixture (0.7517ms)
✔ season commands require exact JSON keys, safe text and zoned ISO dates (1.2503ms)
✔ admin season query parser rejects unknown, duplicate, noncanonical and unsafe values (0.5954ms)
✔ SITE and completed administrator decisions deterministically win Kakao merges (0.5272ms)
✔ Kakao pending filters are bounded and canonical (0.6904ms)
✔ Kakao pending mutations carry SUPER intent, revision and deterministic fingerprint (0.8472ms)
✔ statistics public queries accept only singular canonical allowlisted values (1.2158ms)
✔ statistics recalculate command binds exact body, projection revision and idempotency identity (0.9919ms)
✔ bounded statistics drain stops on idle, failure and hard event limit (1.2855ms)
✔ season projection deterministically counts games, distinct series, stored MVP and dimensions (1.4908ms)
✔ participation counts a multi-game series once and S05 never derives a missing MVP (0.3752ms)
✔ canonical ranking uses exact rational win rate, stable identity and sequential rank (0.2643ms)
✔ public ranking DTO is an exact allowlist (0.1372ms)
✔ statistics cron rejects credentials, query overrides, wrong path and method before opening the database (24.0705ms)
✔ authenticated empty queue is a no-op; a request never consumes more than ten events (2.7357ms)
✔ time budget finishes the current event and stops before claiming another (1.2629ms)
✔ failed event stops the batch, returns retryable status and exposes no event or raw error (1.107ms)
✔ database setup, claim and release failures remain retryable without disclosing internals (2.375ms)
✔ affected seasons dedupe and lock in canonical order for every S04 action scope (1.128ms)
✔ application passes old/new season rebuild scope to one atomic repository operation (0.2148ms)
✔ application reports idle and releases a failed exact lease without touching READY data (0.2301ms)
✔ statistics failure storage allowlists domain and SQLSTATE codes without copying raw errors (0.2385ms)
✔ storage probe rejects invalid signature, route, query and body before any job dependency (34.7225ms)
✔ storage probe uses a generated UUID and exposes only the matching anonymous trace (1.576ms)
✔ storage probe preserves replay/rate-limit status and hides job exceptions (2.9233ms)
✔ storage probe reads exact bytes and removes only its new diagnostic object (2.0666ms)
✔ ambiguous write failure is compensated and raw errors never escape (0.4165ms)
✔ cleanup failure is visible and arbitrary keys are rejected before storage access (1.0637ms)
✔ probe bytes pass the production image adapter and cleanup reads bypass the CDN (5.69ms)
✔ team balance vocabulary and neutral provider defaults are explicit (123.455ms)
✔ input rejects oversized, duplicate, missing-position, and invalid-score cases (1.3149ms)
✔ the V1 global recommendation is one lossless 5:5 layout with every position exactly once (97.3842ms)
✔ V1 global recommendation is deterministic regardless of request order (140.0548ms)
✔ mixed legacy and new player ids keep a total order across forward, reverse and rotate (1160.2812ms)
✔ V1 search evaluates 126 anchored team splits and each team's best permutation (36.6386ms)
✔ automatic and manual paths return the exact same scoring-kernel breakdown (36.5286ms)
✔ position rating overrides overall and confidence shrinks unknown data toward 50 (48.6261ms)
✔ positions omitted from the request remain legal V1 AUTO assignments (34.4953ms)
✔ [V1 blueblack golden] score uses tier, inhouse, position experience and the data-missing path (0.9245ms)
✔ share text keeps the V1 line order and excludes draft ids, account ids and links (51.5873ms)
✔ manual evaluation rejects duplicate players and incomplete team-position coverage (0.358ms)
✔ team override HTTP binds origin, scope, revision and idempotency; response is private and replayable (36.0598ms)
✔ override route and Korean control retain ADMIN read, SUPER mutation and optimistic concurrency (5.0577ms)
✔ team-only overrides retain the existing -1000..1000 integer contract without touching MMR inputs (2.0248ms)
✔ 팀 밸런스 초안 목록 query는 단일·제한된 페이지 값만 허용한다 (5.0423ms)
✔ 팀 밸런스 후보 query는 플레이어 검색과 최근 신청 출처만 허용한다 (1.8717ms)
✔ recommendation list and detail queries use exact draft/team allowlists (2.4555ms)
✔ recommendation API requires one explicit RED or BLUE team (0.2665ms)
✔ team recommendations are deterministic, position ordered, and ban champions are unique (1.9216ms)
✔ team recommendations keep selected lineup for an unavailable projection (0.1448ms)
✔ team recommendations do not infer an unselected candidate (0.0974ms)
✔ 랜덤 팀 legacy redirect는 mode와 PWA source allowlist만 보존한다 (1.3867ms)
✔ 팀 밸런스 legacy redirect는 검토한 PWA source만 보존한다 (0.2815ms)
✔ 코인 토스 legacy redirect는 PWA source만 보존한다 (0.2017ms)
✔ random-team parser accepts common numbered and bullet list forms (1.9157ms)
✔ random-team parser reports exact participant counts (0.1625ms)
✔ duplicate display names remain distinct slots and are disclosed (0.4874ms)
✔ seeded Fisher-Yates is replayable, non-mutating, and preserves every slot (0.4982ms)
✔ uniform index rejects the modulo-bias tail (0.1524ms)
✔ random teams remain a lossless 5:5 partition across seeds (1.6336ms)
✔ simple tier mapping is the V2 1-to-10 contract (0.185ms)
✔ tier balance is deterministic and reaches the exhaustive minimum (1.2973ms)
✔ tier balance rejects forged scores and duplicate slots (0.6094ms)
✔ coin toss follows idle-playing-revealed and blocks illegal transitions (0.386ms)
✔ seeded coin toss reaches both sides and replays each seed (0.3944ms)
✔ RFC 6238 SHA-1 vector produces the expected six digit suffix (1.1063ms)
✔ TOTP verifier accepts only the configured time window (0.9424ms)
✔ usage route templates remove identifiers, queries and sensitive pages (1.6247ms)
✔ event ingestion rejects arbitrary text, client identity and unreviewed targets (1.2168ms)
✔ KST range respects midnight, calendar boundaries and bounded retention (2.9751ms)
✔ collection requires explicit production configuration and filters recognizable bots (0.2386ms)
✔ signed visitor cookies reject forgery and key changes (0.7413ms)
✔ USER_ROUTE_MAP canonical 사용자 경로 39개가 중복 없이 분류된다 (1.2978ms)
✔ page-contract로 표시한 사용자 경로는 실제 App Router 페이지가 있다 (2.2725ms)
✔ 공지·뉴스·패치노트는 현재 V1 기능 계약에 없으므로 V2 canonical을 꾸며내지 않는다 (0.7936ms)
✔ 현재 경로 표시는 홈을 하위 경로 전체에 오인 적용하지 않는다 (0.138ms)
✔ 전역 명령 팔레트는 검색 dialog·단축키·방향키 탐색 계약을 제공한다 (0.8075ms)
✔ Every task can be found by plain Korean intent before login (3.6522ms)
✔ List return preserves exact filters and rejects external or sibling destinations (0.2702ms)
✔ Support consent is explicit and unknown or oversized inputs fail closed (0.5703ms)
✔ Route metadata covers public and protected pages without indexing private activity (0.5622ms)
✔ Search Enter opens a matching task and offers an explicit player search separately (0.7537ms)
✔ Vercel cron accepts only the exact timing-safe Bearer secret (0.7409ms)
✔ daily close identity changes at 06:00 KST and remains stable for delayed retries (2.1965ms)
✔ invalid cron clocks fail closed before any repository input is made (0.4349ms)
ℹ tests 1069
ℹ suites 0
ℹ pass 1068
ℹ fail 0
ℹ cancelled 0
ℹ skipped 1
ℹ todo 0
ℹ duration_ms 7657.2569

> klol-gg-v2@0.1.0 verify:home-guide-art
> tsx scripts/home/verify-female-guide-art.ts

여성 챔피언 68명 · 개별 이미지 68개 · 1672x940 · SHA-256 중복 0건

> klol-gg-v2@0.1.0 build
> next build

▲ Next.js 16.3.8 (Turbopack)
✓ Running next.config.ts took 25ms

  Creating an optimized production build ...
✓ Compiled successfully in 5.3s
  Running TypeScript ...
  Finished TypeScript in 5.3s ...
  Collecting page data using 15 workers ...
  Generating static pages using 15 workers (0/102) ...
  Generating static pages using 15 workers (25/102) 
  Generating static pages using 15 workers (50/102) 
  Generating static pages using 15 workers (76/102) 
✓ Generating static pages using 15 workers (102/102) in 237ms
  Finalizing page optimization ...

Route (app)                                                             Revalidate  Expire
┌ ƒ /
├ ƒ /_not-found
├ ƒ /account
├ ƒ /account/discipline
├ ƒ /account/password
├ ƒ /account/riot
├ ƒ /account/tier
├ ƒ /admin
├ ƒ /admin/ai-requests
├ ƒ /admin/balance
├ ƒ /admin/balance-ai
├ ƒ /admin/balance-ai/players
├ ƒ /admin/balance-ai/recalculate
├ ƒ /admin/balance-ai/reviews
├ ƒ /admin/balance-ai/reviews/[reviewId]
├ ƒ /admin/balance/drafts
├ ƒ /admin/balance/drafts/[draftId]
├ ƒ /admin/balance/drafts/[draftId]/recommendations
├ ƒ /admin/balance/recommendations
├ ƒ /admin/champions
├ ƒ /admin/champions/[championId]/edit
├ ƒ /admin/champions/new
├ ƒ /admin/discipline
├ ƒ /admin/discipline/[recordId]
├ ƒ /admin/discipline/new
├ ƒ /admin/highlights
├ ƒ /admin/highlights/[highlightId]/edit
├ ƒ /admin/highlights/new
├ ƒ /admin/images
├ ƒ /admin/images/[imageId]/edit
├ ƒ /admin/images/new
├ ƒ /admin/kakao
├ ƒ /admin/kakao/operation-forms
├ ƒ /admin/kakao/operation-forms/[formType]
├ ƒ /admin/kakao/recruits
├ ƒ /admin/kakao/recruits/logs
├ ƒ /admin/kakao/recruits/settings
├ ƒ /admin/kakao/rooms
├ ƒ /admin/kakao/scrims
├ ƒ /admin/kakao/season-apply
├ ƒ /admin/kakao/settings
├ ƒ /admin/kakao/stats
├ ƒ /admin/login
├ ƒ /admin/logs
├ ƒ /admin/logs/kakao
├ ƒ /admin/matches
├ ƒ /admin/matches/[matchId]
├ ƒ /admin/matches/[matchId]/ai-review
├ ƒ /admin/matches/[matchId]/edit
├ ƒ /admin/matches/new
├ ƒ /admin/matches/submissions/[submissionId]
├ ƒ /admin/operation-forms
├ ƒ /admin/operation-forms/[formType]
├ ƒ /admin/operation-forms/[formType]/[id]
├ ƒ /admin/operation-forms/warnings
├ ƒ /admin/players
├ ƒ /admin/players/[playerId]
├ ƒ /admin/players/[playerId]/balance
├ ƒ /admin/players/[playerId]/edit
├ ƒ /admin/players/[playerId]/riot
├ ƒ /admin/players/new
├ ƒ /admin/private-assets
├ ƒ /admin/private-assets/[assetId]
├ ƒ /admin/progress
├ ƒ /admin/progress/destruction
├ ƒ /admin/progress/destruction/[tournamentId]
├ ƒ /admin/progress/destruction/new
├ ƒ /admin/progress/event
├ ƒ /admin/progress/event/[eventId]
├ ƒ /admin/progress/event/new
├ ƒ /admin/recruits
├ ƒ /admin/riot
├ ƒ /admin/search
├ ƒ /admin/seasons
├ ƒ /admin/seasons/kakao-pending
├ ƒ /admin/seasons/kakao-pending/[pendingId]
├ ƒ /admin/security
├ ƒ /admin/site-settings
├ ƒ /admin/usage
├ ƒ /admin/users
├ ƒ /admin/users/[userAccountId]
├ ƒ /ai-balance
├ ƒ /ai-balance/players
├ ƒ /api/admin/ai-requests
├ ƒ /api/admin/backups/[kind]
├ ƒ /api/admin/balance-ai/adjustments
├ ƒ /api/admin/balance-ai/players
├ ƒ /api/admin/balance-ai/recalculate
├ ƒ /api/admin/balance-ai/reviews
├ ƒ /api/admin/balance-ai/summary
├ ƒ /api/admin/balance-ai/team-overrides
├ ƒ /api/admin/champions
├ ƒ /api/admin/champions/[championId]
├ ƒ /api/admin/competitions/destruction
├ ƒ /api/admin/competitions/destruction/[tournamentId]
├ ƒ /api/admin/competitions/events
├ ƒ /api/admin/competitions/events/[eventId]
├ ƒ /api/admin/dashboard
├ ƒ /api/admin/discipline-records
├ ƒ /api/admin/discipline-records/[recordId]
├ ƒ /api/admin/discipline-records/target-options
├ ƒ /api/admin/discipline-tasks/[taskId]/review
├ ƒ /api/admin/discipline/assets/[assetId]
├ ƒ /api/admin/highlights
├ ƒ /api/admin/highlights/[highlightId]
├ ƒ /api/admin/highlights/[highlightId]/assets
├ ƒ /api/admin/images
├ ƒ /api/admin/images/[imageId]
├ ƒ /api/admin/images/[imageId]/assets
├ ƒ /api/admin/images/[imageId]/home-display
├ ƒ /api/admin/kakao/recruit-health
├ ƒ /api/admin/kakao/rooms
├ ƒ /api/admin/kakao/settings
├ ƒ /api/admin/kakao/stats
├ ƒ /api/admin/login
├ ƒ /api/admin/logout
├ ƒ /api/admin/logs
├ ƒ /api/admin/logs/stats
├ ƒ /api/admin/maintenance/admin-log-cleanup
├ ƒ /api/admin/maintenance/rate-limit-cleanup
├ ƒ /api/admin/matches
├ ƒ /api/admin/matches/[matchId]
├ ƒ /api/admin/matches/[matchId]/publish
├ ƒ /api/admin/matches/[matchId]/restore
├ ƒ /api/admin/matches/[matchId]/void
├ ƒ /api/admin/matches/editor-options/players
├ ƒ /api/admin/matches/import
├ ƒ /api/admin/matches/integrity
├ ƒ /api/admin/matches/submissions
├ ƒ /api/admin/matches/submissions/[submissionId]
├ ƒ /api/admin/matches/submissions/[submissionId]/approve
├ ƒ /api/admin/matches/submissions/[submissionId]/cancel-import
├ ƒ /api/admin/matches/submissions/[submissionId]/images/[imageId]
├ ƒ /api/admin/matches/submissions/[submissionId]/images/[imageId]/ocr
├ ƒ /api/admin/matches/submissions/[submissionId]/reject
├ ƒ /api/admin/matches/submissions/[submissionId]/reopen
├ ƒ /api/admin/matches/submissions/[submissionId]/review-draft
├ ƒ /api/admin/operation-forms
├ ƒ /api/admin/operation-forms/[formType]/[id]
├ ƒ /api/admin/players
├ ƒ /api/admin/players/[playerId]
├ ƒ /api/admin/players/[playerId]/balance-profile
├ ƒ /api/admin/players/[playerId]/password-reset
├ ƒ /api/admin/players/[playerId]/reactivate
├ ƒ /api/admin/private-assets
├ ƒ /api/admin/private-assets/[assetId]
├ ƒ /api/admin/private-assets/[assetId]/metadata
├ ƒ /api/admin/recruits
├ ƒ /api/admin/recruits/[recruitId]
├ ƒ /api/admin/riot
├ ƒ /api/admin/riot/bulk
├ ƒ /api/admin/riot/bulk-link
├ ƒ /api/admin/riot/link
├ ƒ /api/admin/riot/retry
├ ƒ /api/admin/riot/sync
├ ƒ /api/admin/season-applications
├ ƒ /api/admin/season-applications/[applicationId]/review
├ ƒ /api/admin/season-kakao-pending
├ ƒ /api/admin/season-kakao-pending/[pendingId]
├ ƒ /api/admin/season-kakao-pending/[pendingId]/cancel
├ ƒ /api/admin/season-kakao-pending/[pendingId]/resolve
├ ƒ /api/admin/seasons
├ ƒ /api/admin/seasons/[seasonId]
├ ƒ /api/admin/seasons/[seasonId]/activate
├ ƒ /api/admin/seasons/[seasonId]/clone
├ ƒ /api/admin/seasons/[seasonId]/end
├ ƒ /api/admin/security/totp
├ ƒ /api/admin/security/totp/disable
├ ƒ /api/admin/security/totp/enable
├ ƒ /api/admin/security/totp/setup
├ ƒ /api/admin/session
├ ƒ /api/admin/site-settings
├ ƒ /api/admin/stats/consistency
├ ƒ /api/admin/stats/recalculate
├ ƒ /api/admin/team-tools/drafts/[draftId]
├ ƒ /api/admin/team-tools/drafts/[draftId]/archive
├ ƒ /api/admin/team-tools/drafts/[draftId]/recommendations
├ ƒ /api/admin/team-tools/drafts/[draftId]/reevaluate
├ ƒ /api/admin/team-tools/drafts/[draftId]/restore
├ ƒ /api/admin/team-tools/drafts/[draftId]/save
├ ƒ /api/admin/team-tools/drafts/[draftId]/select
├ ƒ /api/admin/usage/export
├ ƒ /api/admin/users
├ ƒ /api/admin/users/[userAccountId]
├ ƒ /api/admin/users/[userAccountId]/2fa-reset
├ ƒ /api/admin/users/[userAccountId]/approve
├ ƒ /api/admin/users/[userAccountId]/delete
├ ƒ /api/admin/users/[userAccountId]/details
├ ƒ /api/admin/users/[userAccountId]/password-reset
├ ƒ /api/admin/users/[userAccountId]/reject
├ ƒ /api/admin/users/[userAccountId]/reset
├ ƒ /api/admin/users/[userAccountId]/reset-pending
├ ƒ /api/admin/users/[userAccountId]/restore
├ ƒ /api/admin/users/[userAccountId]/role
├ ƒ /api/admin/users/[userAccountId]/suspend
├ ƒ /api/ai/chat
├ ƒ /api/applications/available
├ ƒ /api/applications/season
├ ƒ /api/auth/login
├ ƒ /api/auth/logout
├ ƒ /api/auth/me
├ ƒ /api/auth/me/player
├ ƒ /api/auth/password
├ ƒ /api/auth/password/forgot
├ ƒ /api/auth/reset-requests
├ ƒ /api/auth/signup
├ ƒ /api/champions
├ ƒ /api/champions/[championId]
├ ƒ /api/competitions/destruction
├ ƒ /api/competitions/destruction/[tournamentId]
├ ƒ /api/competitions/destruction/[tournamentId]/application
├ ƒ /api/competitions/destruction/[tournamentId]/mvp-vote
├ ƒ /api/competitions/events
├ ƒ /api/competitions/events/[eventId]
├ ƒ /api/competitions/events/[eventId]/application
├ ƒ /api/cron/destruction-ratings
├ ƒ /api/cron/kakao-daily-close
├ ƒ /api/cron/mmr-projection
├ ƒ /api/cron/riot-sync
├ ƒ /api/cron/statistics-projection
├ ƒ /api/cron/support-retention
├ ƒ /api/discipline/stats
├ ƒ /api/health
├ ƒ /api/highlights
├ ƒ /api/highlights/[highlightId]
├ ƒ /api/images
├ ƒ /api/images/[imageId]
├ ƒ /api/integrations/kakao/image-receive
├ ƒ /api/integrations/kakao/managed-forms
├ ƒ /api/integrations/kakao/openchat
├ ƒ /api/integrations/kakao/operation-forms
├ ƒ /api/integrations/kakao/pair-room
├ ƒ /api/integrations/kakao/recruits
├ ƒ /api/integrations/kakao/scheduled-notice
├ ƒ /api/integrations/kakao/search-player
├ ƒ /api/integrations/kakao/season-applications
├ ƒ /api/integrations/kakao/site-notices
├ ƒ /api/integrations/kakao/v4/commands
├ ƒ /api/internal/jobs/discipline-assets-cleanup
├ ƒ /api/internal/jobs/discipline-assets-recover
├ ƒ /api/internal/jobs/kakao-daily-close
├ ƒ /api/internal/jobs/maintenance
├ ƒ /api/internal/jobs/riot-api-probe
├ ƒ /api/internal/jobs/riot-sync
├ ƒ /api/internal/jobs/storage-probe
├ ƒ /api/kakao/destruction-scrim-recruits/[action]
├ ƒ /api/kakao/image-receive
├ ƒ /api/kakao/managed-forms
├ ƒ /api/kakao/openchat
├ ƒ /api/kakao/operation-forms
├ ƒ /api/kakao/party-recruits/[action]
├ ƒ /api/kakao/recruit/season-apply
├ ƒ /api/kakao/recruit/season-apply/status
├ ƒ /api/kakao/scheduled-notice
├ ƒ /api/kakao/search-player
├ ƒ /api/matches
├ ƒ /api/matches/[matchId]
├ ƒ /api/me/discipline/assets/[assetId]
├ ƒ /api/me/discipline/tasks
├ ƒ /api/me/discipline/tasks/[taskId]
├ ƒ /api/me/discipline/tasks/[taskId]/evidence
├ ƒ /api/me/discipline/tasks/[taskId]/evidence/[assetId]/submit
├ ƒ /api/me/discipline/tasks/[taskId]/kakao-session
├ ƒ /api/me/match-submissions
├ ƒ /api/me/match-submissions/[code]
├ ƒ /api/me/match-submissions/[code]/cancel
├ ƒ /api/me/match-submissions/[code]/images
├ ƒ /api/me/match-submissions/[code]/images/[imageId]
├ ƒ /api/me/match-submissions/[code]/kakao-session
├ ƒ /api/me/riot
├ ƒ /api/me/riot/rso/callback
├ ƒ /api/me/riot/rso/start
├ ƒ /api/me/riot/sync
├ ƒ /api/media/assets/[assetId]
├ ƒ /api/rankings
├ ƒ /api/rankings/mmr
├ ƒ /api/recruits
├ ƒ /api/riot/player/[playerId]/analytics
├ ƒ /api/riot/player/[playerId]/matches/[matchId]
├ ƒ /api/riot/player/[playerId]/summary
├ ƒ /api/seasons
├ ƒ /api/seasons/current
├ ƒ /api/site-settings
├ ƒ /api/stats/player/[playerId]/recent
├ ƒ /api/stats/player/[playerId]/summary
├ ƒ /api/stats/top
├ ƒ /api/support
├ ƒ /api/team-tools/candidates
├ ƒ /api/team-tools/drafts
├ ƒ /api/team-tools/drafts/[draftId]
├ ƒ /api/team-tools/drafts/[draftId]/recommendations
├ ƒ /api/team-tools/drafts/[draftId]/reevaluate
├ ƒ /api/team-tools/drafts/[draftId]/save
├ ƒ /api/team-tools/drafts/[draftId]/select
├ ƒ /api/usage/events
├ ƒ /app
├ ƒ /app/account
├ ƒ /app/coin-toss
├ ƒ /app/install
├ ƒ /app/login
├ ƒ /app/matches
├ ƒ /app/matches/[matchId]
├ ƒ /app/me
├ ƒ /app/me/riot
├ ƒ /app/players
├ ƒ /app/players/[legacyId]
├ ƒ /app/progress/destruction/[tournamentId]
├ ƒ /app/progress/destruction/[tournamentId]/mvp-vote
├ ƒ /app/progress/event/[eventId]
├ ƒ /app/random-team
├ ƒ /app/rankings
├ ƒ /app/recruits
├ ƒ /applications
├ ƒ /balance
├ ƒ /coin-toss
├ ƒ /competitions
├ ƒ /competitions/destruction
├ ƒ /competitions/destruction/[tournamentId]
├ ƒ /competitions/events
├ ƒ /competitions/events/[eventId]
├ ƒ /destruction-auction-live/[tournamentId]
├ ƒ /discipline
├ ƒ /discipline/evidence
├ ƒ /forbidden
├ ƒ /forgot-password
├ ƒ /help
├ ƒ /help/contact
├ ƒ /help/kakao
├ ƒ /help/recruits
├ ƒ /help/riot
├ ƒ /highlights
├ ƒ /highlights/[highlightId]
├ ○ /icon.svg
├ ƒ /images
├ ƒ /images/[imageId]
├ ƒ /install
├ ƒ /kakao
├ ƒ /login
├ ○ /manifest.webmanifest
├ ƒ /matches
├ ƒ /matches/[matchId]
├ ƒ /matches/submissions
├ ƒ /matches/submit
├ ƒ /me/player
├ ƒ /me/riot
├ ƒ /participation
├ ƒ /participation/destruction/[tournamentId]
├ ƒ /participation/destruction/[tournamentId]/captain-points
├ ƒ /participation/destruction/[tournamentId]/participants
├ ƒ /participation/destruction/[tournamentId]/participants/[playerId]
├ ƒ /participation/event/[eventId]
├ ƒ /participation/season
├ ƒ /players
├ ƒ /players/[playerId]
├ ƒ /players/[playerId]/riot
├ ƒ /players/balance
├ ƒ /players/balance/drafts
├ ƒ /players/balance/drafts/[draftId]
├ ƒ /players/balance/drafts/[draftId]/recommendations
├ ƒ /players/balance/recommendations
├ ƒ /privacy
├ ƒ /progress
├ ƒ /progress/destruction
├ ƒ /progress/destruction/[tournamentId]
├ ƒ /progress/destruction/[tournamentId]/images
├ ƒ /progress/destruction/[tournamentId]/images/[imageIndex]
├ ƒ /progress/destruction/[tournamentId]/mvp-vote
├ ƒ /progress/event
├ ƒ /progress/event/[eventId]
├ ƒ /random-team
├ ƒ /rankings
├ ƒ /rankings/mmr
├ ƒ /recruit
├ ƒ /recruit-helper
├ ƒ /recruits
├ ƒ /riot-api
├ ○ /robots.txt
├ ƒ /signup
├ ○ /sitemap.xml                                                                1h      1y
├ ƒ /start
├ ƒ /team-balance
├ ƒ /team-balance/drafts/[draftId]
├ ƒ /terms
├ ƒ /tools/coin-toss
├ ƒ /tools/random-team
├ ƒ /tools/team-balance
├ ƒ /tools/team-balance/drafts
└ ƒ /tools/team-balance/drafts/[draftId]


ƒ Proxy (Middleware)

○  (Static)   prerendered as static content
ƒ  (Dynamic)  server-rendered on demand

