
> klol-gg-v2@0.1.0 check
> npm run lint && npm run typecheck && npm run db:erd:check && npm test && npm run verify:home-guide-art && npm run build


> klol-gg-v2@0.1.0 lint
> eslint


E:\k-LOL.GG\worktrees\ux-discoverability-20261002\integrations\messengerbot-r\KLOL_KAKAO_BOT_V41_MESSENGERBOT_R.js
   1:838   warning  'e' is defined but never used  @typescript-eslint/no-unused-vars
   5:130   warning  'e' is defined but never used  @typescript-eslint/no-unused-vars
  32:231   warning  'e' is defined but never used  @typescript-eslint/no-unused-vars
  33:79    warning  'e' is defined but never used  @typescript-eslint/no-unused-vars
  33:196   warning  'e' is defined but never used  @typescript-eslint/no-unused-vars
  34:274   warning  'e' is defined but never used  @typescript-eslint/no-unused-vars
  35:200   warning  'e' is defined but never used  @typescript-eslint/no-unused-vars
  36:66    warning  'e' is defined but never used  @typescript-eslint/no-unused-vars
  44:347   warning  'n' is defined but never used  @typescript-eslint/no-unused-vars
  54:409   warning  'e' is defined but never used  @typescript-eslint/no-unused-vars
  56:71    warning  'e' is defined but never used  @typescript-eslint/no-unused-vars
  59:168   warning  'e' is defined but never used  @typescript-eslint/no-unused-vars
  60:318   warning  'e' is defined but never used  @typescript-eslint/no-unused-vars
  65:1002  warning  'e' is defined but never used  @typescript-eslint/no-unused-vars
  74:403   warning  'e' is defined but never used  @typescript-eslint/no-unused-vars
  75:151   warning  'e' is defined but never used  @typescript-eslint/no-unused-vars
  75:216   warning  'e' is defined but never used  @typescript-eslint/no-unused-vars
  75:497   warning  'e' is defined but never used  @typescript-eslint/no-unused-vars
  78:2934  warning  'e' is defined but never used  @typescript-eslint/no-unused-vars
  79:8     warning  'e' is defined but never used  @typescript-eslint/no-unused-vars
  80:116   warning  'e' is defined but never used  @typescript-eslint/no-unused-vars
  81:378   warning  'e' is defined but never used  @typescript-eslint/no-unused-vars

E:\k-LOL.GG\worktrees\ux-discoverability-20261002\integrations\messengerbot-r\KLOL_KAKAO_BOT_V41_V1_COMPAT.js
  1:1  warning  Unused eslint-disable directive (no problems were reported)

E:\k-LOL.GG\worktrees\ux-discoverability-20261002\integrations\messengerbot-r\KLOL_KAKAO_BOT_V41_V2_COMPLETE.js
    2:5  warning  'KLOL_V41_BUNDLE_START_SENTINEL' is assigned a value but never used  @typescript-eslint/no-unused-vars
  369:1  warning  Unused eslint-disable directive (no problems were reported)

E:\k-LOL.GG\worktrees\ux-discoverability-20261002\integrations\messengerbot-r\v1-strict\KLOL_KAKAO_BOT_V1_STRICT_MESSENGERBOT_R.js
     1:5   warning  'KLOL_V1_SOURCE_SHA256' is assigned a value but never used           @typescript-eslint/no-unused-vars
     2:5   warning  'KLOL_V1_EXTRACTED_SHA256' is assigned a value but never used        @typescript-eslint/no-unused-vars
     3:5   warning  'KLOL_V1_SOURCE_FUNCTIONS' is assigned a value but never used        @typescript-eslint/no-unused-vars
     6:5   warning  'KLOL_V1_TRANSPORT_SEAMS' is assigned a value but never used         @typescript-eslint/no-unused-vars
    38:10  warning  'ignored' is defined but never used                                  @typescript-eslint/no-unused-vars
   131:10  warning  'ignored' is defined but never used                                  @typescript-eslint/no-unused-vars
   228:5   warning  'PARTY_RECRUIT_STATUS_API_URL' is assigned a value but never used    @typescript-eslint/no-unused-vars
   239:46  warning  'ignored' is defined but never used                                  @typescript-eslint/no-unused-vars
   304:10  warning  'ignoredJavaNormalizationError' is defined but never used            @typescript-eslint/no-unused-vars
   314:10  warning  'parsePartyMemberMutationCommand' is defined but never used          @typescript-eslint/no-unused-vars
   457:10  warning  'error' is defined but never used                                    @typescript-eslint/no-unused-vars
   476:10  warning  'error' is defined but never used                                    @typescript-eslint/no-unused-vars
   491:10  warning  'error' is defined but never used                                    @typescript-eslint/no-unused-vars
   529:10  warning  'error' is defined but never used                                    @typescript-eslint/no-unused-vars
   555:10  warning  'error' is defined but never used                                    @typescript-eslint/no-unused-vars
   567:10  warning  'error' is defined but never used                                    @typescript-eslint/no-unused-vars
   605:10  warning  'error' is defined but never used                                    @typescript-eslint/no-unused-vars
   609:29  warning  'room' is defined but never used                                     @typescript-eslint/no-unused-vars
   609:35  warning  'sender' is defined but never used                                   @typescript-eslint/no-unused-vars
   609:43  warning  'imageBase64' is defined but never used                              @typescript-eslint/no-unused-vars
   609:56  warning  'replier' is defined but never used                                  @typescript-eslint/no-unused-vars
   612:36  warning  'room' is defined but never used                                     @typescript-eslint/no-unused-vars
   612:42  warning  'sender' is defined but never used                                   @typescript-eslint/no-unused-vars
   612:50  warning  'replier' is defined but never used                                  @typescript-eslint/no-unused-vars
   754:77  warning  'packageName' is defined but never used                              @typescript-eslint/no-unused-vars
   765:10  warning  'ignoredImageError' is defined but never used                        @typescript-eslint/no-unused-vars
   769:10  warning  'ignoredImageBase64Error' is defined but never used                  @typescript-eslint/no-unused-vars
   782:10  warning  'ignoredImageBitmapError' is defined but never used                  @typescript-eslint/no-unused-vars
  1798:5   warning  'isOperationFormCompleteMessage' is assigned a value but never used  @typescript-eslint/no-unused-vars
  1800:5   warning  'isSeasonApplyCompleteMessage' is assigned a value but never used    @typescript-eslint/no-unused-vars
  1830:10  warning  'response' is defined but never used                                 @typescript-eslint/no-unused-vars
  1838:12  warning  'ignoredDiagnosticReply' is defined but never used                   @typescript-eslint/no-unused-vars

E:\k-LOL.GG\worktrees\ux-discoverability-20261002\src\modules\matches\infrastructure\postgres-match-transaction-authorizer.ts
  11:73  warning  '_now' is defined but never used  @typescript-eslint/no-unused-vars

✖ 58 problems (0 errors, 58 warnings)
  0 errors and 2 warnings potentially fixable with the `--fix` option.


> klol-gg-v2@0.1.0 typecheck
> tsc --noEmit


> klol-gg-v2@0.1.0 db:erd:check
> tsx scripts/database/generate-erd.ts --check

[db:erd] up to date: 111 tables, 173 foreign keys, schema sha256 0601644420b7cbdc056c1f307d67aec845c6190d005d31c5143cc44cb0d4baa2

> klol-gg-v2@0.1.0 test
> npm run test:contracts && npm run test:unit


> klol-gg-v2@0.1.0 test:contracts
> node --test tests/*.test.mjs

✔ public match and player detail use the same allowlisted champion portrait with a safe fallback (4.0023ms)
✔ my account connects bounded participation and current discipline status to details and evidence (7.4339ms)
✔ event and destruction details retain actions while exposing readable lifecycle and result hierarchy (1.106ms)
✔ own player mutation keeps approval, origin, revision and idempotency guards (4.428ms)
✔ own player form keeps one idempotency key for an uncertain retry and explains Riot relinking (8.194ms)
✔ account pages reuse the account shell and avoid decorative English headings (2.5743ms)
✔ isolated account HTTP verification runs the real Chromium owner profile regression (1.6191ms)
✔ 역할 변경 API는 same-origin 세션 검사 뒤 일반 ADMIN을 mutation parsing 전에 거부한다 (5.997ms)
✔ 역할 관리 UI와 목록 진입점은 SUPER_ADMIN에게만 노출된다 (1.5544ms)
✔ 승인된 미삭제 USER의 ADMIN 승격은 플레이어 연결을 요구하지 않는다 (0.9485ms)
✔ 플레이어 상세는 연결 계정 revision으로 기존 SUPER_ADMIN 역할 API를 안전하게 재사용한다 (1.9878ms)
✔ administrator balance status uses readable Korean operational labels (3.9778ms)
✔ administrator balance navigation is a visible keyboard-focusable control (1.568ms)
✔ discipline: lost creation response retries the exact payload/key and locks confirmed navigation (138.8881ms)
✔ discipline: simultaneous submits issue one creation request (44.0001ms)
✔ discipline: 5xx and unreadable success preserve identity and recover without a stuck form (51.9994ms)
✔ discipline: a definite first rejection allows correction with a new identity (63.0603ms)
✔ discipline: 401 after uncertainty does not abandon the original creation (31.9587ms)
✔ discipline: 403 after uncertainty does not abandon the original creation (40.6247ms)
✔ discipline: 429 after uncertainty does not abandon the original creation (100.3752ms)
✔ discipline: malformed success cannot unlock an unconfirmed creation (69.9517ms)
✔ highlight: lost creation response retries the exact payload/key and locks confirmed navigation (238.7913ms)
✔ highlight: simultaneous submits issue one creation request (120.2341ms)
✔ highlight: 5xx and unreadable success preserve identity and recover without a stuck form (287.9402ms)
✔ highlight: a definite first rejection allows correction with a new identity (219.868ms)
✔ highlight: 401 after uncertainty does not abandon the original creation (135.2416ms)
✔ highlight: 403 after uncertainty does not abandon the original creation (171.0856ms)
✔ highlight: 429 after uncertainty does not abandon the original creation (121.9314ms)
✔ highlight: malformed success cannot unlock an unconfirmed creation (126.9603ms)
✔ gallery: lost creation response retries the exact payload/key and locks confirmed navigation (77.153ms)
✔ gallery: simultaneous submits issue one creation request (111.0109ms)
✔ gallery: 5xx and unreadable success preserve identity and recover without a stuck form (100.438ms)
✔ gallery: a definite first rejection allows correction with a new identity (83.7219ms)
✔ gallery: 401 after uncertainty does not abandon the original creation (221.7572ms)
✔ gallery: 403 after uncertainty does not abandon the original creation (145.6019ms)
✔ gallery: 429 after uncertainty does not abandon the original creation (222.2418ms)
✔ gallery: malformed success cannot unlock an unconfirmed creation (132.5589ms)
✔ gallery: retry preserves selected files and partial upload results, attachment failure=false (190.1567ms)
✔ gallery: retry preserves selected files and partial upload results, attachment failure=true (98.3458ms)
✔ gallery: truncated attachment response cannot report a confirmed connection (126.4855ms)
✔ gallery: null attachment response cannot report a confirmed connection (126.2138ms)
✔ gallery: empty attachment response cannot report a confirmed connection (132.6217ms)
✔ gallery: invalid-revision attachment response cannot report a confirmed connection (93.845ms)
✔ MMR 수동 조정은 raw UUID 대신 bounded 플레이어 선택기를 사용한다 (0.9753ms)
✔ Riot 작업은 현재 목록에서 플레이어와 link를 선택하고 revision을 자동 계산한다 (0.3828ms)
✔ 징계 대상 선택은 관리자 전용 bounded endpoint의 allowlist metadata로 표시값을 채운다 (1.3497ms)
✔ 공통 bounded picker는 원격 metadata를 문자열 allowlist로 제한한다 (0.668ms)
✔ the contracted match edit page reuses the guarded editor and preserves the AI review alias (4.0974ms)
✔ highlight: later pages remain reachable with status and page size (50.3658ms)
✔ highlight: all-status native GET works and filtered empty state has a reset (68.5106ms)
✔ highlight: boundaries use server-clamped current page without impossible directions (54.6639ms)
✔ highlight: invalid parameters recover without loading or relaxing strict validation (108.677ms)
✔ highlight: load failure retries the same validated page and filter (36.9176ms)
✔ highlight: publication labels are readable and a published editor opens its public page (148.4771ms)
✔ highlight: filter controls remount when the applied page or filter changes (143.9434ms)
✔ gallery: later pages remain reachable with status and page size (47.9468ms)
✔ gallery: all-status native GET works and filtered empty state has a reset (64.1422ms)
✔ gallery: boundaries use server-clamped current page without impossible directions (30.4398ms)
✔ gallery: invalid parameters recover without loading or relaxing strict validation (182.1294ms)
✔ gallery: load failure retries the same validated page and filter (28.7002ms)
✔ gallery: publication labels are readable and a published editor opens its public page (126.7245ms)
✔ gallery: filter controls remount when the applied page or filter changes (81.3015ms)
✔ season administration presents lifecycle, status, source, and position labels in Korean (3.7746ms)
✔ account and settings administration avoid decorative English labels (1.2993ms)
✔ admin HTTP guard matrix covers every canonical App Router page (63.1082ms)
✔ administrator team draft pages use the ADMIN viewer and administrator mutation boundary (4.4263ms)
✔ administrator recommendation aliases remain same-origin permanent redirects (1.0567ms)
✔ administrator drafts support recoverable archive and persisted match registration (3.4817ms)
✔ season, date and round changes replace application form state in both editable branches (364.0465ms)
✔ position-free rounds do not display a fabricated main/sub position in own or public status (124.9593ms)
✔ a missing site application retains a direct path to recover Kakao member linking (18.68ms)
✔ event position labels remain readable while form values retain the API position codes (87.6989ms)
✔ own status and public roster use the same Korean position labels as the application form (231.4027ms)
✔ ranking view and applied criteria replace stale unsaved filter inputs (102.1405ms)
✔ destruction format choices distinguish match lengths and retain the selected canonical filter (223.257ms)
✔ capture fixture example resolves every repository page without placeholders (219.1157ms)
✔ browser QA server emits setup credentials, actor identity and fail-fast dynamic source IDs (3.868ms)
✔ browser quality boundary accepts WCAG and performance values at their budgets (1.7603ms)
✔ browser quality boundary reports semantic, keyboard, motion, axe and performance failures (0.3277ms)
✔ compact standalone auth pages do not require a skip link or a single h1 (0.1415ms)
✔ full-page capture uses stable light reduced-motion rendering and wakes lazy media (0.8379ms)
✔ full-page capture fails visible repository error states even when HTTP is 200 (0.141ms)
✔ full-page capture accepts synthetic credentials through bounded stdin (0.1146ms)
✔ champion administrator pages reuse the highlight content shell and keep safe mutations (4.4066ms)
✔ champion read APIs keep public and administrator namespaces separated (1.9263ms)
✔ Data Dragon version monitor discovers the upstream latest version without changing the pinned catalog (4.414ms)
✔ only documentation changed since the actual successful deployment can skip (1.4802ms)
✔ first deployments, manual redeploys, missing history and mismatched checkout build (0.4318ms)
✔ 핵심 일반 텍스트 토큰은 밝은 배경에서 WCAG AA 4.5:1 이상이다 (6.2123ms)
✔ 기능 상태 패널의 홈 링크는 AA 대비 primary 토큰 쌍을 사용한다 (1.0879ms)
✔ 작은 순위 숫자와 내 순위 배지는 4.5:1 이상의 실제 색 대비를 가진다 (2.9383ms)
✔ 순위 분류와 기능 검색 결과의 키보드 외곽선은 밝은 배경에서 3:1 이상이다 (10.3985ms)
✔ uncertain destruction retry followed by 401 retains identity and inputs (54.6019ms)
✔ uncertain destruction retry followed by 403 retains identity and inputs (31.0591ms)
✔ uncertain destruction retry followed by 408 retains identity and inputs (31.2423ms)
✔ uncertain destruction retry followed by 429 retains identity and inputs (27.3642ms)
✔ confirmed destruction navigation stays locked (26.627ms)
✔ destruction concurrent submits send one request before React renders (20.09ms)
✔ destruction server errors and truncated JSON preserve the creation request (28.5751ms)
✔ a definite destruction input rejection allows correction with a new request (36.5519ms)
✔ all eight supported preliminary formats keep distinct actual domain labels (27.9534ms)
✔ CLASSIC creation retains valid recruitment and preliminary-format payloads (149.1154ms)
✔ ARAM creation retains valid recruitment and preliminary-format payloads (278.0775ms)
✔ ARAM_MAYHEM creation retains valid recruitment and preliminary-format payloads (257.3532ms)
✔ gallery deep link starts a native modal at its close action (187.4112ms)
✔ gallery modal contains Tab and Shift+Tab within its one close control (73.0937ms)
✔ Escape follows the same gallery close link without replacing browser history (77.2255ms)
✔ close or browser-back cleanup restores scrolling and the original image link (93.6304ms)
✔ gallery keeps the existing image, ordinal, accessible name and URL paths (52.8075ms)
✔ public destruction detail keeps owner application, vote and explicit unavailable/error states (5.422ms)
✔ administrator destruction workspaces expose the full staged lifecycle (17.2784ms)
✔ API source keeps account owner and ADMIN boundaries separate (1.8839ms)
✔ public discipline API exposes aggregate statistics only (12.7697ms)
✔ owner and admin evidence boundaries require session, revision, idempotency, and concealed reads (2.0239ms)
✔ regular administrators may read discipline details but only super administrators may mutate them (2.8886ms)
✔ asset jobs accept signed requests only and are durably replay-guarded (8.0166ms)
✔ discipline pages declare real empty, error, and unavailable states (1.0987ms)
✔ discipline administrator headings and status labels are readable Korean (2.9066ms)
✔ file-read errors release the task and expose a recoverable error (347.3765ms)
✔ a lost attachment confirmation recovers through the existing READY asset without another raw upload (139.5311ms)
✔ READY submission keeps the same request identity after network loss and authentication rejection (122.0787ms)
✔ a READY submission with unreadable success reports uncertainty and releases its busy state (80.1359ms)
✔ simultaneous READY clicks issue one submission (132.1467ms)
✔ a partial batch advances revision and stops after an unconfirmed response (140.8787ms)
✔ event creation retries the exact uncertain request and keeps editing locked until confirmation (197.468ms)
✔ two submissions before render issue only one event request (25.8987ms)
✔ server errors and unreadable successful responses retain the original event identity (125.9157ms)
✔ a definite rejection unlocks correction and gives the corrected request a new identity (16.7388ms)
✔ an uncertain creation keeps its identity after retry receives 401 (40.6033ms)
✔ an uncertain creation keeps its identity after retry receives 403 (15.4385ms)
✔ an uncertain creation keeps its identity after retry receives 429 (20.7645ms)
✔ actual admin rendering exposes settings only while planned with no participants, including cancelled participants (408.1157ms)
✔ unchanged dates round-trip exactly through KST inputs across midnight independently of machine timezone (184.551ms)
✔ edited settings use the existing command shape and reject invalid recruitment dates before sending (116.5427ms)
✔ lost response, server failure and unreadable success retry the same body, revision and idempotency key (83.9204ms)
✔ same-tick submits and another lifecycle operation are blocked through the successful refresh (115.0384ms)
✔ conflict preserves input until explicit reload; expired sessions return to this event after admin login (138.128ms)
✔ correcting a rejected setting uses a distinct request identity (50.1187ms)
✔ unconfirmed success bodies retain the same request identity and never claim completion (598.5895ms)
✔ actual detail page resets local settings from the latest event revision after refresh (317.9907ms)
✔ actual admin page identifies each event mode and current lifecycle stage in Korean without losing links or authority (42.6366ms)
✔ actual participant rows distinguish position, registration source and cancelled participation without leaking unknown codes (59.5449ms)
✔ public competition pages expose list/detail/application states without administrator controls (14.9035ms)
✔ administrator event pages connect every lifecycle operation to protected canonical APIs (51.9125ms)
✔ legacy event routes reuse the common no-store same-origin redirect boundary (35.2558ms)
✔ the application menu marks exactly the selected application type, including query navigation (187.6605ms)
✔ clearing or resetting a slow player search cancels the request and returns to idle (189.8126ms)
✔ a superseded request cannot clear the loading state of the newer search (56.0064ms)
✔ full-page QA runner parses only tagged synthetic harness values (3.0318ms)
✔ full-page QA summary fails count drift and any route issue (0.3143ms)
✔ capture credentials use bounded stdin instead of command-line secrets (25.8344ms)
✔ capture CLI rejects unknown stdin credential fields before opening files or Chromium (328.6948ms)
✔ 홈과 데스크톱 메뉴는 이미 구현된 경기·팀 밸런스를 준비 중으로 표시하지 않는다 (7.948ms)
✔ 홈 공개 집계는 활성 플레이어·시즌과 게시 경기만 센다 (0.8522ms)
✔ 홈 공개 피드는 실제 구인·대회와 완료된 멸망전 우승 갤러리를 조회한다 (1.9305ms)
✔ 홈 피드 공개 projection은 소유자·회원·Discord 필드를 선택하지 않는다 (0.7719ms)
✔ 홈은 DB 전체 활성 챔피언을 읽되 여성 허용 목록에서 KST 일일 안내 챔피언을 선택한다 (3.977ms)
✔ 홈과 플레이어 찾기는 회원명 검색을 안내하되 회원명을 결과로 출력하지 않는다 (4.5699ms)
✔ 홈은 소개·랭킹·바로가기·소식·내 활동·기록 순서로 안내한다 (1.3348ms)
✔ ranking choices name all three rankings before the single slide and expose selection (157.6072ms)
✔ direct ranking choice stops rotation and updates its single slide and full-ranking destination (30.3647ms)
✔ named choices retain directional keyboard, previous/next and explicit play controls (28.9707ms)
✔ empty or single ranking does not expose impossible slide controls (59.9809ms)
✔ a rejected native install prompt reports recovery and accepts a new browser offer (152.98ms)
✔ installation prevents duplicate native prompts and waits for actual appinstalled (29.1022ms)
✔ a ready browser offer is not overwritten by initial environment detection (29.3005ms)
✔ a late native choice cannot overwrite confirmed app installation (13.7944ms)
✔ Kakao admin API splits ADMIN reads from SUPER TOTP mutations (14.5588ms)
✔ legacy Kakao admin pages permanently redirect to canonical real-state tabs (30.1614ms)
✔ every canonical Kakao handler checks the stored feature policy (6.0302ms)
✔ owner image session creation honors site and Kakao feature switches (1.1622ms)
✔ Kakao assistant routes share raw-body HMAC and durable read receipts (17.9071ms)
✔ managed forms remain isolated while season snapshots and owner-bound images are durable (27.9739ms)
✔ legacy Kakao paths execute the signed canonical POST handlers without redirects (7.2851ms)
✔ Kakao route capability policy is explicit for every phone endpoint (22.3071ms)
✔ season member submissions and reads use the FEATURES room but force cancel has a trusted command gate (33.3719ms)
✔ normal room authorization uses only canonical registry state and keeps environment bootstrap explicit (17.5006ms)
✔ private installer generator preserves shared settings and creates one identity per Kakao room (681.4598ms)
✔ Kakao routes are explicitly isolated between recruit and features installations (21.4249ms)
✔ wrong-room failures remain short and actionable on the phone (39.6311ms)
✔ recruit mutations expose PII-free stage timing for p50 and p95 aggregation (2.3587ms)
✔ companion is ES5 and below both editor character limits (47.1655ms)
✔ exact status/version commands are local and preserve OFF, settings and the registered target (3.1946ms)
✔ diagnostics ignore ordinary messages, slash variants and untrusted app callbacks (1.0413ms)
✔ registration results use fixed Korean replies and never poll or expose secrets (5.0922ms)
✔ OFF and repeated registration replies cannot enable polling or replace a session (1.4473ms)
✔ installed response callback reports status and registration without queue delivery (2.3267ms)
✔ no registration, disabled, wrong app/code, or another session cannot send (1.8634ms)
✔ ACK loss retries ACK without sending again, including after restart (13.9998ms)
✔ crash marker or ambiguous SDK result never resends automatically (1.9381ms)
✔ ledger write failure, wrong target and stale lease fail closed before send (2.4282ms)
✔ explicit SDK rejection is retryable after manual session renewal (0.7583ms)
✔ whole installed runtime answers local diagnostics without credentials, network or registration (1.8842ms)
✔ initialization failures leave version and fixed failure-stage diagnostics available (2.7608ms)
✔ rejected callback contexts stay silent and record only fixed local diagnostic codes (14.443ms)
✔ reply failure and SDK rejection produce fixed local evidence without leaking exceptions (2.8015ms)
✔ reported open-chat false group flag still answers version, diagnostics and status locally (5.9887ms)
✔ false group flag requires exact one-use code and retains only explicitly registered session (1.0987ms)
✔ false group flag never permits debug, missing-package or other-app registration (6.4764ms)
✔ the ADR freezes every non-negotiable V1-exact adapter constraint (52.1283ms)
✔ the reusable V4 text transport is one signed five-second request without bearer fallback (14.704ms)
✔ the V1 strict phone installer uses the current private artifact and omits public-only provenance (21.5911ms)
✔ installation profiles, not callback room or sender role, form the V4 text authorization boundary (1.177ms)
✔ V2 services can reserve a hidden DRAFT and legacy bearer routes remain closed (7.6305ms)
✔ the existing image service is separately signed, bounded, and session-backed (1.6151ms)
✔ canonical V40 R2 routes managed commands to site-first links, not the legacy image session creator (42.3485ms)
✔ a clean V1-strict install keeps imageDB silent instead of inventing an unreachable UUID flow (14.7093ms)
✔ the dormant legacy image receiver remains secure for non-strict clients without reopening bearer access (2.1404ms)
✔ builder pins the canonical V1 hash and produces an ES5/Rhino-safe artifact (355.2888ms)
✔ Rhino audit detects functions that mix value and bare returns (0.7151ms)
✔ V1 strict routes organizer-only metadata activation forms with or without one slash (40.2544ms)
✔ V1 strict routes scoped in-house finish commands as unchanged raw text (90.7214ms)
✔ R23 retired scrim commands and forms reply locally without an HTTP request (107.8533ms)
✔ R25 local help matches optional member linking, Rift lanes, protected editing and detail rereads (20.9905ms)
✔ R24 compact copy forms keep complete success and pending envelopes in one signed request (148.1893ms)
✔ R24 compact form routing leaves malformed references to the server and ignores prose (40.3067ms)
✔ R24 actual server-rendered party and inhouse templates accept one name through the phone (590.6496ms)
✔ R23 copy-paste party and inhouse forms forward names and saved references unchanged (37.7559ms)
✔ V1 strict routes the full organizer-only template returned by the production server (8.3285ms)
✔ artifact excludes legacy HTTP, bearer, and embedded secret material (1.6588ms)
✔ all response-reachable non-transport V1 executable lines are preserved without comments or blank spacers (62.0507ms)
✔ strict adapter reuses the canonical V1 local dedupe storage keys (2.3398ms)
✔ local replies, echo rules, events, and no-reply behavior equal the canonical V1 (10.6445ms)
✔ R19 chooses one complete tone when the OpenChat entry guide appears (29.4144ms)
✔ R19 consumes the raw join event and accepts only the OpenChat entry heading (3.8162ms)
✔ approved party member mutations parse safely and use one RECRUIT gateway request (73.3435ms)
✔ inhouse member shortcuts reach the matching profile gateway (174.7596ms)
✔ reported inhouse loading echo is ignored while user commands and explicit member edits keep one reply (19.9115ms)
✔ same MessengerBot logId replay suppresses only the duplicate visible reply (26.798ms)
✔ ambiguous party member text never reaches the mutation gateway (99.4933ms)
✔ local recruit help documents member commands and keeps full-form guidance (63.6102ms)
✔ command and form predicates are byte-derived and behaviorally equal to V1 (55.3613ms)
✔ one public command performs one five-second signed gateway request without room binding (29.9316ms)
✔ recoverable season rows reach the gateway once even with whitespace numbering and partial fields (37.357ms)
✔ completed augment-ARAM in-house forms reach the FEATURES gateway and always reply (22.7566ms)
✔ completed augment-ARAM metadata with ten empty name rows activates through FEATURES (16.5307ms)
✔ a complete empty season snapshot reaches the gateway once for authoritative cancellation (70.9999ms)
✔ empty-snapshot gate rejects incomplete forms and ordinary conversation (51.2571ms)
✔ clean-session imageDB input preserves the active V40 R2 no-reply and no-HTTP behavior (30.3321ms)
✔ all seven active text seams preserve V1 success and empty replies while failures use safe common notices (300.8064ms)
✔ literal transport failures distinguish settings, input, and connection errors without exposing values (35.3977ms)
✔ both V40 R2 image seams stay inactive for every transport outcome (28.2026ms)
✔ R26 text commands never probe notification images before their response (16.7332ms)
✔ R26 speed diagnostic keeps the previous request timing across ordinary chat and bot echo (11.6097ms)
✔ R27 local diagnostics bypass request state, deduplication and notification image reads (3.3709ms)
✔ R27 diagnostic distinguishes reply failure and tolerates unavailable logging (5.8059ms)
✔ V1-strict keeps completion diagnostics but routes incomplete operation-form candidates (14.073ms)
✔ V1-strict candidate routing ignores ordinary label discussion (7.6443ms)
✔ V1-strict ordinary label discussion performs no request or local dedupe write (6.6986ms)
✔ V1-strict accepts standalone wrapper titles but ignores wrappers embedded in prose (6.3601ms)
✔ V1-strict response forwards one incomplete form request to the FEATURES gateway (30.9273ms)
✔ V1-strict canonicalizes tolerant label spelling before gateway classification (23.0573ms)
✔ V1_STRICT fixture preserves the canonical V1 bytes across checkout line endings (2.1381ms)
✔ V1_STRICT fixture contains no hard-coded credential value (0.7122ms)
✔ V1_STRICT fixture remains ES5 and Rhino-static warning free (73.5594ms)
✔ V1_STRICT executes the original bot-version reply with or without slash (5.6337ms)
✔ V1_STRICT executes the original user help exactly (3.4973ms)
✔ APPROVED_EXTENSIONS cannot be mislabeled as commands from the V1_STRICT oracle (8.4167ms)
✔ [A01] the unified phone artifact is a readable ES5 single file below 40,000 characters (38.6458ms)
✔ [A02] the final unified artifact has zero Rhino static warning candidates (41.2625ms)
✔ [A03] the generated artifact classifies each command into exactly one server profile (1.9832ms)
✔ [A04] callback room, channel and group values are neither read nor transmitted (4.9087ms)
✔ [A05] text transport timeout is no more than five seconds (3.6304ms)
✔ V4 source template is one thin command-family routing client (7.1911ms)
✔ the generated unified phone file is standalone ES5 with one callback (18.6053ms)
✔ builder owns the unified output and refreshes deprecated split fixtures (9.5635ms)
✔ release docs lock one phone, one MessengerBot profile, and two Kakao rooms (14.141ms)
✔ [C01] each entry sends its own static profile regardless of poisoned callback room values (10.5356ms)
✔ [C02] RECRUIT ignores FEATURES commands locally without a server call (2.0441ms)
✔ [C03] FEATURES ignores RECRUIT commands locally without a server call (1.5434ms)
✔ [C03A] one unified phone bot routes both room command families exactly once (10.3648ms)
✔ [C03C] party template commands including spaced aliases use exactly one server request for a V1 number (4.3723ms)
✔ [C03D] a copied V1 party form without its number returns the exact local guidance (4.8015ms)
✔ [C03B] unified bot version is one local reply and never reaches transport (1.9237ms)
✔ [C04] malformed slash, URLs and middle slash are rejected before transport (3.0257ms)
✔ [C05] no-logId boot counter gives every independent command a new event ID (1.5614ms)
✔ [C06] one command performs one HTTP execute with a five-second maximum (5.0804ms)
✔ [C05A] logId replay is stable in one boot and isolated across profiles and restarts (3.7153ms)
✔ [C05C] phone settings are read from MessengerBot storage once within one request cache (9.9807ms)
✔ [C05B] unified echo suppression checks both room-specific bot display names (13.5942ms)
✔ [C07] one scrim command performs exactly one client-to-server send (41.8526ms)
✔ [C08:WRONG_PROFILE] client exposes the WRONG_PROFILE error category (9.2045ms)
✔ [C08:INVALID_SIGNATURE] client exposes the INVALID_SIGNATURE error category (9.7691ms)
✔ [C08:REPLAY_CONFLICT] client exposes the REPLAY_CONFLICT error category (5.7101ms)
✔ [C08:SERVER_UNAVAILABLE] client exposes the SERVER_UNAVAILABLE error category (2.3681ms)
✔ [C08:INVALID_FORM] client exposes the INVALID_FORM error category (10.5766ms)
✔ [C08A] INVALID_FORM keeps the server parser detail and has a safe fallback (4.0119ms)
✔ [P3-C01] FEATURES entry sends one request for 내전구인 (24.091ms)
✔ [P3-C02] FEATURES entry sends one request for 내전구인 협곡 2026-09-09 21:30 #2 10명 (2.0793ms)
✔ [P3-C03] FEATURES entry sends one request for 내전구인 칼바람 2026-09-09 21:30 #3 10명 (1.9621ms)
✔ [P3-C04] FEATURES entry sends one request for 내전구인 증바람 2026-09-09 21:30 #4 10명 (2.8327ms)
✔ [P3-C05] FEATURES entry sends one request for 내전현황 (2.5855ms)
✔ [P3-C06] FEATURES entry sends one request for 내전상세 2 (1.5854ms)
✔ [P3-C07] FEATURES entry sends one request for 📢 내전하실분 #2 (1.9464ms)
✔ [P3-C08] RECRUIT entry sends one request for 스크림구인 (1.8157ms)
✔ [P3-C09] RECRUIT entry sends one request for [K-LOL.GG 스크림 구인 양식] (1.2066ms)
✔ [P3-C10] FEATURES entry sends one request for 지인 이름: 친구 (2.3945ms)
✔ [P3-C11] FEATURES entry sends one request for 본인 이름 및 닉네임: 홍길동/테스터 (2.3192ms)
✔ [P3-C12] FEATURES entry sends one request for 주최자 이름 및 닉네임: 홍길동/테스터 (1.314ms)
✔ [P3-C13] FEATURES entry sends one request for 이름 및 닉네임: 신청자/닉 (2.4701ms)
✔ [P3-C14] FEATURES entry sends one request for 등록 (1.2461ms)
✔ [P3-C15] FEATURES entry sends one request for 내전등록 (1.4988ms)
✔ [P3-C16] FEATURES entry sends one request for 경고등록 (3.2941ms)
✔ [P3-C17] FEATURES entry sends one request for 인증 (1.4416ms)
✔ [P3-C18] FEATURES entry sends one request for 경고현황 (2.2689ms)
✔ [P3-C19] FEATURES entry sends one request for 결과현황 (1.1499ms)
✔ [P3-C20] FEATURES entry sends one request for 사진취소 (1.2101ms)
✔ [P3-C21] FEATURES entry sends one request for 자동공지 20 (5.3521ms)
✔ [P4-C01] unified 봇버전 is client-only with exact local content (8.8273ms)
✔ [P4-C02] unified 도움말 is client-only with exact local content (7.3897ms)
✔ [P4-C03] unified 구인도움말 is client-only with exact local content (27.4607ms)
✔ [P4-C04] unified 구인웹도우미 is client-only with exact local content (20.8551ms)
✔ [P4-C05] every V1 PUBLIC alias is classified by the unified phone with at most one send (71.8768ms)
✔ [P4-C06] malformed slash, URL and middle-slash inputs never enter public transport (28.5529ms)
✔ [P4-I01] V2도움말 never enters public V4 transport (2.9651ms)
✔ [P4-I02] V2진단 never enters public V4 transport (7.5774ms)
✔ [P4-I03] V2연동확인 never enters public V4 transport (15.9922ms)
✔ [P4-I04] 연동확인 never enters public V4 transport (2.866ms)
✔ [P4-I05] V2모집 never enters public V4 transport (2.7412ms)
✔ [P4-I06] V2시즌 never enters public V4 transport (3.0852ms)
✔ [P4-I07] V2양식 never enters public V4 transport (7.2436ms)
✔ [P4-I08] V2사진세션 never enters public V4 transport (5.9666ms)
✔ [P4-I09] V2사진취소 never enters public V4 transport (2.5774ms)
✔ [P4-A01] final unified phone artifact is synchronized ES5, under 40k and Rhino-static clean (36.5305ms)
✔ [P4-C01] every public V1 alias passes the correct phone profile with zero-or-one slash (24.2756ms)
✔ [P4-C02] local public replies are exact and never include V2 operator commands (3.5363ms)
✔ [P4-C02A] all actual V41 public command samples pass the matching V4 phone profile (5.9217ms)
✔ [P4-C03] photo and retired preview commands reply locally with no server transmission (8.5108ms)
✔ [P4-C04] internal, unknown, and malformed inputs are rejected before transport (10.6526ms)
✔ [P4-C05] unified entry preserves one send site, five-second timeout, and dynamic family split (2.6197ms)
✔ [P4-C02B] member shortcuts tolerate mobile normalization and reject ambiguous mutations (2.899ms)
✔ V4 private generator creates one ignored paste-ready file without printing secrets (1061.4007ms)
✔ [R01] V4 durable receipt and nonce schema is present in the ordered migration ledger (4.5089ms)
✔ [R02] installation, canonical room, key and capability migrations match the runtime schema (19.45ms)
✔ [R03] V3 and V4 server intake coexist while one V4 entry binds profile-specific installation identity (3.3524ms)
✔ [RESOLVED R04] V4 uses deterministic installation scope without a pairing command (11.3399ms)
✔ [R05] documented Vercel variable names cover the V4 runtime without reading values (1.3767ms)
✔ contract fixture has traceable V1 evidence and all required domains (2.023ms)
✔ zero or exactly one leading slash routes to the same command (0.3972ms)
✔ double slash, URL slash, separated slash, and middle slash are not commands (0.1407ms)
✔ same installation scope members can edit and finish across sender identities (0.3403ms)
✔ initial party form exposes the three activation fields without participant rows (0.277ms)
✔ full party forms are authoritative snapshots and allow A→B→A (0.2637ms)
✔ party member shortcuts retain the full-form workflow and current-scope mutation boundary (0.1905ms)
✔ Rift, ARAM, and Augment ARAM preserve their V1 field policies (1.0317ms)
✔ scrim keeps full-form editing and V1 disabled manual lifecycle replies (0.9759ms)
✔ operation forms retain V1 labels, wrappers, missing-field reply, and echo guard (0.1821ms)
✔ registration and warning guidance preserve exact V1 headings and destinations (0.1974ms)
✔ user-facing help excludes V2 diagnostics and raw JSON commands (0.1452ms)
✔ representative record, recent, and ranking replies remain exact V1 fixtures (0.0742ms)
✔ V40 구인도움말 문구와 줄바꿈을 그대로 유지한다 (39.8357ms)
✔ V40 5인파티 생성 응답에 모집번호가 있는 편집 가능한 전체 양식을 유지한다 (15.6565ms)
✔ V40 구인현황 제목과 상세 명령 CTA를 포함한 정확한 응답을 유지한다 (5.275ms)
✔ V40 bare 멸망전스크림 입력을 스크림 명령으로 분류한다 (2.1901ms)
✔ V40 일반 도움말의 제목·항목·줄바꿈을 모든 별칭에서 그대로 유지한다 (38.7051ms)
✔ V40 구인 웹 도우미와 구인 도움말을 서로 다른 응답으로 유지한다 (21.9954ms)
✔ V40 등록 센터의 설명과 기존 링크를 모든 별칭에서 그대로 유지한다 (21.9407ms)
▶ V40 내전·경고·인증·현황 링크 응답을 그대로 유지한다
  ✔ 내전등록 (33.563ms)
  ✔ 경고등록 (11.2003ms)
  ✔ 인증 (9.3606ms)
  ✔ 경고현황 (32.794ms)
  ✔ 결과현황 (12.3753ms)
✔ V40 내전·경고·인증·현황 링크 응답을 그대로 유지한다 (106.0122ms)
▶ V40 전적·최근·랭킹의 사용자 표시 정보를 잃지 않는다
  ✔ 전적 (4.6164ms)
  ✔ 최근 (3.971ms)
  ✔ 랭킹 (4.623ms)
✔ V40 전적·최근·랭킹의 사용자 표시 정보를 잃지 않는다 (14.5257ms)
✔ V40처럼 오픈채팅봇이 출력한 운영 양식은 재접수하지 않는다 (4.8987ms)
✔ V40 운영 양식은 서버가 만든 접수 문구를 그대로 전달한다 (8.705ms)
✔ V40 사진취소 별칭의 사이트 우선 안내 동작을 그대로 유지한다 (20.7816ms)
✔ V40 입장·퇴장·초대·서버 echo 동작을 유지한다 (3.3822ms)
✔ V40 스크림구인은 자동배정 번호와 원래 줄바꿈을 가진 전체 양식을 반환한다 (21.4074ms)
✔ V40 스크림현황은 파티 현황과 섞지 않고 한글 상태와 상세 명령을 표시한다 (5.0325ms)
✔ V40 스크림현황 빈 상태 문구를 정확히 유지한다 (3.7332ms)
✔ V40 스크림상세는 복사 가능한 전체 양식과 수정 안내를 그대로 반환한다 (4.8872ms)
✔ V40 스크림 전체 양식 신규 제출은 즉시 한 번 저장하고 등록 완료만 응답한다 (9.5676ms)
✔ V40 원본 양식은 멸망전번호 없이 서버의 단일 활성 대회 자동 판별을 사용한다 (6.7392ms)
✔ V40 스크림 전체 양식 수정 제출은 별도 확인 없이 같은 번호를 교체 반영한다 (10.4175ms)
✔ V40에서 사용 중단된 참가·확정·취소·수동 종료는 원래 안내만 하고 변경하지 않는다 (11.0228ms)
✔ paste-ready V41 bot routes major commands only through the signed V2 transport (11.5272ms)
✔ mobile installer has no Rhino CODE_HAS_NO_SIDE_EFFECTS statement candidates (91.5332ms)
✔ phone transport renders actionable HTTP failure categories (2.7804ms)
✔ Kakao pending slot lookup is lifecycle-neutral and only cancels ACTIVE rows (8.2149ms)
✔ 자동 수집한 전체 명령 계약은 slash/무슬래시를 하나의 canonical command로 만든다 (11.0571ms)
✔ V1 호환 파서는 모든 공개 V1 명령에서 slash/무슬래시 분류를 동일하게 유지한다 (18.3424ms)
✔ canonical command 경계는 본문과 Riot ID를 보존하고 slash 오인식을 막는다 (3.3087ms)
✔ 휴대폰 압축본의 V1 무통신 명령은 읽기 쉬운 전체본과 동일하게 응답한다 (22.334ms)
✔ room and channel callback fields are not used for installation scope (15.0808ms)
✔ installation scope is stable across signing-key rotation and differs across installations (4.1615ms)
✔ delivery identity ignores raw room and channel while binding installation, sender, log, and message (3.5908ms)
✔ opaque sender uses userHash when available and display-name fallback is labeled (1.8806ms)
✔ field diagnostics explicitly use installation scope and retain opaque sender (1.1161ms)
✔ response stores a season preview and only the matching one-time code performs SYNC (35.8117ms)
✔ response requires a complete authoritative snapshot scope and supports preview cancellation (5.7161ms)
✔ response ignores server echoes and restores legacy guide aliases after full-width normalization (5.2227ms)
✔ response preserves V40 room events, missing-number guidance, and parameterized managed shortcuts (6.3239ms)
✔ response keeps an active image session when MessengerBot only exposes a placeholder (5.422ms)
✔ response routes legacy record, recent, and ranking commands through V2 data while preserving V1 replies (5.8015ms)
✔ response formats scheduled notice aliases as read-only previews (5.8447ms)
✔ response accepts bitmap fallback, reports image progress, and clears terminal or cancelled sessions (4.8043ms)
✔ response exposes a secret-free V2 transport diagnostic (3.5054ms)
✔ response scopes different senders to one installation and ignores broken room parser fields (3.1545ms)
✔ response suppresses a duplicate callback with the same Kakao log identity (1.6287ms)
✔ response entry point keeps representative V1 and V2 replies identical with or without slash (53.9287ms)
✔ raw V2 recruiting JSON is explicitly marked for the server-side operator gate (2.2452ms)
✔ response entry point does not treat slash-only, URL, middle slash, double slash, or slash-space as commands (3.8917ms)
✔ V41 season output uses the site application fields and round-trips as bot input (8.4336ms)
✔ V41 season input accepts the labeled site form and rejects invalid sub positions (7.237ms)
✔ V41 authoritative sync response reports create, update, cancel and review counts (8.4512ms)
✔ V1 compatibility parser stays ES5, transport-free, and rejects unsafe input (18.9218ms)
✔ all V40 party creation, finish, help, status, and detail aliases are classified (5.1756ms)
✔ party form parser preserves metadata, positions, numbered members, and substitutes (6.4039ms)
✔ party form metadata accepts line endings and colon variants without rewriting values (2.0609ms)
✔ party form tolerates clipped headers, Markdown escapes, attached values, and controlled line wraps (2.8035ms)
✔ inhouse aliases parse mode, date, time, recruit number, and capacity (4.3784ms)
✔ scrim aliases and legacy full form are converted without a transport call (4.4925ms)
✔ four operation forms become exact V2 payload shapes with sender fallbacks (5.9274ms)
✔ four legacy 외출 wrappers parse identically and missing fields are explicit (6.6308ms)
✔ registration, warning, result, evidence, status, and photo-cancel aliases are classified (4.2604ms)
✔ V1: 내전구인만 입력하면 종목 선택 안내를 정확히 보낸다 (16.7938ms)
✔ V1: 알 수 없는 내전 종목에만 입력값을 포함한 오류와 선택 안내를 보낸다 (3.9695ms)
✔ V1: 협곡 내전구인은 티어·라인과 빈 칸을 포함한 전체 양식을 정확히 보낸다 (5.4378ms)
✔ V1: 칼바람 내전구인은 이름 전용 전체 양식을 정확히 보낸다 (1.9808ms)
✔ V1: 번호 없는 내전현황은 모든 회차 요약과 내전상세 명령을 정확히 보낸다 (2.144ms)
✔ V1: 내전상세 번호는 참여자와 빈 칸을 포함한 편집 가능한 전체 양식을 정확히 보낸다 (3.2159ms)
✔ V1: 작성한 전체 신청 양식은 확인 단계 없이 한 번 동기화하고 서버 답변을 그대로 보낸다 (7.6516ms)
✔ V1: 같은 전체 신청 양식이 연속 수신되면 첫 반영 뒤 중복 요청과 중복 답변을 내지 않는다 (5.4085ms)
✔ V1: 빈 전체 양식은 일반·ASCII slash·전각 slash 모두 0명 authoritative sync로 처리한다 (17.9778ms)
✔ V1: 불완전한 빈 양식과 double·URL·중간 slash는 authoritative sync를 실행하지 않는다 (13.6428ms)
✔ 외출 필수값 누락은 항목별 안내만 보내고 서버 제출을 실행하지 않는다 (4.0467ms)
✔ 오류 제목이 이미 포함된 서버 상세는 K-LOL.GG 요청 실패 제목을 중복하지 않는다 (3.5976ms)
✔ legacy party create suppresses a duplicate callback before a second V2 mutation (24.2292ms)
✔ legacy full party form maps positions to slots and synchronizes the existing V2 party (9.1216ms)
✔ slash and plain temporary/form flows share server-first metadata fallback and preserve free text (8.552ms)
✔ 99 재현, 지오, 97 기용 fixtures complete public create, form, and finish flows with or without slash (35.6651ms)
✔ legacy party candidates stay separate from primary capacity (4.168ms)
✔ legacy finish suppresses a duplicate callback after the party leaves active status (4.1812ms)
✔ same-room users can clear and finish another user's two-digit party while repeated forms stay idempotent (17.7843ms)
✔ failed party mutations return the cause without fetching or appending status (4.0156ms)
✔ successful sync, blank deletion, and finish explain a failed status refresh (7.3146ms)
✔ legacy operation form, inhouse template, and scrim template stay available (5.8503ms)
✔ legacy scrim full form is stored through the typed V2 mutation and replays safely (7.2023ms)
✔ 숫자형 플레이어·미디어 상세는 존재 확인 뒤 canonical UUID로 이동한다 (5.5908ms)
✔ 숫자형 이벤트전·멸망전은 존재 확인 뒤 canonical UUID로 이동한다 (4.3929ms)
✔ 관리자 직접 가져오기는 파일·붙여넣기·비공개 미리보기·재시도 복구를 제공한다 (8.8756ms)
✔ 관리자 로그아웃은 가져오기 복구 namespace만 best-effort로 지운다 (2.348ms)
✔ 직접 가져오기 API는 예약→bounded body→work gate→private finalize 순서를 지킨다 (8.0499ms)
✔ 검토 UI는 fuzzy 자동 연결 없이 구조화 행별 사람 확인을 요구한다 (4.5375ms)
✔ admin import cancellation is authorized only for ADMIN-source rows (1.4351ms)
✔ match editor exposes only the structured form and traps the void confirmation dialog (15.1975ms)
✔ picker status copy is outside the listbox and visual active row matches aria active descendant (1.9167ms)
✔ submission reject dialog shares the accessible modal behavior (4.2339ms)
✔ submission conflict keeps component identity and adopts only a verified latest revision (2.2792ms)
✔ match editor conflict preserves local input and adopts only a verified latest aggregate (7.3887ms)
✔ match editor save action stays readable in enabled and disabled states (2.1722ms)
✔ OCR route reserves before the process gate and all external work (8.3952ms)
✔ OCR reservation is durable, single-image and replay-first (12.1398ms)
✔ submission approval durably transfers team-balance provenance into the match aggregate (1.9558ms)
✔ ordinary match amendments cannot clear immutable team-balance provenance (0.2548ms)
✔ web submission linkage revalidates draft ownership, lifecycle and selected layout in its transaction (0.2308ms)
✔ match changed outbox carries team-balance provenance in its typed row and payload (0.1447ms)
✔ public match detail returns a not-found contract instead of a blank success (6.9318ms)
✔ saving a reviewed roster cannot approve a different edit made before its response (211.0231ms)
✔ uncertain review writes retry the exact body/revision with the same key (105.8127ms)
✔ review inputs and repeat mutations stay locked through response and refreshed projection (123.8227ms)
✔ a validation failure permits input correction with a new request identity (187.4494ms)
✔ 412 preserves the local roster and requires explicit comparison before continuing (165.4633ms)
✔ an uncertain approval retries its original command and locks the confirmed terminal state (154.1058ms)
✔ review state uses readable labels while source comparison and real OCR warnings remain available (420.2099ms)
✔ explicitly loading the current linked team fills each game's empty slots without changing results and requires every row to be checked (60.2154ms)
✔ loading a linked team never overwrites an existing player selection or bypasses a terminal review (241.3354ms)
✔ unconfirmed review success cannot confirm a different submission, advance revision or consume retry identity (240.7374ms)
✔ unconfirmed OCR success preserves image revision and the exact retry key without refreshing (111.1872ms)
✔ confirmed OCR success and unavailable OCR results both advance only the image revision and require a fresh comparison (66.6904ms)
✔ first submission prioritizes required information while optional fields and continuation stay available (23.5823ms)
✔ a cancelled partial upload never displays unfinished images as a completed step (5.7093ms)
✔ anonymous result continuation returns to the same submission after login (11.229ms)
✔ changing a continuation code or draft resets form identity while same-context refresh preserves edits (54.9033ms)
✔ pending, rejected, suspended and password-reset accounts get recovery before filling the submission form (187.3037ms)
✔ completed or rejected submissions show their result and recovery without impossible upload controls (10.8742ms)
✔ submission lookup failure keeps the code for retry and is distinct from a missing submission (125.3101ms)
✔ creating a submission locks mutations until the server route has committed and resets new-submission state (128.2981ms)
✔ match submission accepts only an owner-verified selected team-balance draft (1.1127ms)
✔ successful server selection remounts both draft workspaces without resetting local edits (0.274ms)
✔ 홈과 이미지 상세은 같은 접근 가능한 수동 캐러셀을 사용한다 (8.1331ms)
✔ 캐러셀은 빈 상태를 안전하게 닫고 한 장에는 이동 컨트롤을 숨기며 여러 장에는 직접 이동을 제공한다 (13.1082ms)
✔ 캐러셀은 모바일 비율·44px 조작 영역·모션 감소 설정을 유지한다 (1.0755ms)
✔ 홈 우승 사진은 FK 연결을 우선하고 엄격한 레거시 후보만 보강하며 실제 자산 URL을 사용한다 (1.6503ms)
✔ gallery image load failures keep a clear, accessible fallback in the reserved card area (6.3252ms)
✔ migration journal has contiguous indices, increasing timestamps, and matching SQL tags (2.8234ms)
✔ successful HTTP status without the published generation is not claimed as completed (335.9757ms)
✔ response-loss retry preserves the same adjustment idempotency key and body (58.5133ms)
✔ player selection and pending state guard the actual adjustment form and same-tick submits (47.4492ms)
✔ successful adjustment remains locked until the refreshed generation arrives (37.2023ms)
✔ corrupt success responses for both commands remain uncertain and replay the original request (820.1204ms)
✔ unreadable JSON, transient errors and throttling keep the frozen request retryable (169.4816ms)
✔ expired or insufficient sessions preserve the request through a separate admin login (53.0156ms)
✔ generation conflicts require an explicit refresh and clear the selected adjustment player (24.1827ms)
✔ definitive input rejection preserves editable input and does not announce success (30.3082ms)
✔ admin without SUPER role sees no mutation form and valid recalculation requests retain preconditions (36.3434ms)
✔ recalculation modal starts at cancel and Escape restores the trigger without submitting (26.3662ms)
✔ recalculation modal cycles Tab in both directions and handles direct confirmation links (26.0471ms)
✔ opening a recalculation modal immediately locks background adjustments and cancel preserves input (25.3216ms)
✔ confirming the modal once closes it and retains the existing request and refresh lock (33.3739ms)
✔ public MMR page exposes canonical allowlisted filters and bounded projection summaries (1.5233ms)
✔ admin MMR workspace connects protected recalculate, adjustment, players and review states (24.8358ms)
✔ team balance provider selects READY MMR before statistics fallback (9.2449ms)
✔ MMR previous/next links reach later players and preserve validated search, position, and page size (15.4219ms)
✔ first and last MMR pages expose only valid directions (6.6837ms)
✔ selected position displays the score used to rank and that position's sample, including zero (16.2016ms)
✔ empty projection, unmatched search, and out-of-range page have different recovery actions (5.7327ms)
✔ invalid MMR address is rejected before loading and has a clean recovery link (5.7409ms)
✔ MMR load failure retries the same bounded query without pretending the list is empty (1.8117ms)
✔ unknown root addresses keep one complete public shell and recovery links (10.3119ms)
✔ public resource and invalid-query recovery uses the existing layout without nesting another shell (2.3648ms)
✔ application error recovery keeps the public main landmark singular (27.4881ms)
✔ admin not-found content stays behind its layout authorization and inside one admin shell (68.7689ms)
✔ actual review and delete handlers send the strong numeric ETag accepted by the server parser (413.366ms)
✔ lost responses and unreadable successes preserve request identity and edited inputs for retry (84.1102ms)
✔ changing an unsuccessful review payload uses a separate idempotency identity (175.0163ms)
✔ review is guarded against same-tick clicks and stays locked through server refresh (36.2746ms)
✔ a stale revision preserves local input until explicit reload and expired sessions link back to the same record (90.6339ms)
✔ successful deletion navigates to its filtered list and cannot repeat before navigation (131.3067ms)
✔ record detail keys review state to the record revision after an explicit server refresh (97.2018ms)
✔ signed operation-form submit retains raw-body HMAC and durable replay boundaries (14.9804ms)
✔ admin mutation requires ADMIN session, same-origin, If-Match and idempotency (1.2538ms)
✔ admin pages expose filtered empty/error/unavailable states and compatibility routes (2.654ms)
✔ operational diagnostics remain admin-only server rendering with no polling or mutation (6.4541ms)
✔ public operations endpoints expose bounded settings and minimum health only (17.6529ms)
✔ admin mutations and downloads retain strong server authorization boundaries (2.6959ms)
✔ internal maintenance requires a signed job and never accepts session authorization (4.6359ms)
✔ Vercel schedules destruction ratings, statistics, MMR, Riot and daily Kakao close through protected GET boundaries (2.4521ms)
✔ route groups are removed while concrete and dynamic segments become canonical URLs (47.261ms)
✔ route fixtures override parameter fixtures and every missing dynamic fixture fails immediately (1.2597ms)
✔ recommendation query variants reject a malformed transcribed draft fixture (0.6801ms)
✔ capture sessions are isolated by authentication boundary (0.2292ms)
[capture-plan] 1 page files -> 4 capture targets at C:\Users\sjh11\AppData\Local\Temp\klol-capture-cli-EP89fu\nested\capture-plan.json
✔ the CLI contract reads a fixtures JSON file and creates its output directory (34.0513ms)
✔ the repository plan covers every page once, resolves IDs and adds reviewed variants (1731.0049ms)
✔ 사용자·관리자 상세 화면은 저장소 오류 상태에서도 페이지 제목과 상태 의미를 유지한다 (6.8872ms)
✔ 공용 미디어 편집 화면도 저장소 오류 상태에서 페이지 제목을 유지한다 (1.94ms)
✔ 챔피언 이미지 projection은 0025 적용 전에도 공개 통계·목록 조회를 유지한다 (32.714ms)
✔ 플레이어 공개 프로필은 실제 경기 KDA와 신청 포지션 배치·팀 밸런스 점수를 함께 설명한다 (57.8702ms)
✔ 공개 Riot 읽기는 API·RSO 비밀 구성과 분리되고 UI가 미연동·대기·오류를 구분한다 (26.8443ms)
✔ 플레이어 검색어는 문자열·배열·미입력을 하나의 안전한 문자열로 정규화한다 (0.6906ms)
✔ 중복 q 파라미터 배열은 첫 값으로 정규화되어 trim 오류를 만들지 않는다 (0.2208ms)
✔ 검색 유스케이스는 PlayerRepository 포트를 통해 주입된 구현만 호출한다 (1.2328ms)
✔ PWA manifest and layout publish the expected install contract (39.971ms)
✔ service worker caches static public assets only (32.168ms)
✔ install icons exist and are not empty (17.2785ms)
✔ rankings preserve complete Latin/Korean names, Riot IDs, player links, and separate metrics in every view (82.93ms)
✔ ranking player links can shrink and wrap unspaced names in narrow and wide layouts (9.6453ms)
✔ 공개 구인 카드와 API DTO는 참여자 표시 정보만 노출한다 (47.1652ms)
✔ 내전 등록·상세 UI는 경기 시간을 입력하거나 표시하지 않는다 (54.4123ms)
✔ 이벤트 대회와 멸망전은 목록·필터·신청 CTA·관리 흐름을 독립 경로로 유지한다 (104.1813ms)
✔ account pagination reports the filtered total and page range while retaining filters and page size (48.6098ms)
✔ partial jobs expose their finite diagnostic next to the existing status (5.7982ms)
✔ first and last job pages expose only valid navigation and preserve the status filter (8.9303ms)
✔ log navigation retains its source and does not produce an incompatible account status (2.7215ms)
✔ bulk preview remains a bounded first batch without ordinary page navigation or invented totals (1.8492ms)
✔ a now-empty page can return to available results without displaying a nonexistent range (1.7946ms)
✔ navigation respects the query ceiling and unavailable data never pretends there are zero accounts (5.9093ms)
✔ sync: cancel focus, both Tab boundaries, Escape and trigger restoration execute without requests (251.0646ms)
✔ link: cancel focus, both Tab boundaries, Escape and trigger restoration execute without requests (60.1526ms)
✔ sync: open preview locks background submissions and freezes the selected request until explicit confirmation (72.1382ms)
✔ link: pending Escape stays locked, errors remain in the modal and a completed request restores focus (47.7489ms)
✔ owner renders a Korean partial cause with the existing sync action and no raw diagnostic (33.0709ms)
✔ owner never renders an unknown diagnostic body or prototype key (74.3168ms)
✔ real Riot link method values have concrete labels without claiming ownership for admin links (43.6772ms)
✔ history chart server output preserves tooltip text for every chart mode (267.4022ms)
✔ match growth server output preserves own and opponent tooltips without fabricated missing values (138.3605ms)
✔ match summaries render identical Korean clock text across server and browser locale data (374.6536ms)
✔ filter and chart date keys use fixed Korean calendar parts across locale data and year boundaries (135.9051ms)
✔ app/(public)/(applications)/applications/error.tsx: 다시 시도 re-fetches the failed server segment (64.0856ms)
✔ app/(admin)/admin/players/error.tsx: 다시 시도 re-fetches the failed server segment (9.5099ms)
✔ app/(admin)/admin/users/error.tsx: 다시 시도 re-fetches the failed server segment (6.3568ms)
✔ app/(admin)/admin/users/[userAccountId]/error.tsx: 다시 시도 re-fetches the failed server segment (17.6988ms)
✔ Kakao pending API splits ADMIN reads from SUPER TOTP mutations (54.7845ms)
✔ pending operator UI uses bounded filters, a player picker and revision-safe commands (9.7437ms)
✔ public season applications expose Kakao-started recruit rounds without leaking pending identities (7.6508ms)
✔ feature-gated site assistant is mounted globally and uses protected AI contracts (3.6273ms)
✔ site feature access fails closed for missing or unreadable settings (13.1272ms)
✔ registration feature protects both its page and mutation before credential work (9.5303ms)
✔ match submission feature keeps reads available but guards every owner mutation (38.9852ms)
✔ Kakao help feature controls its public guide without exposing configuration (6.6036ms)
✔ recruit guide teaches participation and guarded edits before optional creation (10.7232ms)
✔ recommendation APIs keep owner/admin scope and the team-balance feature boundary (26.6858ms)
✔ team-balance pages expose recommendation views and fail closed with the site switch (7.6355ms)
✔ owner team recommendations retain the selected tab, team and draft after authentication (64.1351ms)
✔ owner draft pagination and authentication preserve the applied page size (44.0328ms)
✔ admin team recommendations retain the selected tab, team and draft after authentication (37.5642ms)
✔ admin draft pagination and authentication preserve the applied page size (18.4161ms)
✔ a lost create response retries the exact draft request with its original idempotency key (68.8065ms)
✔ editing an unresolved draft request uses a new key and returning to the original input retains its retry (47.1523ms)
✔ draft workspace retries an uncertain mutation before refresh and separates later revisions (58.3585ms)
✔ manual edits cannot save, copy or submit the previous selected team before evaluation (145.5656ms)
✔ manual selection sends edited players and keeps them locked through response and refresh (35.7614ms)
✔ archived team drafts cannot be rearranged by keyboard or drag handlers (21.5522ms)
✔ failed manual evaluation preserves edited slots and retries the same revision and request key (24.5798ms)
✔ 랜덤 팀 화면은 도메인 계산과 입력·빈·오류·결과·복사·초기화 상태를 연결한다 (23.9888ms)
✔ 코인 토스 화면은 제작 영상과 상태머신·fallback 공개 경로를 함께 둔다 (14.0138ms)
✔ 공개 도구 페이지에는 상호 이동과 canonical metadata가 있다 (4.8436ms)
✔ 팀 밸런스 화면은 승인 계정, 10명 입력, V1 단일 추천·공유·수동·저장·재평가 수명주기를 연결한다 (7.1888ms)
✔ 팀 밸런스 후보 API는 승인 계정과 안전한 서버 검색·신청 그룹 경계를 사용한다 (1.8955ms)
✔ 시작 페이지는 익명·계정 상태·승인 계정·관리자 진입을 구분한다 (1.8885ms)
✔ Riot 도움말은 직접 연결과 별도 본인 인증, 공개·비공개 범위를 안내한다 (2.8364ms)
✔ 설치 화면은 install prompt와 iOS·Android PWA·개인 캐시 금지를 구분한다 (10.3578ms)
✔ 사용자 shell은 skip target, landmark, modal search, 모바일 5개 진입점을 제공한다 (27.6058ms)
✔ 전체 메뉴는 목적별로 기능을 보여주고 필요한 계정 접근을 안내한다 (3.3985ms)
✔ 일반 로그인은 홈으로 돌아가고 로그인된 헤더·모바일 메뉴는 내 정보를 표시한다 (2.9896ms)
✔ V2 UI는 실제 운영 데이터가 없을 때 합성 샘플을 사용자 화면에 연결하지 않는다 (2.2742ms)
✔ 사용자와 관리자 로그아웃 UI는 세션 폐기 성공 뒤에만 로그인 화면으로 이동한다 (1.905ms)
✔ 관리자 계정 상세는 저장소 장애를 존재하지 않음 404로 축소하지 않는다 (2.144ms)
✔ 모바일 관리자 메뉴에서도 현재 역할과 안전한 로그아웃을 제공한다 (2.0982ms)
✔ 관리자 로그인은 비밀번호 후 원래 화면으로 이동하며 인증 코드 필드가 없다 (1.0067ms)
✔ 계정 작업 UI는 stale revision에서 최신 projection을 읽고 안내를 유지한다 (8.3777ms)
✔ 일회성 비밀번호는 숨김·BFCache 복귀·명시적 닫기에서 메모리와 안내를 함께 종료한다 (1.741ms)
✔ 내 계정 플레이어 탭은 대기 claim과 거절 claim을 구분한다 (1.0642ms)
✔ 내 계정 상태 안내는 공개 사유가 없을 때도 상태별 기본 문구를 구분한다 (3.2716ms)
✔ 계정 시각은 공통 Asia/Seoul 24시간 포맷터를 사용한다 (5.7168ms)
✔ 가입·본인 비밀번호 변경 UI는 성공과 pagehide에서 비밀번호 fingerprint ref를 즉시 비운다 (2.8405ms)
✔ 정적 마감 대상의 native button은 submit 여부를 명시한다 (418.4246ms)
✔ 이벤트 운영 폼은 내부 UUID나 JSON 복사를 요구하지 않는다 (2.8844ms)
✔ 완성된 메뉴와 관리자 검색은 과거 단계 문구를 노출하지 않는다 (0.982ms)
✔ Riot ID의 게임 이름과 태그는 각각 이름을 가진다 (0.247ms)
✔ 화면 효과는 스트리밍 중인 React 하위 DOM을 변경하지 않는다 (14.5359ms)
✔ 전역 효과 CSS는 감속 모드·정밀 포인터·강제 색상 경계를 유지한다 (4.1806ms)
ℹ tests 626
ℹ suites 0
ℹ pass 626
ℹ fail 0
ℹ cancelled 0
ℹ skipped 0
ℹ todo 0
ℹ duration_ms 4879.0236

> klol-gg-v2@0.1.0 test:unit
> tsx --test tests/*.test.ts

✔ KST date-time formatting is deterministic and never uses AM/PM (1.7973ms)
✔ one-time secret response is discarded after any hidden-page boundary (0.1538ms)
✔ initial pageshow does not invalidate a request, while history restoration does (0.1307ms)
✔ every account conflict reason has an explicit safe actionable HTTP problem (0.7487ms)
✔ recovery response timing applies the same bounded floor with injectable time (0.2918ms)
✔ signup is an exact agreement-bound contract with NFKC lowercase identities (3.2514ms)
✔ login and password change reject extra keys, controls, reuse, and weak passwords (0.3571ms)
✔ own player edit retains compatibility with Riot ID and supported tier fields (1.2695ms)
✔ own player names are normalized, bounded and cannot target another account (0.3978ms)
✔ claim approval requires an exact explicit manual-review acknowledgement shape (0.5462ms)
✔ sensitive administrator mutations require an exact typed target login id (0.7643ms)
✔ admin account list query is canonical, bounded, and rejects duplicates or controls (0.8106ms)
✔ password verification identifies legacy bcrypt and new scrypt with dummy work for unusable hashes (190.2363ms)
✔ safe next accepts only normalized same-origin paths (1.1077ms)
✔ account next rejects ambiguity, browser normalization tricks, and administrator paths (0.2804ms)
✔ login limiter caps attempts by normalized login and resets after its window (1.1559ms)
✔ login work gate releases capacity exactly once (0.2784ms)
✔ rate-limit IP keys trust only Vercel's anti-spoofing header on Vercel (24.0148ms)
✔ mutation guard requires an exact same origin (1.8886ms)
✔ body guard stops reading after the byte limit (5.4718ms)
✔ invalid gallery files do not consume the five valid upload slots (1.8913ms)
✔ gallery file planning applies remaining capacity after validation (0.1774ms)
✔ short-lived gallery upload reports are bounded before display (0.2835ms)
✔ administrator parity ledger accounts for all 81 V1 pages exactly once (1.415ms)
✔ administrator transition decisions preserve the approved totals (0.1847ms)
✔ runtime parity ledger cannot drift from the reviewed route map (10.3013ms)
✔ every destination stays inside the reviewed administrator or operations-doc boundary (0.653ms)
✔ legacy administrator routes resolve only to reviewed same-origin destinations (0.732ms)
✔ target interpolation rejects missing parameters and non-local destinations (0.5043ms)
✔ 관리자 대상 선택기 검색은 bounded query와 선택 유지 ID만 허용한다 (1.6896ms)
✔ 관리자 대상 선택기는 짧은·중복·미허용·bidi·잘못된 include를 거부한다 (0.369ms)
✔ TOTP lifecycle payloads are self-only and accept exactly one six-digit code (1.1879ms)
✔ generated TOTP secrets contain 160 random bits in canonical base32 form (0.463ms)
✔ TOTP credential fingerprint binds every encrypted envelope field (2.7012ms)
✔ fixture authentication requires a live short-lived verifier proof on loopback (19.9509ms)
✔ production session cookies are Secure even when transport inference is false (0.2316ms)
✔ account and administrator elevation cookies coexist with purpose-bound lifetimes (1.0265ms)
✔ JWT decode rejects oversized attacker input before JOSE parsing (0.4009ms)
✔ administrator IA exposes exactly ten unique protected workspaces (1.4147ms)
✔ every administrator workspace has a canonical App Router page (0.8991ms)
✔ active workspace matching does not make the dashboard match every route (0.1687ms)
✔ dashboard leaves a real work destination available (0.1214ms)
✔ operations exposes all four existing form routes and selects their lists and details consistently (0.9254ms)
✔ versioned keyrings require explicit current 32-byte keys (3.578ms)
✔ database authentication fails closed when any required runtime value is missing (0.594ms)
✔ AES-256-GCM TOTP envelope binds ciphertext to account and key version (1.1449ms)
✔ session signing keyring writes current kid and still verifies retained prior keys (14.1953ms)
✔ session codec round-trips only the minimal signed claims (19.5573ms)
✔ session codec generates a unique required jti for every issuance (2.3893ms)
✔ session codec rejects tampering, expiry, and a different secret (15.8501ms)
✔ session codec requires iat and enforces the 30 minute lifetime contract (2.843ms)
✔ session codec pins issuer, audience, algorithm, and rejects future issuance (2.0842ms)
✔ authorization requires an administrator session and role without TOTP (0.25ms)
✔ account sessions are limited by status and never become administrator elevation (0.2312ms)
✔ codec accepts seven-day ACCOUNT sessions but rejects seven-day ADMIN sessions (5.6363ms)
✔ session is revoked when account state, role, or authVersion changes (0.4193ms)
✔ approved administrators log in using only a password, regardless of legacy TOTP enrollment or keys (493.6016ms)
✔ administrator password login still rejects user roles, unapproved accounts and temporary passwords (504.0416ms)
✔ login input rejects control characters and invalid legacy OTP fields (48.8706ms)
✔ browser capture closes its pool and preserves the original error when setup fails before the server exists (212.0638ms)
✔ a new browser ACTIVE season receives only a missing display projection and coherent long-name top-three rows (38.0754ms)
✔ an existing READY generation remains untouched and unsafe databases are refused before capture writes (23.2921ms)
✔ canonical selector parser preserves one reviewed value (1.7556ms)
✔ canonical selector parser rejects duplicates, unknown keys, and unreviewed values (0.3358ms)
✔ legacy application and season review destinations render distinct canonical states (1.4816ms)
✔ champion identity and public DTO are canonical and allowlisted (1.8212ms)
✔ ADMIN TOTP create, update and deactivate preserve history (4.1646ms)
✔ exact receipt replay returns before aggregate lock (0.5276ms)
✔ authorization and immutable body tampering fail closed (0.6356ms)
✔ outbox failure rolls aggregate, audit and receipt back together (0.3708ms)
✔ champion HTTP boundary binds exact input, session, revision and idempotency (30.0875ms)
✔ 173-row V1 fixture maps every NULL portrait to a unique official URL (2.7252ms)
✔ backfill blocks duplicate identities and unmatched rows (0.4524ms)
✔ pinned Data Dragon catalog contains 173 unique official champions (0.7533ms)
✔ home splash chain keeps high-resolution artwork ahead of icon and stored fallback (0.7634ms)
✔ resolver uses official ids for canonical, legacy, numeric and Korean lookups (0.208ms)
✔ all generated portrait URLs use the pinned official version (0.2643ms)
✔ candidate chain prefers official identity, then validated stored URL, then text fallback (0.232ms)
✔ champion list query is strict, bounded, and public status cannot be overridden (1.6261ms)
✔ admin DTO exposes revision and status but no hidden account or storage fields (1.5401ms)
✔ event lifecycle follows its explicit path and restores only its recorded cancelled state (1.9913ms)
✔ event lifecycle cannot complete without a confirmed final or leave a terminal state (0.1828ms)
✔ destruction lifecycle gates auction, preliminary, four-team tournament, and final (0.2538ms)
✔ rosters enforce five unique players, positional coverage, ARAM semantics, and one captain (0.5783ms)
✔ best-of results require an exact clinching score and a consistent winner (1.0161ms)
✔ single elimination seeding is canonical and creates replayable bye/source-fixture structure (1.0667ms)
✔ bracket advancement is deterministic, idempotent, and rejects overwrites or premature results (0.5183ms)
✔ round robin schedules each pair exactly once without same-round double booking (0.4402ms)
✔ group round robin is group-key canonical and prevents cross-group duplicates (0.2891ms)
✔ standings rebuild from the full confirmed fixture set with V1-compatible canonical ties (0.5488ms)
✔ command envelope and receipt validators bind actor purpose, optimistic revision, and digests (2.5274ms)
✔ audit and outbox contracts reject secret-bearing or incoherent records (0.4207ms)
✔ competition display projections prefer human labels and never fall back to raw identifiers (0.7246ms)
✔ event result gallery can be linked only during or after play (4.0371ms)
✔ POSITION applications upsert, retain identity, cancel, and reactivate only inside recruitment (1.6913ms)
✔ ARAM applications reject position claims and accept positionless entries (0.2904ms)
✔ admin import is atomic at the aggregate boundary and recruitment closes with exactly ten active entries (0.9491ms)
✔ event consumes the S06 balance port shape and validates two complete five-person rosters (1.9524ms)
✔ seeded bracket derives the champion, supports correction, and completes with an event participant MVP (1.3416ms)
✔ correcting an upstream result preserves the other branch and explicitly invalidates downstream results (0.801ms)
✔ cancellation recovery restores only the recorded phase and public DTOs omit private ownership data (1.1389ms)
✔ command handler rechecks authorization in-transaction and commits aggregate, audit, outbox, then receipt (3.19ms)
✔ authorized idempotency replay skips aggregate work and a mismatched fingerprint fails closed (0.6366ms)
✔ command handler rejects stale expected revisions before any aggregate write (0.3593ms)
✔ command metadata cannot downgrade admin commands or detach owner intent from the player (0.4825ms)
✔ competition saved views only accept one allowlisted type (0.7673ms)
✔ event application deep link rejects unrelated and repeated values (0.2172ms)
✔ destruction detail deep links retain only valid section-bound values (1.0056ms)
✔ administrator live auction view requires the complete exact pair (0.9294ms)
✔ requires the exact destructive cutover acknowledgement and PostgreSQL URL (1.0032ms)
✔ orders read-only preflight, migration, and one repeatable-read import transaction (2.1719ms)
✔ rolls back the import transaction and closes the pool on phase failure (0.4778ms)
✔ rolls back read-only preflight before migration when the source check fails (0.4451ms)
✔ V1 events preserve participant ownership, team membership and a canonical import revision (4.4774ms)
✔ V1 event winners are replayed through the deterministic V2 bracket (1.1551ms)
✔ V1 destruction preserves four validated rosters, applications and auction balances (1.8935ms)
✔ lossy cancellation and in-flight auction states fail closed while gallery linking is deferred (1.2157ms)
✔ empty source imports are rerunnable and never control the caller transaction (1.2952ms)
✔ core record import is externally transactional and idempotent (3.9344ms)
✔ core record import uses qualified V1 sources and the shared legacy UUID mapping (0.3485ms)
✔ core integrity sends an escaped Data Dragon allowlist to PostgreSQL (0.4961ms)
✔ integrity failure stops before the first write (0.9466ms)
✔ imports supported discipline and public Riot projections (3.4531ms)
✔ a clean rerun inserts no rows and still reconciles (0.212ms)
✔ rejects an actor that cannot own imported discipline records before writes (0.3999ms)
✔ does not silently drop discipline task states that need evidence migration (0.1558ms)
✔ rejects Riot summaries that cannot be represented without a safe link (0.1856ms)
✔ throws when imported extension rows fail reconciliation (0.1829ms)
✔ imports V1 accounts and players through deterministic legacy mappings (1.9909ms)
✔ a clean rerun inserts nothing and still reconciles (0.2072ms)
✔ fails before writes when source identity data is unsafe (0.5186ms)
✔ throws on missing relationships so the caller transaction can roll back (0.1735ms)
✔ throws when target legacy IDs or core relationships do not reconcile (0.1969ms)
✔ imports public media URLs and inhouse private-asset metadata without secret blobs (2.3271ms)
✔ legacy public URLs remain visible through the V2 media projection (0.4521ms)
✔ a clean rerun inserts or relinks nothing and still reconciles (0.4366ms)
✔ rejects unsafe gallery URLs before the first write (0.6284ms)
✔ throws when imported metadata does not reconcile (0.2955ms)
✔ projects only bounded Kakao feature settings and records excluded operational row counts (2.4088ms)
✔ a clean rerun does not rewrite the already reconciled settings projection (0.4293ms)
✔ rejects invalid_actor before any target mutation (0.462ms)
✔ rejects invalid_settings_root before any target mutation (4.048ms)
✔ rejects invalid_boolean_settings before any target mutation (0.1793ms)
✔ rejects invalid_max_message_length before any target mutation (0.1679ms)
✔ fails closed when the target does not exactly reconcile (0.258ms)
✔ the preservation policy explicitly excludes logs, secrets, transient jobs and caches (0.1856ms)
✔ imports parties and normalized operation forms idempotently in the caller transaction (3.3613ms)
✔ uses qualified V1 sources, full target UUID kinds, and parameterized reviewer identity (0.8722ms)
✔ blocks malformed dates and members before any target write (0.9481ms)
✔ rejects invalid or non-SUPER cutover actors (0.6166ms)
✔ reconciliation failure asks the caller to roll back (0.3936ms)
✔ documents V1 party, operation-form, and scrim schema gaps (0.2139ms)
✔ season applications, saved drafts, and MMR projections import idempotently (3.1834ms)
✔ uses fully-qualified source tables and deterministic full target UUID kinds (0.8222ms)
✔ unrepresentable source data fails before the first target write (0.6354ms)
✔ preflight explicitly covers missing draft owners, nullable legacy game IDs, and review provenance (0.2404ms)
✔ source/target count mismatch requests caller rollback (0.3985ms)
✔ complete uses ADMIN intent, expectedRevision, one atomic audit/outbox/receipt commit, and replay (7.1942ms)
✔ idempotency conflicts, stale revisions, account sessions, and scope drift fail closed (2.8528ms)
✔ cancel and restore retain only the recorded lifecycle recovery state (0.9762ms)
✔ public DTO is an explicit allowlist without cancellation reason, raw votes, audit, or session material (0.4014ms)
✔ application port types retain JSON-safe public response material (0.3704ms)
✔ one-off auction tiers apply sample shrinkage and bind captain points to the same valuation (1.6538ms)
✔ Riot collection freezes the latest 100-ID window, resumes batches, excludes remakes and never mixes queues (30.1323ms)
✔ upstream failures and missing data never turn into zero-win ratings (3.7811ms)
✔ absolute lookup expands 90/180/365 days using valid games, fixed end and deduplicated details (1.6829ms)
✔ absolute empty results try all three windows before declaring missing data (0.5983ms)
✔ absolute collection stops expanding at twenty valid games and caps all windows at 100 details (13.751ms)
✔ HTTP callers cannot supply fabricated Riot records, grades, or arbitrary modes (0.6798ms)
✔ verified input requires mode, bounded counts and evidence without caller-supplied pricing/source (0.5183ms)
✔ the eight preliminary configurations derive BO1/BO3 and enforce viable lane capacity (1.8014ms)
✔ captain points use the versioned arithmetic boundary: subtract, round to ten, clamp (0.2109ms)
✔ owner/admin cancellation intent is explicit and cannot cancel another user's application (0.476ms)
✔ captain confirmation and seeded auction preserve draw, balance, roster, and position invariants (3.3938ms)
✔ preliminary standings always rebuild from the full fixture set and seed four finalists (1.6551ms)
✔ a replacement changes only the current roster and cannot rewrite an existing fixture snapshot (4.8166ms)
✔ match-wide MVP voting bans self votes, requires ten voters, and limits tie revotes (4.6234ms)
✔ the common bracket can finish semifinal and final fixtures for destruction completion (0.5621ms)
✔ captain preference is boolean-only, optional for legacy callers, and part of idempotency (4.3552ms)
✔ destruction list query is an explicit single-value allowlist (0.7474ms)
✔ destruction list accepts blank native GET controls without accepting invalid filters (0.8033ms)
✔ admin parser covers lifecycle commands and rejects unknown or extra material (1.9539ms)
✔ service binds owner identity, request fingerprint and SUPER-sensitive intent server-side (1.1099ms)
✔ HTTP mutation boundary requires same origin, If-Match and Idempotency-Key (37.3813ms)
✔ agreed 30/50/10/5/5 formula uses fixed absolute cutoffs and no participant percentiles (2.1437ms)
✔ unknown data is neither a zero nor a redistributed weight; zero-weight components are excluded (0.8762ms)
✔ solo rank bands and champion breadth avoid entrant-dependent ranks and cumulative-points dominance (0.4757ms)
✔ support and damage contributions use fixed role targets; absent statistics remain unknown (0.7166ms)
✔ automatic step persists partial collection, rate limits, missing data, and produces a score only when complete (4.4974ms)
✔ Riot facts request normal APIs, validate source rows and never infer unranked or missing challenges as zero (26.797ms)
✔ challenge matching tolerates locale typography but rejects seasonal, inactive, duplicate and missing facts (4.7323ms)
✔ cron authentication rejects unauthorized requests before touching data and exposes only counters (2.9797ms)
✔ admin payload cannot inject weights, scores, source or arbitrary extra fields (1.2401ms)
✔ self-reported total games ignore win rate, cap at 300 and distinguish zero from missing (1.2391ms)
✔ new automatic evaluation combines numeric input with four sources without requesting ARAM (1.3531ms)
✔ unfrozen old formulas drop the proxy, preserve other facts and weights; frozen auctions never change (1.0372ms)
✔ recruitment counters exclude withdrawn and rejected applications; transition identifies a missing lane (2.4831ms)
✔ auction completion requires all five positions and refuses a paused auction (0.3097ms)
✔ preview generation retains every legacy format and produces no self matches or duplicate fixture IDs (1.4906ms)
✔ auction eligibility and server validation retain the minimum points for every unfilled slot (1.5783ms)
✔ public progress reveals totals and standings without exposing applicant ownership or raw ballots (14.3224ms)
✔ only a stale revision produces HTTP 412; business preconditions produce 409 (21.5294ms)
✔ optional schedule preserves old snapshots and rejects reversed or invalid dates (1.8072ms)
✔ positionless recruitment and auction preserve headcount and money without imposing roles (1.1389ms)
✔ owner submission rechecks authorization and binds a READY private asset atomically (4.5359ms)
✔ exact replay returns the durable body without touching the task or asset (0.6235ms)
✔ missing private asset and failed authorization use existence-masked errors (0.7881ms)
✔ outbox failure rolls task, audit, outbox and receipt back together (0.4788ms)
✔ review requires an ADMIN-purpose TOTP recheck and approves the exact evidence batch (0.6792ms)
✔ tampered immutable request body fails before the transaction (0.2763ms)
✔ identity prioritizes account then player and normalizes direct identity (0.7951ms)
✔ warning policy preserves V1 counts and deterministic oldest-first conversion (0.6937ms)
✔ three active warnings create one review and an existing pending review suppresses duplicates (0.1755ms)
✔ owner evidence submission reaches review only at the exact required count (0.4862ms)
✔ rejection creates a batch boundary and requires a complete fresh batch (0.1729ms)
✔ stale, non-owner, duplicate, expired and invalid review operations fail closed (0.5852ms)
✔ public discipline DTO contains aggregate counts only (1.3419ms)
✔ discipline admin input parsers keep a closed field allowlist (1.497ms)
✔ review and cancellation bodies reject ambiguous shapes (0.212ms)
✔ event public query rejects duplicate and unknown filters (3.073ms)
✔ event list accepts blank native GET controls without accepting invalid filters (0.3534ms)
✔ event service creates a server-fingerprinted command and rejects unstable identifiers or even BO (2.3161ms)
✔ own application requires a stable participant UUID so retry fingerprints cannot drift (1.0375ms)
✔ ARAM application reaches the aggregate without fabricated position preferences (0.5041ms)
✔ event gallery command accepts only an exact nullable gallery identifier (0.6377ms)
✔ event transaction retries a rolled-back serialization failure with a fresh context (30.7298ms)
✔ event transaction retries deadlocks but bounds repeated database contention (79.3555ms)
✔ event transaction does not retry validation or unrelated database errors (0.5689ms)
✔ 익명 검색에도 계정 기능을 발견할 수 있고 접근 필요 상태가 유지된다 (1.7367ms)
✔ 팔레트 바로 가기는 실제 canonical 사용자 페이지 안에서만 구성된다 (4.1426ms)
✔ 로그인 전역 검색은 페이지·도구·콘텐츠·계정 키워드를 정규화해 찾는다 (2.6695ms)
✔ 플레이어 검색은 공백을 정리하고 URL 구성요소를 안전하게 인코딩한다 (0.3924ms)
✔ home prioritizes ongoing competitions before newer completed records without mutating input (11.5605ms)
✔ home omits only placeholder-only titles, retaining meaningful titles containing test (1.3318ms)
✔ 홈의 서로 다른 공개 피드는 시간 역순과 ID tie-break로 결정적으로 합쳐진다 (11.3663ms)
✔ 홈 피드 제한은 음수와 비정수 값을 거부하고 0은 빈 피드를 만든다 (0.4134ms)
✔ 홈 멸망전 우승 갤러리는 FK 연결을 우선해 중복 제거하고 게시일 역순과 최대 개수를 지킨다 (0.2953ms)
✔ 오늘의 챔피언은 KST 날짜·활성 목록에 대해 SSR에서도 결정적이고 다음 날 변경된다 (11.7696ms)
✔ 오늘의 챔피언 문구와 챔피언별 개별 재구성 이미지를 연결한다 (0.5453ms)
✔ 홈 안내 허용 목록은 공식 매핑을 통과한 여성 챔피언 68명과 고유 문구를 갖는다 (0.5587ms)
✔ 특례 네 챔피언은 포함하고 Kindred와 남성·미확인 후보는 기본 거부한다 (0.2045ms)
✔ 레거시 키는 표시 이름으로 canonicalize하며 같은 공식 챔피언을 한 번만 선택한다 (0.2874ms)
✔ trace IDs accept only non-zero 32-digit hexadecimal values (0.9315ms)
✔ traceparent parsing pins version 00 and rejects ambiguous or zero identifiers (0.2593ms)
✔ validated trace extraction does not fall back around a malformed traceparent (23.8455ms)
✔ public problem definitions reject unsafe public fields (0.6168ms)
✔ problem responses expose only the fixed public contract and validated trace ID (4.339ms)
✔ forged problem objects fall back without leaking stack, SQL, or extra fields (0.9184ms)
✔ no-store response helpers enforce API security headers over caller overrides (2.7686ms)
✔ JSON content types allow UTF-8 JSON and structured +json only (0.5579ms)
✔ JSON body reader preserves split UTF-8 code points and reports actual bytes (3.7936ms)
✔ JSON body reader separates media type, empty body, UTF-8, and JSON errors (1.8059ms)
✔ JSON body reader rejects duplicate decoded object keys at every nesting level (0.8753ms)
✔ JSON body reader enforces declared and streamed byte limits (0.8843ms)
✔ JSON body reader rejects malformed and mismatched Content-Length (2.7107ms)
✔ JSON body reader reports stream failures and rejects unsafe limit configuration (1.9202ms)
✔ JSON body reader cancels a rejected unread stream without exposing its data (0.2313ms)
✔ problem mappings keep parser failures on the reviewed public catalog (0.236ms)
✔ Idempotency-Key parsing is strict, bounded, and case preserving (0.2885ms)
✔ idempotency hash material is deterministic and domain separated (0.5943ms)
✔ revision parsing accepts canonical non-negative safe integers including schema default 0 (0.2536ms)
✔ If-Match parsing requires one strong integer revision ETag (0.3298ms)
✔ pagination parsing applies defaults and explicit upper bounds (0.313ms)
✔ pagination rejects duplicate, ambiguous, oversized, and attack-shaped values (0.2331ms)
✔ pagination rejects unsafe parser configuration (0.1468ms)
✔ every application icon import resolves to a generated image, including shared UI controls (4607.1306ms)
✔ image icons preserve size, accessible names and decorative semantics (0.4335ms)
✔ artwork files match their provenance, alpha grids and transfer budget (102.4079ms)
✔ Kakao operation settings accept only bounded secret-free fields (1.3199ms)
✔ Kakao runtime configuration exposes booleans, never secret values (0.2778ms)
✔ Kakao message policy normalizes before applying the stored length limit (0.1407ms)
✔ Kakao admin tab query accepts only allowlisted keys for the selected tab (0.2046ms)
✔ sensitive Kakao admin tabs require SUPER_ADMIN while operating tabs remain ADMIN (2.7285ms)
✔ party member statistics search is normalized and bounded (0.3691ms)
✔ Kakao assistant accepts only exact bounded search and read commands (1.9929ms)
✔ Kakao season snapshots require exact bounded participant slots and positions (1.7682ms)
✔ Kakao season command access keeps submit and status member-safe while force cancel stays trusted (0.1503ms)
✔ managed forms route only the explicit operation-form command (0.2216ms)
✔ Kakao image receive requires an owner-created opaque session and exact bounded fields (0.4801ms)
✔ player search DTO is an explicit public allowlist (0.2005ms)
✔ form codes are readable ASCII and normalize mobile fullwidth/lowercase input (0.9975ms)
✔ snapshot expiry is precisely the next 06:00 KST, including month/year boundaries (2.9057ms)
✔ identical canonical snapshot objects reuse their hash while row order remains significant (0.9849ms)
✔ snapshot storage rejects non-JSON, oversize and pathological nested originals before querying (6.2077ms)
✔ old-day, invalid scope and invalid code cannot read or issue snapshots (0.6474ms)
✔ guarded old name-only rows reach snapshot validation while new forms still require lanes (13.5353ms)
✔ legacy copies preserve current lanes and protected rows and do not resurrect removed entries (1.745ms)
✔ name-only additions, replacements, moves and stale draft guesses never bypass mandatory lanes (0.2758ms)
✔ legacy compatibility retains explicit deletion, replacement protection and field conflicts (0.3176ms)
✔ latest formatter sorts reserve gaps, prints one start phrase and makes no-change distinct from new registration (1.385ms)
✔ modern form round-trips empty metadata and all requested Rift line syntaxes (11.2538ms)
✔ Rift missing lines, duplicate names and incomplete copies never become mutations (3.5715ms)
✔ detail preserves aliases and reserve gaps and closed details cannot act as editable forms (0.7377ms)
✔ member guidance distinguishes no match, many matches and unverified match without claiming nonmembership (0.411ms)
✔ overview stays a list for one round, counts guests, and filled message uses mutation result only (0.636ms)
✔ copy merge preserves concurrent additions, applies deletion and field edits, and protects SITE entries (0.7359ms)
✔ editing a participant added after an empty form reports stale form, while latest form edits preserve other people (0.4223ms)
✔ line errors are actionable without calling storage; saved result survives overview read failure (1.8492ms)
✔ each inhouse mode saves once then returns all active modes instead of its copy form (1.6856ms)
✔ inhouse description accepts editable labels, preserves omission and rejects conflicting metadata (2.9585ms)
✔ R24 compact party form keeps the complete saved-result envelope copyable with one new name (12.4353ms)
✔ R24 fresh party templates need only a name and retain unknown time explicitly (2.9408ms)
✔ compact forms preserve jamo through parsing and storage and sort sparse reserve display slots (3.3437ms)
✔ R24 compact party forms cannot fall back to unguarded legacy parsing when the code is removed (0.9848ms)
✔ the full legacy party detail can add a name without changing existing members or its saved identity (1.8292ms)
✔ copyable forms retain literal metadata, sparse reserve slots, and reserve display names (1.1074ms)
✔ resubmitting the current unchanged full form preserves the aggregate and revision (11.9901ms)
✔ line-party copies preserve stored slot names when old position metadata is missing or inconsistent (2.8921ms)
✔ metadata mentioning another recruitment title does not become a second form title (2.1914ms)
✔ custom stored titles remain visible in status while copy forms use the stored party type and capacity (4.6689ms)
✔ detail header and summary identity conflicts are ambiguous and never canonicalize (8.9578ms)
✔ out-of-range detail identifiers and capacities are rejected (1.76ms)
✔ ADR0011 overview includes all 99 numbers, bounds only summaries and keeps drafts private (11.721ms)
✔ ADR0011 blank numbered draft round-trips CRLF and an optional display separator (6.3281ms)
✔ party parser keeps raw slot intent across Kakao punctuation variants (6.8336ms)
✔ party parser accepts clipped headers and an adjacent wrapped slot value (1.0127ms)
✔ display values keep compatibility jamo while form numbers and codes retain width compatibility (0.5885ms)
✔ display separators never become metadata or a participant and blank rows remain explicit (1.1568ms)
✔ metadata is order independent, multiline, and keeps absent separate from empty (0.9851ms)
✔ V1 line-party position fixtures keep canonical positions (0.3545ms)
✔ duplicate, merged, missing, and multiple-number structures are diagnosed without last-wins parsing (1.3949ms)
✔ recoverable, rejected, and ordinary text decisions remain distinct (4.7371ms)
✔ numbered primary rows must stay within the submitted capacity even when empty (4.875ms)
✔ saved form references require one concrete recruit number and cannot request automatic creation (15.1608ms)
✔ only EXACT party forms become SYNC while parsed title and slot states reach canonical payload (3.1935ms)
✔ metadata-only party activation forms accept slash and keep organizer separate from members (0.764ms)
✔ the reported #11 party template classifies as one metadata activation snapshot (8.1344ms)
✔ generated operating day wins across the 06:00 boundary while legacy forms keep fallback behavior (5.452ms)
✔ 내전/스크림 번호ㅉ 명령은 slash 유무와 관계없이 현재 운영일 FINISH로 canonicalize된다 (12.508ms)
✔ 다른 sender도 같은 installation/room의 내전 번호를 마감하고 최신 내전현황을 받는다 (1.1176ms)
✔ 다른 sender도 같은 installation/room의 스크림 번호를 마감하고 최신 스크림현황을 받는다 (1.1654ms)
✔ 동일 event replay는 내전 마감 한 번과 스크림 종료 안내를 재사용한다 (1.0264ms)
✔ room capability profiles are exclusive and exposed as authorization policies (4.0714ms)
✔ site notices are OFF by default and require an explicit target and identity (0.6975ms)
✔ notice source scope matches the real FEATURES inhouse router and rejects PARTY scope (1.0036ms)
✔ notice signatures bind action, exact target and installation with a separate protocol (0.4306ms)
✔ bounded envelope rejects arbitrary payload, room names and malformed ACK (0.399ms)
✔ site notices expire by recruiting-day rollover and unverified filter is distinct (2.2698ms)
✔ HTTP boundary authenticates before DB access, rejects replay and never caches (26.5116ms)
✔ V1 strict record always shows season/tier and the canonical multi-game recent line (1.0828ms)
✔ V1 strict recent, missing player, and empty ranking preserve the canonical copy (0.2299ms)
✔ V1 strict operation and season empty replies keep public V1 labels (0.8196ms)
✔ V1 strict season STATUS keeps canonical zero, one, and multiple-round results (0.1987ms)
✔ V1 strict season DETAIL keeps the full existing form and empty missing result (0.7895ms)
✔ V1 strict scrim time keeps an explicit M/D instead of forcing the operation date (8.256ms)
✔ V1 strict scrim time accepts 오전/오후 and H시 forms (3.5212ms)
✔ V1 strict scrim time preserves free text without exposing its internal memo carrier (2.0414ms)
✔ strict V1 and ordinary V4 reserve copyable drafts and return the overview after saving (6.7903ms)
✔ strict V1 detail is the full copyable form without repeated command guidance (0.8269ms)
✔ party overview keeps full, started and large parties in numeric order (1.0034ms)
✔ strict V1 missing detail uses the canonical not-found reply (0.482ms)
✔ strict V1 missing scrim detail uses the canonical success reply while ordinary V4 stays not-found (1.7635ms)
✔ strict V1 scrim status and detail preserve a free-text legacy start time (4.9848ms)
✔ Kakao HTTP verification reports allowlisted internal reasons without weakening the generic boundary (42.6981ms)
✔ V2 installation fingerprint is inside the HMAC material (2.0578ms)
✔ V3 binds installation key id, delivery id, and bot version inside the HMAC material (9.5042ms)
✔ legacy party and scrim mutations fail closed with an explicit V2 successor and no redirect (1.4464ms)
✔ 내전과 스크림 빠른 추가·삭제는 슬래시, 모바일 공백과 제한된 오타를 허용한다 (21.2601ms)
✔ 협곡 내전 빠른 추가는 이름만 또는 티어·라인 전체 입력을 모두 허용한다 (4.0167ms)
✔ 내전 전체 양식은 일반 명단과 예비 명단을 함께 동기화한다 (4.8091ms)
✔ 빠른 추가·삭제는 명확한 번호와 한 명의 안전한 이름만 허용한다 (2.1297ms)
✔ 내전 명령도 파티·스크림과 같은 오전 6시 운영일을 사용한다 (0.6893ms)
✔ 내전·스크림 생성은 DRAFT 번호를 먼저 예약하고 실제 번호가 든 양식만 응답한다 (2.9133ms)
✔ 내전 안내 문구는 공지가 아니며 스크림 빈 예약 양식은 활성화 명령이 되지 않는다 (3.4939ms)
✔ 내전·스크림 빠른 추가는 이름을 서버 명령으로 보내고 최신 명단을 함께 응답한다 (2.5329ms)
✔ classifier exposes a complete canonical/profile matrix (1.6548ms)
✔ all 101 V41 parity samples classify with zero-or-one slash equivalence (36.4072ms)
✔ the V1 compatibility fixture routes all classify into the six canonical families (10.7381ms)
✔ double slash, URL slash, separated slash, and middle slash stay UNKNOWN (0.3459ms)
✔ profile matrix routes recruit, features, and local commands explicitly (2.09ms)
✔ diagnostic and raw JSON commands are classified as internal, not user help (0.6477ms)
✔ party, inhouse, and scrim full forms win over command parsing as SNAPSHOT (2.3231ms)
✔ party snapshot accepts metadata-only activation fields and legacy participant rows (1.7849ms)
✔ R23 scrim retirement is structural and does not capture ordinary party names or game information (1.4292ms)
✔ party member mutations require an explicit detail prefix and one safe single-line name (4.4674ms)
✔ Kakao copy/paste party row variants still canonicalize to one SYNC member (20.6567ms)
✔ full-width empty reserve punctuation and clock text never become party members (0.8736ms)
✔ flexible party row parsing does not classify ordinary chat or generic number lists (1.0006ms)
✔ party snapshot rejects truncated numeric and position templates (1.7512ms)
✔ A→B→A identical text is reclassified without state or content-hash suppression (1.3365ms)
✔ operation forms classify on FEATURES and reject the RECRUIT profile (2.136ms)
✔ V4 schema preserves the seven-field client and accepts only the exact V1 strict extension (1.9299ms)
✔ slash boundary preserves zero-or-one leading slash parity (0.814ms)
✔ V4 signature covers the exact raw envelope and timestamp (0.9261ms)
✔ profile authorization does not receive sender role or allowlist inputs (7.8011ms)
✔ health, contract probes, and classified commands return deterministic replies without a runtime dispatcher (5.4207ms)
✔ event ID is the idempotency boundary and mismatched reuse conflicts (0.7742ms)
✔ hot replay cache binds the verified raw request digest (0.4578ms)
✔ R23 retires every old-phone scrim command and form without dispatching or writing (19.9896ms)
✔ server help explains editable numbered copies and inhouse mode requirements (1.3534ms)
✔ public error responses keep stable status and code contracts (40.3839ms)
✔ V4 application errors normalize idempotency conflicts to public 409 only (0.8339ms)
✔ 내전 빠른 명단 응답은 결과를 한 줄로 요약하고 본명과 닉네임을 표시한다 (2.6874ms)
✔ 내전 빠른 추가 대상이 미등록이어도 이름과 접수 인원에 포함한다 (0.4283ms)
✔ player record, recent matches, and ranking preserve exact V1-visible fields (2.0793ms)
✔ player and ranking boundary replies preserve V1 wording and percent formatting (0.423ms)
✔ V4 event key is shared by recruiting and assistant durable receipts (0.9543ms)
✔ party create reserves an invisible draft and returns all blank slots with its copy reference (2.7772ms)
✔ the exact generated V1 party form activates with only organizer populated and applies metadata defaults (7.9933ms)
✔ R24 party creation shows empty metadata, all slots and the code below the title (0.6377ms)
✔ party copy saves return the overview while unchanged stale copies retain editable recovery (7.6973ms)
✔ party copy save overview includes every active party including full parties (1.3218ms)
✔ ADR0011 first registration names stay brief before the complete overview (1.2292ms)
✔ the reported metadata-only #11 form reaches one idempotent party activation (1.7285ms)
✔ first completed automatic party form creates the party once (0.3309ms)
✔ explicit missing party number never falls back to creating a new party (0.3431ms)
✔ closed party copies and repeated finish receive a scoped closed reply without mutation (0.3571ms)
✔ copy edit conflicts and incomplete rows explain recovery and never report a save (0.7752ms)
✔ a concurrent finish gets a closed reply while an active revision race asks for a retry (0.4254ms)
✔ a copied form reference cannot be reused to create an automatic-number party (0.5707ms)
✔ incomplete copied party forms and numberless inhouse detail return actionable guidance (2.2251ms)
✔ existing party snapshots forward slot states without forwarding submitted type or capacity (0.519ms)
✔ party status and detail use one server status receipt and return the latest aggregate (0.3045ms)
✔ party member shortcut classifications canonicalize to the current operating day (0.6845ms)
✔ party member shortcut outcomes return confirmation followed by the latest full form (0.951ms)
✔ missing, ambiguous, and member-limit shortcut results stay concrete successful replies (0.5014ms)
✔ party mutation and latest full form keep the signed instant across the 06:00 KST boundary (1.185ms)
✔ replayed sync, blank deletion, and finish disclose a failed post-mutation status refresh (0.3867ms)
✔ party snapshot and finish resolve latest revision without owner or role inputs (0.4075ms)
✔ missing current-operating-day party finish is a V1 success reply with the latest status and no mutation (0.7626ms)
✔ scrim status requests only the scrim projection (1.5331ms)
✔ season authoritative zero-person snapshot writes once then reads the overview (0.6254ms)
✔ season SYNC exposes the latest copy reply to both ordinary and strict clients (0.2826ms)
✔ V1 strict season STATUS maps no active season to the canonical empty reply only (0.518ms)
✔ scrim create and snapshot each issue one recruiting mutation (0.2999ms)
✔ season status and detail each return one authoritative assistant result (0.1615ms)
✔ scrim deprecated lifecycle commands use a static receipt without domain status queries (0.1728ms)
✔ dispatcher fails closed when command domain and static profile differ (0.1791ms)
✔ structural operation candidates with one empty value reach exact missingFields (13.2316ms)
✔ colonless prose and label-only lists remain UNKNOWN (8.9183ms)
✔ party members are canonical by primary/reserve and slot number, independent of row order (8.4755ms)
✔ inhouse copy requires explicit lanes for RIFT main/reserve rows and preserves save reference separately from notices (10.1016ms)
✔ inhouse copy rejects malformed/duplicate save references and marks old forms as legacy (2.5047ms)
✔ inhouse copy accepts valid lanes and rejects malformed lane input (0.5261ms)
✔ inhouse stale forms return the latest copy without retrying the mutation, and old days show today's rounds (2.3208ms)
✔ compact inhouse copies retain site-linked optional lanes and separate review rows from participants (3.2794ms)
✔ copy delta preserves latest rows, merges only pure additions, and never revives removed originals (0.4594ms)
✔ old pending footers restore placeholders but never override a corrected body row (2.4273ms)
✔ copy start text preserves free-form event descriptions without inventing a scheduled clock (2.6461ms)
✔ pending name corrections require the original pending row to still be current (0.4326ms)
✔ pending corrections and concurrent additions preserve other saved and cancelled rows (0.4825ms)
✔ real RIFT input recovers one missing position slash and accepts empty flexible rows (17.6667ms)
✔ recovery is limited to two valid position aliases and records the failed field (0.3695ms)
✔ legacy empty sub-position markers are accepted only in the sub-position field (0.3832ms)
✔ mixed real-world rows keep valid entries, route partial rows to review, and use the last duplicate slot (0.6392ms)
✔ a final empty duplicate row means cancellation while a missing numbered row is preserved (1.2911ms)
✔ an incomplete duplicate footer cannot replace a valid slot while valid edits stay last-write-wins (0.616ms)
✔ numbered footer text after a complete empty roster cannot create a pending participant (0.5811ms)
✔ valid edits and explicit cancellation after a complete roster remain last-write-wins (2.3636ms)
✔ the former canonical failure maps to the exact public HTTP 400 document (44.8836ms)
✔ [P0-FIXTURE] input-tolerance matrix is pinned to the unchanged V1 oracle (1.5926ms)
✔ [P0-PARTY-01] punctuation, full-width, escape, and whitespace rows have one semantic member (16.9933ms)
✔ [P0-PARTY-02] an explicit empty slot is valid but an absent slot row is not a full snapshot (7.3841ms)
✔ [P0-PARTY-03] slash and comma in one reserve row stay in one display name (0.6487ms)
✔ [P0-PARTY-04] a 2-person title cannot overwrite an existing 5-person recruit target (2.05ms)
✔ [P0-PARTY-05] conflicting duplicate slot rows reject the whole snapshot (0.8144ms)
✔ [P0-PARTY-06] member order is canonical and independent of pasted row order (0.9315ms)
✔ [P0-PARTY-07] name suffix notes, emoji, and Kakao tags are preserved (1.8213ms)
✔ [P0-PARTY-08] multiline metadata values match their single-line semantic values (1.7544ms)
✔ [P0-PARTY-09] an automatic-number empty draft never creates a recruit (1.3739ms)
✔ [P0-OPS-01] all four forms preserve values continued on the following line (5.946ms)
✔ [P0-OPS-02] all four forms expose exact missing-field contracts without submission (1.1293ms)
✔ [P0-OPS-03] parentheses and comma stay in the person name instead of becoming an implicit delimiter (0.276ms)
✔ [P0-OPS-04] ordinary conversation and partial label discussions remain UNKNOWN (1.3733ms)
✔ [P0-OPS-05:friends] field order does not alter the canonical payload (0.5801ms)
✔ [P0-OPS-06:friends] a conflicting duplicate label rejects the whole form (0.3644ms)
✔ [P0-OPS-07:friends] arbitrary footer text cannot contaminate the last field (0.5074ms)
✔ [P0-OPS-05:suggestions] field order does not alter the canonical payload (0.5001ms)
✔ [P0-OPS-06:suggestions] a conflicting duplicate label rejects the whole form (0.3081ms)
✔ [P0-OPS-07:suggestions] arbitrary footer text cannot contaminate the last field (0.4272ms)
✔ [P0-OPS-05:meetups] field order does not alter the canonical payload (0.3691ms)
✔ [P0-OPS-06:meetups] a conflicting duplicate label rejects the whole form (0.3723ms)
✔ [P0-OPS-07:meetups] arbitrary footer text cannot contaminate the last field (0.4399ms)
✔ [P0-OPS-05:leaves] field order does not alter the canonical payload (0.7663ms)
✔ [P0-OPS-06:leaves] a conflicting duplicate label rejects the whole form (0.2844ms)
✔ [P0-OPS-07:leaves] arbitrary footer text cannot contaminate the last field (0.4333ms)
✔ [P0-OPS-08] prose mentioning every label is not classified as a form (0.2612ms)
✔ [P0-IDEMPOTENCY-01] the same event is dispatched exactly once and then replayed (1.5739ms)
✔ [P0-IDEMPOTENCY-02] different events with one semantic payload are both dispatched (17.2636ms)
✔ [P0-MULTIUSER-01] same-room events from different senders reach edit and finish dispatch (1.3934ms)
✔ [P0-CANONICAL-01] V1-local fullwidth slash and digits canonicalize to the same finish command on the server (0.426ms)
✔ [P0-CANONICAL-02] finish and detail commands tolerate whitespace after the copied hash marker (0.8152ms)
﹣ [P0-MULTIUSER-02] PostgreSQL contract proves same-room cross-user edit/finish and different-room no-mutation without an administrator role (0.0636ms) # isolated PostgreSQL harness required
✔ V4 installation identity exactly mirrors the phone HMAC contract (1.3919ms)
✔ one unified phone script shares one identity secret while RECRUIT and FEATURES keep distinct stable installation scopes (0.6054ms)
✔ the server rejects cross-family commands before dispatch for both unified-script profiles (8.3965ms)
✔ arbitrary installation IDs and cross-profile IDs fail closed (0.3994ms)
✔ current and previous signing keys authenticate only their exact HMAC (1.3789ms)
✔ two senders share one installation scope for create, cross-edit and finish (8.8133ms)
✔ runtime identity configuration is bounded without inspecting real environment values (0.2264ms)
✔ V4 signing keyring is isolated from V1 and rejects unsafe reuse (0.4278ms)
✔ V4 route is registry-free and keeps the seven-field identity-free boundary (23.174ms)
✔ the unified V4 phone callback ignores room and channel values while routing both families (2.9876ms)
✔ admin and architecture copy distinguish V4 installation scope from the legacy room registry (11.3328ms)
✔ [P0-INHOUSE-LIVE-01] 동휘/김동휘 실양식은 Mid all을 복구해 같은 semantic payload로 dispatch한다 (13.3359ms)
✔ [P0-INHOUSE-LIVE-02] slash 계약에 맞춘 MID 또는 ALL 입력은 이름과 무관하게 정상 payload를 만든다 (1.7945ms)
✔ [P0-INHOUSE-LIVE-03] Mid all 복구는 mainPosition MID를 유지하고 나머지 네 부라인을 저장한다 (0.2468ms)
✔ [P0-INHOUSE-METADATA-01] 독립 공지와 20시 시작을 전체 스냅샷 메타로 보존한다 (0.6115ms)
✔ [P0-INHOUSE-METADATA-02] 시작 줄 tail 공지는 수용하고 슬롯 뒤 문장은 공지로 오인하지 않는다 (3.4635ms)
✔ [P0-INHOUSE-METADATA-03] 공지가 없는 전체 스냅샷은 명시적인 null을 만든다 (1.8003ms)
✔ [P0-INHOUSE-METADATA-04] 시작 줄 다음과 인원 줄 사이의 공지도 구조 필드와 분리해 저장한다 (0.5782ms)
✔ operation field map is order independent and tolerates Kakao paste punctuation (5.7649ms)
✔ person punctuation remains intact unless slash or pipe is explicit (1.1122ms)
✔ same duplicate fields dedupe while conflicting duplicates block submission with diagnostics (1.1086ms)
✔ leave scope reads only its selected field value, not room names in the footer (0.7635ms)
✔ candidate detection is structural and does not require complete values (1.0151ms)
✔ operation wrappers are candidates only when they occupy a title line (0.2518ms)
✔ person fields are required and never fall back to an opaque sender identity (1.7256ms)
✔ [P3-I01] FEATURES INHOUSE 내전구인 keeps exact V1 reply parity (9.7506ms)
✔ [P3-I02] FEATURES INHOUSE 내전구인 양식 keeps exact V1 reply parity (1.7961ms)
✔ [P3-I03] FEATURES INHOUSE 내전구인 협곡 2026-09-09 21:30 #2 10명 keeps exact V1 reply parity (1.0701ms)
✔ [P3-I04] FEATURES INHOUSE 내전구인 칼바람 2026-09-09 21:30 #3 10명 keeps exact V1 reply parity (0.7381ms)
✔ [P3-I05] FEATURES INHOUSE 내전구인 증바람 2026-09-09 21:30 #3 10명 keeps exact V1 reply parity (0.4686ms)
✔ [P3-I06] FEATURES INHOUSE 내전현황 keeps exact V1 reply parity (0.3688ms)
✔ [P3-I07] FEATURES INHOUSE 내전상세 2 keeps exact V1 reply parity (0.2948ms)
✔ [P3-I07] INHOUSE authoritative snapshots preserve delete, zero and A→B→A revisions (13.4282ms)
✔ [P3-I08] ARAM and AUGMENT_ARAM snapshots keep name-only authoritative arrays (0.7005ms)
✔ [P3-S01] R23 SCRIM create returns retirement guidance without dispatch (1.3905ms)
✔ [P3-S02] R23 SCRIM new full form cannot reach its former dispatcher (0.3858ms)
✔ [P3-S03] R23 SCRIM edit full form cannot reach its former dispatcher (0.264ms)
✔ [P3-S04] R23 SCRIM retirement does not depend on active tournament state NO_ACTIVE_TOURNAMENT (0.1885ms)
✔ [P3-S05] R23 SCRIM retirement does not depend on active tournament state AMBIGUOUS_ACTIVE_TOURNAMENT (0.1033ms)
✔ [P3-O01] OPERATIONS friends complete form dispatches once and passes through exact server reply (1.7256ms)
✔ [P3-O02] OPERATIONS suggestions complete form dispatches once and passes through exact server reply (0.5591ms)
✔ [P3-O03] OPERATIONS meetups complete form dispatches once and passes through exact server reply (0.8347ms)
✔ [P3-O04] OPERATIONS leaves complete form dispatches once and passes through exact server reply (0.7343ms)
✔ [P3-O05] OPERATIONS friends missing required values returns an explicit V1 error without dispatch (0.5099ms)
✔ [P3-O06] OPERATIONS suggestions missing required values returns an explicit V1 error without dispatch (0.28ms)
✔ [P3-O07] OPERATIONS meetups missing required values returns an explicit V1 error without dispatch (0.3765ms)
✔ [P3-O08] OPERATIONS leaves missing required values returns an explicit V1 error without dispatch (0.356ms)
✔ [P3-M01] OPERATIONS 등록 keeps exact V1 reply parity (0.937ms)
✔ [P3-M02] OPERATIONS 내전등록 keeps exact V1 reply parity (0.3954ms)
✔ [P3-M03] OPERATIONS 경고등록 keeps exact V1 reply parity (0.3567ms)
✔ [P3-M04] OPERATIONS 인증 keeps exact V1 reply parity (0.3128ms)
✔ [P3-M05] OPERATIONS 경고현황 keeps exact V1 reply parity (0.2778ms)
✔ [P3-M06] OPERATIONS 결과현황 keeps exact V1 reply parity (0.212ms)
✔ [P3-M07] OPERATIONS 사진취소 keeps exact V1 reply parity (0.1745ms)
✔ [P3-M08] OPERATIONS 자동공지 20 keeps exact V1 reply parity (0.1798ms)
✔ [P3-A01] Phase 3 authorization is installation/profile based and never receives room, sender or role (0.5831ms)
✔ [P3-A02] two ordinary senders can use the same Phase 3 command without a sender allowlist (0.3767ms)
✔ [P3-R01] identical eventId replays one successful Phase 3 mutation without a second dispatch (0.504ms)
✔ [P3-R02] same eventId with a conflicting body maps to public HTTP 409 REPLAY_CONFLICT (38.9563ms)
✔ Phase 3-A: 내전 모드 선택과 협곡·칼바람 복사 양식을 출력한다 (19.3186ms)
✔ Phase 3-A: 내전 전체 현황과 회차 상세는 정확히 한 번 authoritative assistant를 호출한다 (0.8504ms)
✔ Phase 3-A: 협곡 명단 A→B→A와 0명은 각 입력당 한 번의 authoritative snapshot이다 (7.005ms)
✔ R23: 스크림 양식·현황·상세는 종료 안내만 반환한다 (1.9446ms)
✔ R23: 구형 스크림 신규 양식과 재전송은 저장 없이 종료 안내만 반환한다 (0.3426ms)
✔ R23: 구형 스크림 수정 양식은 기존 데이터와 대회 바인딩을 변경하지 않는다 (0.3552ms)
✔ Phase 3-A: 번호 행 하나가 빠진 양식은 그 슬롯을 보존하고 나머지 행을 동기화한다 (0.6361ms)
✔ four V1 operation forms become exact typed payloads (14.7392ms)
✔ all four forms report their exact missing fields as INVALID_FORM commands (1.1724ms)
✔ registration, result, warning, evidence, status and photo-cancel preserve V1 replies (5.4544ms)
✔ scheduled notice uses one durable assistant request and preserves the V41 formatter (2.9727ms)
✔ valid form submits one typed mutation in the shared V4 event scope (0.4664ms)
✔ invalid form claims a durable receipt before exposing field-specific INVALID_FORM (31.2431ms)
✔ operation forms reuse the same durable event identity as recruiting and assistant (0.4446ms)
✔ fresh service instances replay the durable form result and reject a changed body (1.7569ms)
✔ internal raw JSON and phone-local session commands do not become public canonical operations (1.3685ms)
✔ [P4-S01] every V1 PUBLIC alias succeeds on its actual profile with exact zero/one slash parity (40.3622ms)
✔ [P4-S02] every single-profile PUBLIC alias maps its opposite profile to HTTP 403 WRONG_PROFILE (57.7046ms)
✔ [P4-S03] authorization never receives room, sender, role or member allowlist fields (0.5057ms)
✔ [P4-S04] unknown public input is INVALID_FORM instead of 501 ROUTER_NOT_ENABLED (0.975ms)
✔ [P4-S05] 사진상태 gives a site check path without claiming a nonexistent phone session is healthy (0.2905ms)
✔ [P4-S06] 내전미리보기취소 returns a no-mutation discard notice (0.3104ms)
✔ [P4-S07] 내전확인 ABCD1234 returns a no-mutation discard notice (0.2738ms)
✔ [P4-S01] every public fixture alias has a local reply or canonical dispatcher route (26.7592ms)
✔ [P4-S02] server fallback gives exact local help, photo guidance, and no-mutation preview notices (1.3173ms)
✔ [P4-S01A] every actual V41 public sample has a local reply or canonical dispatcher route (7.638ms)
✔ [P4-S03] unknown and internal direct API inputs normalize to explicit HTTP 400 (25.7746ms)
✔ [P4-S04] V4 command HTTP surface contains no 501 or router-not-enabled response (21.0226ms)
✔ [S01] zero or one leading slash is equivalent for the complete V1 route fixture (2.2544ms)
✔ [S02] malformed slash, URL and middle slash canonicalize to no command (0.2069ms)
✔ [S03] two unregistered general users can create, cross-edit and cross-finish one recruit (10.645ms)
✔ [S04] full recruit snapshots delete names, accept zero people and preserve A→B→A (1.9739ms)
✔ [S05] FEATURES ranking, record and recent commands return successful replies (2.6126ms)
✔ [S06] a retired scrim command returns the R23 notice after authorization (1.8876ms)
✔ [S07] duplicate mutation callback is applied once and replayed once (0.2868ms)
✔ [S08] an event ID body conflict maps to public REPLAY_CONFLICT with HTTP 409 (20.3808ms)
✔ [S09:NORMAL] normal V4 status returns a successful reply (0.3835ms)
✔ [S09:WRONG_PROFILE] wrong profile has an exact public code (0.2213ms)
✔ [S09:INVALID_SIGNATURE] invalid signature has an exact public code (0.4628ms)
✔ [S09:REPLAY_CONFLICT] replay conflict has an exact public code (0.3991ms)
✔ [S09:SERVER_UNAVAILABLE] server failure has an exact public code (0.3061ms)
✔ [S09:INVALID_FORM] invalid V1 form has an exact public code (0.0794ms)
✔ [S10] V1 golden regression inventory remains present for the release run (1.1681ms)
✔ legacy participation redirects preserve only reviewed query values (1.8973ms)
✔ legacy 정수 ID는 양의 PostgreSQL int32 canonical 형식만 허용한다 (1.2202ms)
✔ 대회 legacy UUID는 승인된 PostgreSQL cutover recipe와 일치한다 (0.2257ms)
✔ 미디어 legacy resolver는 유효한 숫자만 공개 매핑 port로 전달한다 (0.7639ms)
✔ legacy proxy는 GET/HEAD만 308로 이동하고 query allowlist를 적용한다 (5.0116ms)
✔ UUID mapping이 없는 legacy player detail은 영구 redirect하지 않는다 (0.4623ms)
✔ legacy account adapters preserve only reviewed canonical intent (1.4547ms)
✔ legacy statistics routes use one allowlisted canonical ranking destination (1.0475ms)
✔ reviewed administrator aliases resolve to their canonical integrated views (1.2055ms)
✔ legacy 앱 로그인은 내부 next만 보존하고 중복·외부 주소는 계정으로 축소한다 (1.1904ms)
✔ legacy 경기 목록은 canonical 공개 필터만 단일 값으로 보존한다 (1.0192ms)
✔ 동적 legacy ID와 밸런스 추천 query는 path traversal과 미검토 값을 버린다 (0.269ms)
✔ 멸망전 참가자와 이미지 legacy deep link는 검증한 ID와 ordinal만 보존한다 (0.2082ms)
✔ 멸망전 V1 이미지 route는 1-based 번호를 canonical 0-based query로 308 이동한다 (24.4278ms)
✔ legacy redirect 응답은 상대 Location과 no-store를 사용한다 (0.3774ms)
✔ USER_ROUTE_MAP의 redirect 32개와 통합 20개는 모두 한 버전 호환 진입점을 가진다 (3.2939ms)
✔ admin match conflict parser accepts only a complete canonical aggregate (3.5494ms)
✔ stored instant conversion is explicit and bounded by the recorded offset (0.1491ms)
✔ admin import recovery stores only minimal expiring non-secret metadata (1.5297ms)
✔ admin import recovery is best-effort when session storage is unavailable (0.2878ms)
✔ admin import recovery rejects expired, corrupt and expanded state (0.6701ms)
✔ ambiguous admin import failures preserve the exact upload key (1.3009ms)
✔ a verified latest projection is the only conflict path that changes revision or opens review (0.1878ms)
✔ latest projection parser rejects malformed or unknown state (0.2089ms)
✔ definitive client rejection retains replay while allowing an explicit file reselection (0.1277ms)
✔ picker keyboard navigation skips inactive and duplicate-disabled rows (0.7443ms)
✔ match client retries preserve one key for exact body and revision (0.8521ms)
✔ submission continuation code is strict uppercase and canonical (0.7869ms)
✔ offline legacy match ids use the exact PostgreSQL int32 compatibility range (0.1699ms)
✔ MVP v1 formula is the only versioned score source (0.9982ms)
✔ MVP V1 compatibility tie-break is score, kills, deaths, assists, player id (0.352ms)
✔ participant display identity is server-captured and retained across unrelated amendments (0.6884ms)
✔ KST date and explicit started-at offset are strict (0.1113ms)
✔ complete match input rejects unknown keys, bidi text and incomplete rosters (0.5157ms)
✔ submission input has a bounded image/game count (0.7011ms)
✔ private image validator fully decodes, checks bounds/container end and SHA (34.4216ms)
✔ fake private adapters are exact development and non-Vercel only (2.3127ms)
✔ deterministic match review passes a structurally consistent series (1.1306ms)
✔ deterministic match review blocks stale aggregates and duplicate roster entries (0.2389ms)
✔ owner Kakao image sessions retain canonical target codes while hashing stable request scopes (190.7739ms)
✔ match JSON and image mutation headers reject malformed scopes with recoverable input problems (87.6092ms)
✔ match participant schema requires immutable display identity snapshots (1.1378ms)
✔ match series and each recalculation event carry nullable team-balance provenance (0.9289ms)
✔ submission audit snapshots retain a public rejection reason before reopen clears the live row (3.8748ms)
✔ public match player DTO is an exact safe allowlist including inactive profile policy (1.3884ms)
✔ match submit page accepts one canonical continuation or owned draft reference (2.3561ms)
✔ public match query is exact, duplicate-safe and date bounded (0.9048ms)
✔ admin match query separates match and submission filters (0.3122ms)
✔ admin player picker query is bounded, canonical and duplicate-safe (0.3385ms)
✔ literal substring filters escape SQL LIKE metacharacters (0.1191ms)
✔ admin player picker uses indexed prefix or exact combined Riot ID strategy (0.1658ms)
✔ public match cursor is opaque, exact and coupled to sort/order (2.6433ms)
✔ own submission history cursor is status-bound and reaches beyond the first page (1.7545ms)
✔ own submission history accepts the native all-status filter and rejects invalid values (0.2688ms)
✔ native public search forms treat empty optional filters as unselected without weakening validation (0.6869ms)
✔ mutation and source hashes use a domain-separated HMAC pepper (14.8898ms)
✔ admin direct import stays in the private submission saga and only produces review candidates (36.103ms)
✔ storage object is compensation-deleted when the DB attach fails (8.4442ms)
✔ OCR timeout becomes a bounded FAILED candidate and manual review remains possible (5.5238ms)
✔ a finalize replay never deletes the deterministic canonical storage object (3.5348ms)
✔ a completed receipt replay returns before decode, storage and OCR work (1.9694ms)
✔ delete failure leaves a durable DELETE_PENDING cleanup request (4.3017ms)
✔ missing fake object after process restart fails closed instead of returning corrupt bytes (0.4089ms)
✔ image decode/OCR work is admitted through a bounded FIFO gate (0.4333ms)
✔ image work queue times out without leaking an active lease (11.1027ms)
✔ private storage keys bind the idempotency key while same-key retries remain stable (0.9765ms)
✔ an abort-aware never-resolving storage stage times out and reaches durable cleanup (30.8043ms)
✔ a late stage completion remains visibly DELETE_PENDING for the cleanup worker (102.0787ms)
✔ an abort-aware OCR timeout becomes review-first FAILED without holding the request (56.4473ms)
✔ OCR retry commits its durable preflight before storage and provider work (2.4201ms)
✔ OCR receipt replay returns before private storage work (0.302ms)
✔ OCR retry deadline aborts the provider and durably finalizes a review-first failure (52.0034ms)
✔ linked review reads current selected layout with ADMIN authorization and includes all ten players in the existing catalog (115.3898ms)
✔ the optional team read never replaces a saved review or runs for terminal and unrelated submissions (90.026ms)
✔ archived, mismatched and invalid current layouts do not offer a roster import (116.524ms)
✔ missing or inactive players and unavailable team reads preserve the existing manual review (41.2902ms)
✔ an unauthorized linked review stops before reading submissions, drafts or catalogs (12.8384ms)
✔ selected team-balance provenance requires the exact ten-player two-team layout (1.0531ms)
✔ stalled upload body reaches an idle deadline and cancels its stream (42.1488ms)
✔ exact upload body still joins chunks under the deadline (0.7274ms)
✔ 빈 캐러셀과 한 장 캐러셀은 첫 위치를 유지한다 (1.1725ms)
✔ 여러 장 캐러셀은 이전·다음 이동과 양 끝 순환을 결정적으로 계산한다 (0.1986ms)
✔ 캐러셀 장수는 음수나 비정수일 수 없다 (0.4299ms)
✔ 휠 이동은 양 끝에서 페이지 세로 스크롤로 빠져나갈 수 있도록 순환하지 않는다 (0.1944ms)
✔ YouTube inputs canonicalize only supported HTTPS origins and paths (2.1846ms)
✔ highlight uses canonical video data and explicit public DTO (1.2958ms)
✔ gallery validates one to five distinct storage assets (0.6808ms)
✔ publication FSM archives without hard delete and restore returns to draft (2.0941ms)
✔ home display is limited to published gallery and clears on unpublish (1.9931ms)
✔ public gallery DTO resolves only reviewed asset identifiers (0.2907ms)
✔ gallery keeps one explicit display order across private and migrated external images (0.3712ms)
✔ metadata edits preserve publication status, increment revision, and reject archived content (0.3459ms)
✔ every document permits the privacy-enhanced YouTube player across client navigation while retaining other CSP boundaries (19.2425ms)
✔ admin private asset query is bounded and rejects duplicate or unknown parameters (2.0875ms)
✔ raw media upload preflight requires same origin, If-Match, bounded image MIME/size, SHA and safe name (28.9326ms)
✔ unconfigured upload storage returns the specific fail-closed problem (1.1442ms)
✔ media editor and private asset administration expose the complete safe workflow (4.0575ms)
✔ gallery editor accepts only bounded bulk upload result counts (1.1301ms)
✔ media list parsers are bounded and reject unknown query keys (1.6094ms)
✔ media commands use the existing strict YouTube parser, exact bodies, If-Match revision, and deterministic fingerprints (15.2732ms)
✔ gallery input permits only one to five distinct READY asset identifiers at the application boundary (11.0298ms)
✔ gallery input accepts an explicit mixed image order without exposing arbitrary fields (0.7484ms)
✔ published asset delivery checks publication/READY via its port and never returns the storage locator (0.8514ms)
✔ V2 deterministic formula transition truthfully requires explicit admin recalculation (0.6921ms)
✔ MMR public query accepts only singular canonical allowlisted filters (1.834ms)
✔ MMR integrated admin redirects drop unsafe and unknown query values (0.4904ms)
✔ MMR cron authenticates the exact route before opening a database service (42.1056ms)
✔ MMR cron runs one catch-up and allowlists fixed state and operational counters (2.619ms)
✔ MMR cron reports the required administrator formula transition without pretending it is idle (1.0537ms)
✔ MMR cron sanitizes service initialization, database and lock timeout failures (4.9751ms)
✔ MMR rebuild is deterministic and ignores source array order (3.8895ms)
✔ voided and draft matches never affect profiles (0.2554ms)
✔ winner and position performance update profiles within bounded scores (0.3924ms)
✔ manual adjustments are immutable ordered events and clamp at profile bounds (0.3611ms)
✔ public and team-balance DTOs expose only bounded score summaries (0.8516ms)
✔ malformed rosters, duplicate sources and unsafe adjustments fail closed (0.5579ms)
✔ r1에서 발급한 own r2 응답은 최신 projection과 일회성 비밀번호를 함께 유지한다 (1.0689ms)
✔ r2 비밀번호 표시 중 외부 r3 projection이 도착하면 r2 비밀번호를 폐기한다 (0.1436ms)
✔ r3 prop이 선반영된 뒤 도착한 늦은 r2 응답은 projection과 비밀번호 모두 거부한다 (0.1365ms)
✔ OpenAI runtime configuration is explicit, bounded and all-or-nothing (1.2796ms)
✔ Responses adapter uses the fixed official endpoint and aggregates output text safely (30.4095ms)
✔ Responses adapter fails closed for budget, authorization, rate limit and malformed output (2.4102ms)
✔ operation form payloads accept only their bounded allowlist (2.2811ms)
✔ review transitions are monotonic and revision checked (1.5489ms)
✔ delete is soft and the admin DTO excludes source, reviewer identity, and deletion metadata (0.2527ms)
✔ Kakao operation form failures distinguish integration, room and capability without exposing identifiers (0.612ms)
✔ operational observations separate missing evidence, disabled flags and historical success (2.9972ms)
✔ daily close follows the KST 06:00 operating boundary with a 15 minute grace (0.208ms)
✔ bounded queue thresholds and unfinished jobs draw attention without claiming delivery (0.2999ms)
✔ site settings update is revision-bound and public DTO is allowlisted (3.1375ms)
✔ AI is hard-disabled first, then checks approval, role, rate and prompt (0.3315ms)
✔ CSV backup quotes fields and neutralizes spreadsheet formulas (1.0936ms)
✔ operations HTTP input allowlists reject extra or privileged-looking fields (2.3967ms)
✔ internal job signature is scoped, expiring and nonce replay aware (9.5328ms)
✔ copy snapshot round-trips the original while retaining current authorization and identity context (1.9711ms)
✔ concurrent numbered additions keep the latest roster and use the next vacant main slot (0.5557ms)
✔ a free numbered slot is kept and a replay cannot add the same person twice (0.1778ms)
✔ copy forms cannot delete, replace, move or demote an existing original member (0.4416ms)
✔ a participant removed after the copied original never reappears from a stale form (0.2253ms)
✔ latest slot changes remain intact instead of restoring positions from the original (0.1855ms)
✔ line-specific collisions reject the submission instead of assigning a different position (0.3966ms)
✔ changing an existing line in the copy is treated as replacement, not a new signup (0.1723ms)
✔ full main roster rejects concurrent additions without silently switching them to reserve (0.3101ms)
✔ explicit reserves stay reserves and concurrent reserves receive an empty reserve slot (0.2791ms)
✔ a signup already accepted concurrently is recognized by normalized name without moving that member (0.192ms)
✔ duplicate names across main and reserve are rejected after Unicode and whitespace normalization (0.2218ms)
✔ the total 99-member bound applies even when a reserve slot appears available (0.4959ms)
✔ editable copies accept already-applied draft metadata and merge a later signup (0.4588ms)
✔ editable copies delete and replace explicit original slots without collapsing gaps (0.2223ms)
✔ editable metadata merges different fields but rejects competing changes atomically (0.2591ms)
✔ editable copies preserve concurrent members, move reserves and replay the same move (0.2037ms)
✔ an editable stale copy cannot resurrect a removed participant by moving them (0.449ms)
✔ editable conflicting replacements reject all changes and preserve concurrent cancellation (0.224ms)
✔ editable simultaneous additions shift to free slots while explicit moves require their destination (0.2837ms)
✔ editable copies reject duplicate results, capacity overflow and full reserve rosters (0.5382ms)
▶ malformed snapshot envelopes cannot become a merge baseline
  ✔ missing (0.1355ms)
  ✔ unsupported version (0.0659ms)
  ✔ different target (0.0664ms)
  ✔ different type (0.0651ms)
  ✔ changed capacity (0.067ms)
  ✔ text revision (0.0608ms)
  ✔ fractional revision (0.0558ms)
  ✔ negative revision (0.9573ms)
  ✔ future revision (0.0772ms)
  ✔ closed original (0.0602ms)
  ✔ invalid start (0.0703ms)
  ✔ empty start (0.0828ms)
  ✔ oversize start (0.0507ms)
  ✔ invalid game (0.0801ms)
  ✔ empty game (0.0604ms)
  ✔ oversize game (0.0867ms)
  ✔ invalid organizer (0.0677ms)
  ✔ empty organizer (0.0571ms)
  ✔ non-array members (0.0623ms)
  ✔ non-object member (0.338ms)
  ✔ missing member name (0.331ms)
  ✔ empty member name (0.0608ms)
  ✔ oversize member name (0.4149ms)
  ✔ member control character (0.067ms)
  ✔ zero slot (0.0865ms)
  ✔ negative slot (0.113ms)
  ✔ fractional slot (0.1053ms)
  ✔ out-of-capacity slot (0.0733ms)
  ✔ out-of-range reserve (0.0916ms)
  ✔ invalid substitute (0.0734ms)
  ✔ invalid position (0.0779ms)
  ✔ duplicate slot (0.105ms)
  ✔ duplicate name (0.0732ms)
  ✔ duplicate normalized name (0.1115ms)
  ✔ duplicate position (0.0932ms)
  ✔ too many members (0.0768ms)
✔ malformed snapshot envelopes cannot become a merge baseline (7.8621ms)
✔ a reused empty draft cannot cancel a later join, but the returned current form can (0.1685ms)
✔ player write DTO is an allowlist with normalized validated values (2.4541ms)
✔ legacy numeric ids accept only the positive PostgreSQL integer range (0.2264ms)
✔ administrator player query rejects duplicates, unknown keys, and oversized values (0.5365ms)
✔ mutation fingerprint is canonical and changes with revision or allowlisted input (0.2033ms)
✔ legacy detail mapping remains outside proxy and administrator APIs use the shared HTTP contract (5.598ms)
✔ administrator player pages present operational labels in Korean (2.2652ms)
✔ 공개 Riot 플레이어 ID는 canonical UUID만 받는다 (0.9154ms)
✔ 공개 Riot 조회는 없는 플레이어·미연동·동기화 대기·준비 완료를 구분한다 (5.8125ms)
✔ 플레이어 목록 query는 검색어·페이지 길이와 범위를 제한한다 (1.4499ms)
✔ 티어 query는 허용 목록만 받고 영문·한글 티어 표기를 같은 계열로 묶는다 (0.1946ms)
✔ 내정보 티어 선택값은 10개 티어와 다이아 이하 4단계 및 마스터 이상 점수 계약을 보존한다 (0.8759ms)
✔ 목록·상세 유스케이스는 repository port를 통해 pagination과 404 계약을 지킨다 (0.349ms)
✔ fixture 목록도 회원명 검색과 티어 필터를 함께 적용하되 회원명은 반환하지 않는다 (0.7046ms)
✔ 공개 플레이어 projection에는 금지된 회원·계정·Discord·내부 보정 필드가 없다 (0.2986ms)
✔ 두 legacy redirect는 route별 query allowlist만 보존한다 (0.2423ms)
✔ upload validation binds declared MIME, decoded dimensions, exact container, SHA-256, and a safe name (1.8755ms)
✔ lifecycle is explicit and cleanup plans are deterministic, bounded, and DELETE_PENDING-only (23.3899ms)
✔ purpose/resource and actor authorization form a closed allowlist (0.2769ms)
✔ forbidden and absent are deliberately rendered with one outward problem (0.1724ms)
✔ public and private DTOs never expose storage keys, URL locators, creator IDs, or SHA-256 (0.4861ms)
✔ application saga rechecks ownership, blocks duplicates, finalizes only verified bytes, and reads READY only (4.4004ms)
✔ failed staging enters DELETE_PENDING; cleanup is retryable and keeps the tombstone (1.9626ms)
✔ a bounded worker sweep turns crash-abandoned STAGED rows into cleanup tombstones (0.5015ms)
✔ admin list is bounded and excludes SUPER-only purposes at the repository boundary (0.9353ms)
✔ private storage mode is one fail-closed production policy (1.9501ms)
✔ fake private storage can preload immutable local QA bytes without sharing caller buffers (192.9925ms)
✔ official SDK seam uses private deterministic collision-safe put/get/delete options (5.3901ms)
✔ connected private Blob credentials prefer OIDC and pass only the store-scoped SDK options (0.6452ms)
✔ deterministic retries are idempotent only for the same digest and DELETE_PENDING cleanup is repeatable (0.7028ms)
✔ adapter rejects traversal, mismatched digest, invalid containers and pre-aborted calls before SDK access (0.4003ms)
✔ all application and Blob boundaries share the 4 MiB server upload ceiling (0.1022ms)
✔ 공개 랭킹 세 분류는 명시된 동률 규칙으로 독립 정렬되고 원본을 바꾸지 않는다 (1.4098ms)
✔ 홈 Top 3은 상세 탭과 같은 공개 정렬 계약을 사용한다 (0.2329ms)
✔ 표시 승률이 66.7%로 같아도 667/1000은 2/3보다 정확히 앞선다 (0.911ms)
✔ 랭킹 분류 파서는 허용된 공개 뷰만 통과시킨다 (0.155ms)
✔ 랭킹 화면은 세 분류, 상태 안내, MMR 진입과 모바일 44px 계약을 제공한다 (11.5607ms)
✔ R23 party copy reference rejects stale, reused-number identity and prior-day forms without mutations (9.7375ms)
✔ R24 latest copy rejects deletion and duplicate names atomically (1.2898ms)
✔ R23 legacy copies are append-only for both member rows and metadata (1.8723ms)
✔ R23 unchanged full copy preserves revision, metadata and scheduled timestamp (0.8079ms)
✔ R23 blank draft activates with participant name only and no organizer (0.9301ms)
✔ ADR0011 finishing a draft cancels once and replay preserves its record and audit (0.803ms)
✔ stored numbered copies allow deletions, replacements and reserve moves in one atomic save (2.0998ms)
✔ stored numbered copies merge independent edits and preserve the latest scheduled time (1.7776ms)
✔ stored draft copies accept the same activated metadata and add the next participant (1.0551ms)
✔ stored numbered copies reject missing main, reserve and metadata fields without deleting members (13.9722ms)
✔ copy headers cannot change the locked party type or capacity even when every original row remains (24.2949ms)
✔ stored numbered explicit blanks clear metadata and roster while legacy copies remain append-only (1.3063ms)
✔ BOT idempotency fingerprints bind the signed room, sender, and command source (0.3274ms)
✔ party create, sync, status and finish use the domain while mutations commit in atomic order (3.9845ms)
✔ V4 slot patches preserve absent rows, delete explicit empty rows, and use stored party shape (0.7797ms)
✔ atomic party member commands compose on the locked latest revision and persist stable outcomes (3.5795ms)
✔ scrim participant shortcuts compose on the locked latest revision across room members (4.0139ms)
✔ party member command validation and ambiguous removal fail closed before persistence (2.8617ms)
✔ party cancel and SUPER-only reset are distinct terminal commands (0.9955ms)
✔ scrim create, join, reopen, confirm, complete and cancel enforce the state machine (2.6054ms)
✔ legacy scrim form fields remain durable in the typed aggregate (0.359ms)
✔ signed V1 scrim forms infer exactly one active destruction tournament inside the transaction (0.8057ms)
✔ signed V1 scrim inference rejects zero or multiple active destruction tournaments atomically (0.4502ms)
✔ full scrim sync is revision-bound, audited and idempotently replayed (0.9427ms)
✔ durable receipt replay returns before load and same request key with another body conflicts (0.5784ms)
✔ one signed Kakao delivery received by two installations mutates canonical room state once (0.4364ms)
✔ server-clock party metadata fallback is identical on durable replay (0.4401ms)
✔ signed V1 creates allocate the party number inside the mutation transaction (0.953ms)
✔ a malformed replay receipt is rejected even when its request hash matches (1.0999ms)
✔ outbox failure rolls repository, audit, outbox, and receipt back together (0.385ms)
✔ BOT body binding, JOB restriction, stale revision, and authorization failures happen before mutation (1.6081ms)
✔ public party and scrim DTOs expose only reviewed fields (0.2016ms)
✔ V4 room scope allows cross-sender snapshots and finish while preserving durable event receipts (3.1238ms)
✔ V4 automatic scrim number is allocated after receipt claim and replays before a second allocation (1.8876ms)
✔ V4 scrim draft activates with one inferred tournament and a server-time fallback (0.4973ms)
✔ V4 request fingerprint is stable across server-resolved revisions but changes with the signed body (0.1917ms)
✔ KST recruit date is stable across the UTC day boundary (0.9765ms)
✔ KST recruit display time is stable across midnight (0.1758ms)
✔ party metadata distinguishes absent preservation from explicit empty defaults (0.7483ms)
✔ a Kakao V4 number reservation stays draft until the completed V1 form activates it (3.7906ms)
✔ party slot patches use stored type and capacity while preserving absent and deleting explicit empty slots (0.6694ms)
✔ canonical party sync returns the stored aggregate without increasing revision (1.9597ms)
✔ party member mutation requires an active party and fills the first primary hole before reserve (0.7708ms)
✔ party member no-ops preserve revision and removal preserves every remaining slot (0.4468ms)
✔ request fingerprint is canonical and binds actor, action, key and body (0.265ms)
✔ party sync enforces capacity, positions, slots and optimistic revision (0.467ms)
✔ Kakao recruit aggregates are visible and mutable only from their signed source room (0.1903ms)
✔ party primary capacity excludes candidates while the total list remains bounded (0.4547ms)
✔ party terminal transitions do not permit mutation or replay with a new command (0.195ms)
✔ auto finish respects scheduled protection and idle window (0.2941ms)
✔ scrim follows recruiting, matched, confirmed and completed states (0.3569ms)
✔ scrim opponent can be reopened but requester cannot join itself (0.3044ms)
✔ full scrim sync replaces V1 form fields but binds date, number, tournament and revision (0.4895ms)
✔ public party DTO excludes room, sender, notes and request keys by construction (0.1837ms)
✔ Kakao command access separates public create/read/join from controller lifecycle changes (0.1793ms)
✔ V1 room members may update and close shared forms without weakening raw V2 (0.0981ms)
✔ Kakao creator, joined opponent leader, or trusted operator controls lifecycle commands (0.099ms)
✔ public scrim join binds the opponent leader and reopen clears that controller (0.0894ms)
✔ recruiting JSON boundary accepts only reviewed create fields (1.5999ms)
✔ raw V2 recruit commands require an operator or explicit non-production development mode (0.1809ms)
✔ signed V1 compatibility targets are exact while raw V2 cannot smuggle extra fields (1.0845ms)
✔ party member command boundary accepts exactly one bounded name (0.2117ms)
✔ scrim boundary validates UUID seams and command allowlists (1.7638ms)
✔ command scope is bound to both actor and action (0.329ms)
✔ recruiting operating day changes exactly at 06:00 KST (5.3354ms)
✔ signed party targets use the envelope instant and the 06:00 KST operating boundary (11.0797ms)
✔ signed scrim templates and targets use the same 06:00 KST operating boundary (15.3788ms)
✔ Kakao webhook binds HMAC to timestamp, nonce, room, sender, and raw body with key rotation (2.7587ms)
✔ Kakao webhook rejects stale/replayed, forbidden room/sender, and bot-self requests (0.7807ms)
✔ same allowed room accepts arbitrary members A/B/C without granting operator capabilities (0.8211ms)
✔ malformed signatures and unsafe request structure fail closed (0.5804ms)
✔ Riot cron rejects invalid requests before runtime access and noops when unconfigured (24.9798ms)
✔ Riot cron signs one bounded consumer call with a fresh replay nonce and returns only safe counters (1.7207ms)
✔ disabled Riot cron is a safe noop; unexpected errors stay opaque (0.9823ms)
✔ missing RSO never supplies state or verified identity (0.5438ms)
✔ key probe requests only fixed KR status once, discards body, and exposes no credentials (1.354ms)
✔ probe HTTP authenticates exact empty request and rejects caller URLs before invocation (4.2442ms)
✔ S12 schema exposes durable ledgers without OAuth token/code/request-log columns (2.8733ms)
✔ 0014 migration and snapshot add only the S12 Riot schema (25.9282ms)
✔ Riot production feature flag is exact and fail-closed by default (0.1582ms)
✔ explicit fake runtime adapter connects application mutations to safe query DTOs (3.9191ms)
✔ admin Riot query is bounded and rejects duplicate or unknown HTTP parameters (0.6317ms)
✔ public, owner, admin HTTP routes and responsive UI states are present (5.2777ms)
✔ scheduled sync queues one connected account, keeps direct links unverified and respects six hours (9.9727ms)
✔ queued sync is cancelled after disconnect and stale exhausted leases cannot block later jobs (2.5534ms)
✔ sync discards a provider response when owner disconnects during the network request (1.0344ms)
✔ a provider rate limit pauses both queued consumption and scheduled account discovery (1.2369ms)
✔ approved owner direct link/unlink is transactional, idempotent, and never leaks PUUID (0.8345ms)
✔ direct and RSO links must match the player's canonical registry Riot ID (2.6196ms)
✔ feature flag fails closed and outbox failure rolls link, audit, and receipt back together (1.6248ms)
✔ RSO callback is internal-return, expiring, one-time and exchange-idempotent across response replay (3.1144ms)
✔ only SUPER_ADMIN can bulk/sync-all while owner is restricted to the owned link (2.1013ms)
✔ SUPER bulk-link derives registry Riot IDs and atomically records exact replay (4.097ms)
✔ bulk-link rolls every successful link back when durable event recording fails (1.4161ms)
✔ sync enforces cooldown, Retry-After, stale lease recovery and partial completion (1.6182ms)
✔ recent solo summary persists only when complete; missing data preserves rank and 429 retains retry (2.0068ms)
✔ sync-all reuses active work and schedules cooling accounts without blocking the whole population (2.0016ms)
✔ analytics persists useful partial facts during backoff, reuses its cache, and discards data after a concurrent identity change (4.179ms)
✔ partial diagnostics survive application, audit and outbox while rank and retry policy stay intact (5.6569ms)
✔ Riot IDs normalize NFKC and reject separators or oversized tags (3.1448ms)
✔ RSO return path cannot escape origin (0.2124ms)
✔ RSO state is owner-bound, expiring and one-time (0.4456ms)
✔ disconnect clears encrypted PUUID and hides existence from another owner (0.2333ms)
✔ sync jobs retry rate limits and transient failures with bounded backoff (0.4818ms)
✔ last allowed transient attempt becomes terminal failure (0.1737ms)
✔ last allowed rate-limited attempt retains its provider cooldown after terminal failure (0.1923ms)
✔ stale RUNNING lease is recoverable and the old worker cannot finish it (0.2279ms)
✔ invalid upstream Retry-After is rejected rather than creating an invalid schedule (0.263ms)
✔ permanent upstream failure never retries (1.8556ms)
✔ public Riot DTO excludes PUUID, owner and request-log provenance (0.2492ms)
✔ partial diagnostics preserve bounded provider codes without response bodies (24.2299ms)
✔ partial diagnostics distinguish the total budget from a failed provider payload (4.3825ms)
✔ partial diagnostics retain a request timeout without exceeding the existing total budget (1019.8366ms)
✔ partial rank diagnostics preserve available fields and distinguish unranked (4.2723ms)
✔ a timed-out response body remains a timeout for analytics and rank, not invalid JSON (2021.1917ms)
✔ partial diagnostics distinguish invalid match and timeline while keeping usable facts (4.9117ms)
✔ partial diagnostics identify incomplete cached solo samples without detail refetch (0.6252ms)
✔ partial diagnostics never replace rate-limit backoff or a genuine rank failure (0.5458ms)
✔ domain only retains allowlisted partial codes and public snapshots keep their existing shape (0.6625ms)
✔ analytics allowlists player and timeline facts, preserves missing stats, and discards provider identities (8.4084ms)
✔ turret plates use the optional official challenge count and keep unavailable values separate from zero (2.0868ms)
✔ known unsupported or aborted games do not trap the historical cursor, while malformed normal matches remain incomplete (28.2965ms)
✔ only verified public matchmaking is archived; custom, tutorial and unknown queues advance without disclosure (10.2959ms)
✔ duplicate timeline frames merge deterministically, keeping legitimate same-millisecond item counts (1.4459ms)
✔ analytics reuses a match across solo/recent pages, collects a timeline, then serves cache without detail refetch (2.1053ms)
✔ timeline failures preserve match facts and a 429 stops all further provider requests with Retry-After (1.6914ms)
✔ unsupported successful timelines do not starve older games while transport failures remain retryable (14.3679ms)
✔ the history cursor advances only after a complete bounded older batch, and never erases earlier progress on failure (2.9664ms)
✔ invalid match IDs, malformed cursors and a 25-second budget are bounded before more upstream work (2.4653ms)
✔ a new non-overlapping latest page reopens completed or ongoing history and subsequently collects the hidden gap (58.3652ms)
✔ a partial gap restart preserves a safe cursor across backoff and overlap keeps ordinary history progress (16.0061ms)
✔ an already observed all-private latest page cannot repeatedly reset older public-game backfill (37.324ms)
✔ public analytics rejects invalid IDs, ambiguous and malformed cursors before storage access (113.6057ms)
✔ public match rejects extraneous queries and unsafe identifiers before storage access (10.072ms)
✔ public analytics and match distinguish unavailable, hidden and stored public data (78.8514ms)
✔ match growth series compares the matching enemy lane and uses actual frame timestamps (6.9225ms)
✔ match growth series does not count missing participants or statistics as zero (1.3676ms)
✔ Report snapshots persist computed historical results and filters without raw matches or participant identities (23.9798ms)
✔ Malformed browser snapshots are rejected rather than crashing the report view (7.5578ms)
✔ Multiple patch selections use a union and still intersect with other filters (4.314ms)
✔ Purchase history removes undone purchases before classifying starting items and ordered cores (0.7119ms)
✔ Build adoption denominator includes observed matches that ended before a second core but excludes missing timelines (0.531ms)
✔ Skill patterns preserve observed sequence and never infer missing level-ups (0.3029ms)
✔ Special map items use the official map classification and mode-specific adoption denominators (0.4227ms)
✔ Riot player filters compose over Korea dates, positions, patches and queues without changing the source (1.6813ms)
✔ Riot aggregations exclude remakes, preserve unknown roles and do not turn missing provider statistics into zero (1.0573ms)
✔ Riot KDA uses aggregate kills and deaths; per-minute values use each actual game duration (0.1656ms)
✔ Champion turret-plate averages use observed values only, preserve real zero and exclude remakes (0.2232ms)
✔ Observed rank coordinates remain continuous across promotion and do not fabricate missing ranks (0.1869ms)
✔ Encounter summaries distinguish repeated same-team players from same-role opponent champions (0.4804ms)
✔ Encounter names keep the same order when server and browser default locales differ (0.9957ms)
✔ Build aggregation treats reordered slots as one combination and excludes empty slots and trinkets (0.2958ms)
✔ Laning and early participation reports require real timeline coverage rather than approximated results (0.755ms)
✔ PUUID encryption is authenticated, opaque and rotation-ready (5.5424ms)
✔ Riot gateway resolves Riot ID and reads the SOLO queue through bounded official endpoints (29.2552ms)
✔ Riot gateway classifies 429, 404, 5xx and malformed responses without exposing credentials (1.3305ms)
✔ production API configuration is independent of optional RSO and binds the exact callback (0.7764ms)
✔ RSO state is HMAC-bound and authorization URL never includes the client secret (1.7998ms)
✔ 0020 adds only the protected exchange cache and signed sync consumer route (9.1576ms)
✔ public Riot profile separates unlinked, connected, stale, temporary and rate-limited states (1.378ms)
✔ recent solo uses queue 420, 20 matches, at most two concurrent requests and a summary-only result (174.1489ms)
✔ empty history and explicit remakes are known zero samples while malformed or wrong-scope details are unavailable (1.1227ms)
✔ rate limiting stops subsequent chunks and propagates bounded Retry-After (0.7281ms)
✔ total time, response size, unsafe IDs and duplicate IDs are bounded before further provider reads (1.4264ms)
✔ stored recent-solo summaries reject extra identity data, invalid counts and invalid numeric values (0.2831ms)
✔ season domain normalizes names and produces stable canonical JSON (1.2716ms)
✔ KST application date is independent of server timezone (21.445ms)
✔ only an active season inside its application window accepts applications (0.2368ms)
✔ admin datetime-local values are converted to and from explicit KST instants (2.4007ms)
✔ client idempotency keys stay stable until success and follow the payload fingerprint (0.3026ms)
✔ application position UI never offers or preserves an ALL mixture (0.8011ms)
✔ season commands require exact JSON keys, safe text and zoned ISO dates (3.119ms)
✔ admin season query parser rejects unknown, duplicate, noncanonical and unsafe values (0.8341ms)
✔ SITE and completed administrator decisions deterministically win Kakao merges (1.6543ms)
✔ Kakao pending filters are bounded and canonical (0.857ms)
✔ Kakao pending mutations carry SUPER intent, revision and deterministic fingerprint (0.777ms)
✔ statistics public queries accept only singular canonical allowlisted values (1.6206ms)
✔ statistics recalculate command binds exact body, projection revision and idempotency identity (1.1084ms)
✔ bounded statistics drain stops on idle, failure and hard event limit (1.2223ms)
✔ season projection deterministically counts games, distinct series, stored MVP and dimensions (2.3926ms)
✔ participation counts a multi-game series once and S05 never derives a missing MVP (0.6338ms)
✔ canonical ranking uses exact rational win rate, stable identity and sequential rank (0.4224ms)
✔ public ranking DTO is an exact allowlist (0.2318ms)
✔ statistics cron rejects credentials, query overrides, wrong path and method before opening the database (29.6781ms)
✔ authenticated empty queue is a no-op; a request never consumes more than ten events (2.2774ms)
✔ time budget finishes the current event and stops before claiming another (2.1134ms)
✔ failed event stops the batch, returns retryable status and exposes no event or raw error (1.0961ms)
✔ database setup, claim and release failures remain retryable without disclosing internals (2.2512ms)
✔ affected seasons dedupe and lock in canonical order for every S04 action scope (1.6634ms)
✔ application passes old/new season rebuild scope to one atomic repository operation (0.5876ms)
✔ application reports idle and releases a failed exact lease without touching READY data (0.2667ms)
✔ statistics failure storage allowlists domain and SQLSTATE codes without copying raw errors (0.2446ms)
✔ storage probe rejects invalid signature, route, query and body before any job dependency (34.0195ms)
✔ storage probe uses a generated UUID and exposes only the matching anonymous trace (3.0364ms)
✔ storage probe preserves replay/rate-limit status and hides job exceptions (2.1684ms)
✔ storage probe reads exact bytes and removes only its new diagnostic object (2.2774ms)
✔ ambiguous write failure is compensated and raw errors never escape (0.5409ms)
✔ cleanup failure is visible and arbitrary keys are rejected before storage access (0.7265ms)
✔ probe bytes pass the production image adapter and cleanup reads bypass the CDN (5.6643ms)
✔ team balance vocabulary and neutral provider defaults are explicit (132.5296ms)
✔ input rejects oversized, duplicate, missing-position, and invalid-score cases (2.4824ms)
✔ the V1 global recommendation is one lossless 5:5 layout with every position exactly once (146.4574ms)
✔ V1 global recommendation is deterministic regardless of request order (154.5454ms)
✔ mixed legacy and new player ids keep a total order across forward, reverse and rotate (1224.3862ms)
✔ V1 search evaluates 126 anchored team splits and each team's best permutation (40.7786ms)
✔ automatic and manual paths return the exact same scoring-kernel breakdown (38.9025ms)
✔ position rating overrides overall and confidence shrinks unknown data toward 50 (50.9695ms)
✔ positions omitted from the request remain legal V1 AUTO assignments (38.8169ms)
✔ [V1 blueblack golden] score uses tier, inhouse, position experience and the data-missing path (0.9902ms)
✔ share text keeps the V1 line order and excludes draft ids, account ids and links (56.1632ms)
✔ manual evaluation rejects duplicate players and incomplete team-position coverage (0.3966ms)
✔ team override HTTP binds origin, scope, revision and idempotency; response is private and replayable (33.7714ms)
✔ override route and Korean control retain ADMIN read, SUPER mutation and optimistic concurrency (12.1203ms)
✔ team-only overrides retain the existing -1000..1000 integer contract without touching MMR inputs (2.2364ms)
✔ 팀 밸런스 초안 목록 query는 단일·제한된 페이지 값만 허용한다 (1.676ms)
✔ 팀 밸런스 후보 query는 플레이어 검색과 최근 신청 출처만 허용한다 (0.4928ms)
✔ recommendation list and detail queries use exact draft/team allowlists (1.1292ms)
✔ recommendation API requires one explicit RED or BLUE team (0.3987ms)
✔ team recommendations are deterministic, position ordered, and ban champions are unique (1.9677ms)
✔ team recommendations keep selected lineup for an unavailable projection (0.2135ms)
✔ team recommendations do not infer an unselected candidate (0.1186ms)
✔ 랜덤 팀 legacy redirect는 mode와 PWA source allowlist만 보존한다 (0.8276ms)
✔ 팀 밸런스 legacy redirect는 검토한 PWA source만 보존한다 (0.6146ms)
✔ 코인 토스 legacy redirect는 PWA source만 보존한다 (0.1762ms)
✔ random-team parser accepts common numbered and bullet list forms (2.2992ms)
✔ random-team parser reports exact participant counts (0.1893ms)
✔ duplicate display names remain distinct slots and are disclosed (0.4791ms)
✔ seeded Fisher-Yates is replayable, non-mutating, and preserves every slot (0.2939ms)
✔ uniform index rejects the modulo-bias tail (0.1239ms)
✔ random teams remain a lossless 5:5 partition across seeds (1.7726ms)
✔ simple tier mapping is the V2 1-to-10 contract (0.4535ms)
✔ tier balance is deterministic and reaches the exhaustive minimum (1.454ms)
✔ tier balance rejects forged scores and duplicate slots (0.6584ms)
✔ coin toss follows idle-playing-revealed and blocks illegal transitions (0.4064ms)
✔ seeded coin toss reaches both sides and replays each seed (0.6783ms)
✔ RFC 6238 SHA-1 vector produces the expected six digit suffix (1.0275ms)
✔ TOTP verifier accepts only the configured time window (0.9781ms)
✔ usage route templates remove identifiers, queries and sensitive pages (1.8994ms)
✔ event ingestion rejects arbitrary text, client identity and unreviewed targets (1.1187ms)
✔ KST range respects midnight, calendar boundaries and bounded retention (3.5331ms)
✔ collection requires explicit production configuration and filters recognizable bots (0.3009ms)
✔ signed visitor cookies reject forgery and key changes (0.7383ms)
✔ USER_ROUTE_MAP canonical 사용자 경로 39개가 중복 없이 분류된다 (1.4422ms)
✔ page-contract로 표시한 사용자 경로는 실제 App Router 페이지가 있다 (2.324ms)
✔ 공지·뉴스·패치노트는 현재 V1 기능 계약에 없으므로 V2 canonical을 꾸며내지 않는다 (0.2333ms)
✔ 현재 경로 표시는 홈을 하위 경로 전체에 오인 적용하지 않는다 (0.152ms)
✔ 전역 명령 팔레트는 검색 dialog·단축키·방향키 탐색 계약을 제공한다 (0.8606ms)
✔ Every task can be found by plain Korean intent before login (4.0373ms)
✔ List return preserves exact filters and rejects external or sibling destinations (0.2764ms)
✔ Support consent is explicit and unknown or oversized inputs fail closed (1.3276ms)
✔ Route metadata covers public and protected pages without indexing private activity (0.6962ms)
✔ Search Enter opens a matching task and offers an explicit player search separately (0.8865ms)
✔ Vercel cron accepts only the exact timing-safe Bearer secret (0.9386ms)
✔ daily close identity changes at 06:00 KST and remains stable for delayed retries (3.1078ms)
✔ invalid cron clocks fail closed before any repository input is made (0.4072ms)
ℹ tests 1069
ℹ suites 0
ℹ pass 1068
ℹ fail 0
ℹ cancelled 0
ℹ skipped 1
ℹ todo 0
ℹ duration_ms 9212.6265

> klol-gg-v2@0.1.0 verify:home-guide-art
> tsx scripts/home/verify-female-guide-art.ts

여성 챔피언 68명 · 개별 이미지 68개 · 1672x940 · SHA-256 중복 0건

> klol-gg-v2@0.1.0 build
> next build

▲ Next.js 16.3.8 (Turbopack)
✓ Running next.config.ts took 210ms

  Creating an optimized production build ...
✓ Compiled successfully in 12.1s
  Running TypeScript ...
  Finished TypeScript in 6.5s ...
  Collecting page data using 15 workers ...
  Generating static pages using 15 workers (0/102) ...
  Generating static pages using 15 workers (25/102) 
  Generating static pages using 15 workers (50/102) 
  Generating static pages using 15 workers (76/102) 
✓ Generating static pages using 15 workers (102/102) in 272ms
  Finalizing page optimization ...

Route (app)                                                             Revalidate  Expire
┌ ƒ /
├ ƒ /_not-found
├ ƒ /account
├ ƒ /account/discipline
├ ƒ /account/password
├ ƒ /account/riot
├ ƒ /account/tier
├ ƒ /admin
├ ƒ /admin/ai-requests
├ ƒ /admin/balance
├ ƒ /admin/balance-ai
├ ƒ /admin/balance-ai/players
├ ƒ /admin/balance-ai/recalculate
├ ƒ /admin/balance-ai/reviews
├ ƒ /admin/balance-ai/reviews/[reviewId]
├ ƒ /admin/balance/drafts
├ ƒ /admin/balance/drafts/[draftId]
├ ƒ /admin/balance/drafts/[draftId]/recommendations
├ ƒ /admin/balance/recommendations
├ ƒ /admin/champions
├ ƒ /admin/champions/[championId]/edit
├ ƒ /admin/champions/new
├ ƒ /admin/discipline
├ ƒ /admin/discipline/[recordId]
├ ƒ /admin/discipline/new
├ ƒ /admin/highlights
├ ƒ /admin/highlights/[highlightId]/edit
├ ƒ /admin/highlights/new
├ ƒ /admin/images
├ ƒ /admin/images/[imageId]/edit
├ ƒ /admin/images/new
├ ƒ /admin/kakao
├ ƒ /admin/kakao/operation-forms
├ ƒ /admin/kakao/operation-forms/[formType]
├ ƒ /admin/kakao/recruits
├ ƒ /admin/kakao/recruits/logs
├ ƒ /admin/kakao/recruits/settings
├ ƒ /admin/kakao/rooms
├ ƒ /admin/kakao/scrims
├ ƒ /admin/kakao/season-apply
├ ƒ /admin/kakao/settings
├ ƒ /admin/kakao/stats
├ ƒ /admin/login
├ ƒ /admin/logs
├ ƒ /admin/logs/kakao
├ ƒ /admin/matches
├ ƒ /admin/matches/[matchId]
├ ƒ /admin/matches/[matchId]/ai-review
├ ƒ /admin/matches/[matchId]/edit
├ ƒ /admin/matches/new
├ ƒ /admin/matches/submissions/[submissionId]
├ ƒ /admin/operation-forms
├ ƒ /admin/operation-forms/[formType]
├ ƒ /admin/operation-forms/[formType]/[id]
├ ƒ /admin/operation-forms/warnings
├ ƒ /admin/players
├ ƒ /admin/players/[playerId]
├ ƒ /admin/players/[playerId]/balance
├ ƒ /admin/players/[playerId]/edit
├ ƒ /admin/players/[playerId]/riot
├ ƒ /admin/players/new
├ ƒ /admin/private-assets
├ ƒ /admin/private-assets/[assetId]
├ ƒ /admin/progress
├ ƒ /admin/progress/destruction
├ ƒ /admin/progress/destruction/[tournamentId]
├ ƒ /admin/progress/destruction/new
├ ƒ /admin/progress/event
├ ƒ /admin/progress/event/[eventId]
├ ƒ /admin/progress/event/new
├ ƒ /admin/recruits
├ ƒ /admin/riot
├ ƒ /admin/search
├ ƒ /admin/seasons
├ ƒ /admin/seasons/kakao-pending
├ ƒ /admin/seasons/kakao-pending/[pendingId]
├ ƒ /admin/security
├ ƒ /admin/site-settings
├ ƒ /admin/usage
├ ƒ /admin/users
├ ƒ /admin/users/[userAccountId]
├ ƒ /ai-balance
├ ƒ /ai-balance/players
├ ƒ /api/admin/ai-requests
├ ƒ /api/admin/backups/[kind]
├ ƒ /api/admin/balance-ai/adjustments
├ ƒ /api/admin/balance-ai/players
├ ƒ /api/admin/balance-ai/recalculate
├ ƒ /api/admin/balance-ai/reviews
├ ƒ /api/admin/balance-ai/summary
├ ƒ /api/admin/balance-ai/team-overrides
├ ƒ /api/admin/champions
├ ƒ /api/admin/champions/[championId]
├ ƒ /api/admin/competitions/destruction
├ ƒ /api/admin/competitions/destruction/[tournamentId]
├ ƒ /api/admin/competitions/events
├ ƒ /api/admin/competitions/events/[eventId]
├ ƒ /api/admin/dashboard
├ ƒ /api/admin/discipline-records
├ ƒ /api/admin/discipline-records/[recordId]
├ ƒ /api/admin/discipline-records/target-options
├ ƒ /api/admin/discipline-tasks/[taskId]/review
├ ƒ /api/admin/discipline/assets/[assetId]
├ ƒ /api/admin/highlights
├ ƒ /api/admin/highlights/[highlightId]
├ ƒ /api/admin/highlights/[highlightId]/assets
├ ƒ /api/admin/images
├ ƒ /api/admin/images/[imageId]
├ ƒ /api/admin/images/[imageId]/assets
├ ƒ /api/admin/images/[imageId]/home-display
├ ƒ /api/admin/kakao/recruit-health
├ ƒ /api/admin/kakao/rooms
├ ƒ /api/admin/kakao/settings
├ ƒ /api/admin/kakao/stats
├ ƒ /api/admin/login
├ ƒ /api/admin/logout
├ ƒ /api/admin/logs
├ ƒ /api/admin/logs/stats
├ ƒ /api/admin/maintenance/admin-log-cleanup
├ ƒ /api/admin/maintenance/rate-limit-cleanup
├ ƒ /api/admin/matches
├ ƒ /api/admin/matches/[matchId]
├ ƒ /api/admin/matches/[matchId]/publish
├ ƒ /api/admin/matches/[matchId]/restore
├ ƒ /api/admin/matches/[matchId]/void
├ ƒ /api/admin/matches/editor-options/players
├ ƒ /api/admin/matches/import
├ ƒ /api/admin/matches/integrity
├ ƒ /api/admin/matches/submissions
├ ƒ /api/admin/matches/submissions/[submissionId]
├ ƒ /api/admin/matches/submissions/[submissionId]/approve
├ ƒ /api/admin/matches/submissions/[submissionId]/cancel-import
├ ƒ /api/admin/matches/submissions/[submissionId]/images/[imageId]
├ ƒ /api/admin/matches/submissions/[submissionId]/images/[imageId]/ocr
├ ƒ /api/admin/matches/submissions/[submissionId]/reject
├ ƒ /api/admin/matches/submissions/[submissionId]/reopen
├ ƒ /api/admin/matches/submissions/[submissionId]/review-draft
├ ƒ /api/admin/operation-forms
├ ƒ /api/admin/operation-forms/[formType]/[id]
├ ƒ /api/admin/players
├ ƒ /api/admin/players/[playerId]
├ ƒ /api/admin/players/[playerId]/balance-profile
├ ƒ /api/admin/players/[playerId]/password-reset
├ ƒ /api/admin/players/[playerId]/reactivate
├ ƒ /api/admin/private-assets
├ ƒ /api/admin/private-assets/[assetId]
├ ƒ /api/admin/private-assets/[assetId]/metadata
├ ƒ /api/admin/recruits
├ ƒ /api/admin/recruits/[recruitId]
├ ƒ /api/admin/riot
├ ƒ /api/admin/riot/bulk
├ ƒ /api/admin/riot/bulk-link
├ ƒ /api/admin/riot/link
├ ƒ /api/admin/riot/retry
├ ƒ /api/admin/riot/sync
├ ƒ /api/admin/season-applications
├ ƒ /api/admin/season-applications/[applicationId]/review
├ ƒ /api/admin/season-kakao-pending
├ ƒ /api/admin/season-kakao-pending/[pendingId]
├ ƒ /api/admin/season-kakao-pending/[pendingId]/cancel
├ ƒ /api/admin/season-kakao-pending/[pendingId]/resolve
├ ƒ /api/admin/seasons
├ ƒ /api/admin/seasons/[seasonId]
├ ƒ /api/admin/seasons/[seasonId]/activate
├ ƒ /api/admin/seasons/[seasonId]/clone
├ ƒ /api/admin/seasons/[seasonId]/end
├ ƒ /api/admin/security/totp
├ ƒ /api/admin/security/totp/disable
├ ƒ /api/admin/security/totp/enable
├ ƒ /api/admin/security/totp/setup
├ ƒ /api/admin/session
├ ƒ /api/admin/site-settings
├ ƒ /api/admin/stats/consistency
├ ƒ /api/admin/stats/recalculate
├ ƒ /api/admin/team-tools/drafts/[draftId]
├ ƒ /api/admin/team-tools/drafts/[draftId]/archive
├ ƒ /api/admin/team-tools/drafts/[draftId]/recommendations
├ ƒ /api/admin/team-tools/drafts/[draftId]/reevaluate
├ ƒ /api/admin/team-tools/drafts/[draftId]/restore
├ ƒ /api/admin/team-tools/drafts/[draftId]/save
├ ƒ /api/admin/team-tools/drafts/[draftId]/select
├ ƒ /api/admin/usage/export
├ ƒ /api/admin/users
├ ƒ /api/admin/users/[userAccountId]
├ ƒ /api/admin/users/[userAccountId]/2fa-reset
├ ƒ /api/admin/users/[userAccountId]/approve
├ ƒ /api/admin/users/[userAccountId]/delete
├ ƒ /api/admin/users/[userAccountId]/details
├ ƒ /api/admin/users/[userAccountId]/password-reset
├ ƒ /api/admin/users/[userAccountId]/reject
├ ƒ /api/admin/users/[userAccountId]/reset
├ ƒ /api/admin/users/[userAccountId]/reset-pending
├ ƒ /api/admin/users/[userAccountId]/restore
├ ƒ /api/admin/users/[userAccountId]/role
├ ƒ /api/admin/users/[userAccountId]/suspend
├ ƒ /api/ai/chat
├ ƒ /api/applications/available
├ ƒ /api/applications/season
├ ƒ /api/auth/login
├ ƒ /api/auth/logout
├ ƒ /api/auth/me
├ ƒ /api/auth/me/player
├ ƒ /api/auth/password
├ ƒ /api/auth/password/forgot
├ ƒ /api/auth/reset-requests
├ ƒ /api/auth/signup
├ ƒ /api/champions
├ ƒ /api/champions/[championId]
├ ƒ /api/competitions/destruction
├ ƒ /api/competitions/destruction/[tournamentId]
├ ƒ /api/competitions/destruction/[tournamentId]/application
├ ƒ /api/competitions/destruction/[tournamentId]/mvp-vote
├ ƒ /api/competitions/events
├ ƒ /api/competitions/events/[eventId]
├ ƒ /api/competitions/events/[eventId]/application
├ ƒ /api/cron/destruction-ratings
├ ƒ /api/cron/kakao-daily-close
├ ƒ /api/cron/mmr-projection
├ ƒ /api/cron/riot-sync
├ ƒ /api/cron/statistics-projection
├ ƒ /api/cron/support-retention
├ ƒ /api/discipline/stats
├ ƒ /api/health
├ ƒ /api/highlights
├ ƒ /api/highlights/[highlightId]
├ ƒ /api/images
├ ƒ /api/images/[imageId]
├ ƒ /api/integrations/kakao/image-receive
├ ƒ /api/integrations/kakao/managed-forms
├ ƒ /api/integrations/kakao/openchat
├ ƒ /api/integrations/kakao/operation-forms
├ ƒ /api/integrations/kakao/pair-room
├ ƒ /api/integrations/kakao/recruits
├ ƒ /api/integrations/kakao/scheduled-notice
├ ƒ /api/integrations/kakao/search-player
├ ƒ /api/integrations/kakao/season-applications
├ ƒ /api/integrations/kakao/site-notices
├ ƒ /api/integrations/kakao/v4/commands
├ ƒ /api/internal/jobs/discipline-assets-cleanup
├ ƒ /api/internal/jobs/discipline-assets-recover
├ ƒ /api/internal/jobs/kakao-daily-close
├ ƒ /api/internal/jobs/maintenance
├ ƒ /api/internal/jobs/riot-api-probe
├ ƒ /api/internal/jobs/riot-sync
├ ƒ /api/internal/jobs/storage-probe
├ ƒ /api/kakao/destruction-scrim-recruits/[action]
├ ƒ /api/kakao/image-receive
├ ƒ /api/kakao/managed-forms
├ ƒ /api/kakao/openchat
├ ƒ /api/kakao/operation-forms
├ ƒ /api/kakao/party-recruits/[action]
├ ƒ /api/kakao/recruit/season-apply
├ ƒ /api/kakao/recruit/season-apply/status
├ ƒ /api/kakao/scheduled-notice
├ ƒ /api/kakao/search-player
├ ƒ /api/matches
├ ƒ /api/matches/[matchId]
├ ƒ /api/me/discipline/assets/[assetId]
├ ƒ /api/me/discipline/tasks
├ ƒ /api/me/discipline/tasks/[taskId]
├ ƒ /api/me/discipline/tasks/[taskId]/evidence
├ ƒ /api/me/discipline/tasks/[taskId]/evidence/[assetId]/submit
├ ƒ /api/me/discipline/tasks/[taskId]/kakao-session
├ ƒ /api/me/match-submissions
├ ƒ /api/me/match-submissions/[code]
├ ƒ /api/me/match-submissions/[code]/cancel
├ ƒ /api/me/match-submissions/[code]/images
├ ƒ /api/me/match-submissions/[code]/images/[imageId]
├ ƒ /api/me/match-submissions/[code]/kakao-session
├ ƒ /api/me/riot
├ ƒ /api/me/riot/rso/callback
├ ƒ /api/me/riot/rso/start
├ ƒ /api/me/riot/sync
├ ƒ /api/media/assets/[assetId]
├ ƒ /api/rankings
├ ƒ /api/rankings/mmr
├ ƒ /api/recruits
├ ƒ /api/riot/player/[playerId]/analytics
├ ƒ /api/riot/player/[playerId]/matches/[matchId]
├ ƒ /api/riot/player/[playerId]/summary
├ ƒ /api/seasons
├ ƒ /api/seasons/current
├ ƒ /api/site-settings
├ ƒ /api/stats/player/[playerId]/recent
├ ƒ /api/stats/player/[playerId]/summary
├ ƒ /api/stats/top
├ ƒ /api/support
├ ƒ /api/team-tools/candidates
├ ƒ /api/team-tools/drafts
├ ƒ /api/team-tools/drafts/[draftId]
├ ƒ /api/team-tools/drafts/[draftId]/recommendations
├ ƒ /api/team-tools/drafts/[draftId]/reevaluate
├ ƒ /api/team-tools/drafts/[draftId]/save
├ ƒ /api/team-tools/drafts/[draftId]/select
├ ƒ /api/usage/events
├ ƒ /app
├ ƒ /app/account
├ ƒ /app/coin-toss
├ ƒ /app/install
├ ƒ /app/login
├ ƒ /app/matches
├ ƒ /app/matches/[matchId]
├ ƒ /app/me
├ ƒ /app/me/riot
├ ƒ /app/players
├ ƒ /app/players/[legacyId]
├ ƒ /app/progress/destruction/[tournamentId]
├ ƒ /app/progress/destruction/[tournamentId]/mvp-vote
├ ƒ /app/progress/event/[eventId]
├ ƒ /app/random-team
├ ƒ /app/rankings
├ ƒ /app/recruits
├ ƒ /applications
├ ƒ /balance
├ ƒ /coin-toss
├ ƒ /competitions
├ ƒ /competitions/destruction
├ ƒ /competitions/destruction/[tournamentId]
├ ƒ /competitions/events
├ ƒ /competitions/events/[eventId]
├ ƒ /destruction-auction-live/[tournamentId]
├ ƒ /discipline
├ ƒ /discipline/evidence
├ ƒ /forbidden
├ ƒ /forgot-password
├ ƒ /help
├ ƒ /help/contact
├ ƒ /help/kakao
├ ƒ /help/recruits
├ ƒ /help/riot
├ ƒ /highlights
├ ƒ /highlights/[highlightId]
├ ○ /icon.svg
├ ƒ /images
├ ƒ /images/[imageId]
├ ƒ /install
├ ƒ /kakao
├ ƒ /login
├ ○ /manifest.webmanifest
├ ƒ /matches
├ ƒ /matches/[matchId]
├ ƒ /matches/submissions
├ ƒ /matches/submit
├ ƒ /me/player
├ ƒ /me/riot
├ ƒ /participation
├ ƒ /participation/destruction/[tournamentId]
├ ƒ /participation/destruction/[tournamentId]/captain-points
├ ƒ /participation/destruction/[tournamentId]/participants
├ ƒ /participation/destruction/[tournamentId]/participants/[playerId]
├ ƒ /participation/event/[eventId]
├ ƒ /participation/season
├ ƒ /players
├ ƒ /players/[playerId]
├ ƒ /players/[playerId]/riot
├ ƒ /players/balance
├ ƒ /players/balance/drafts
├ ƒ /players/balance/drafts/[draftId]
├ ƒ /players/balance/drafts/[draftId]/recommendations
├ ƒ /players/balance/recommendations
├ ƒ /privacy
├ ƒ /progress
├ ƒ /progress/destruction
├ ƒ /progress/destruction/[tournamentId]
├ ƒ /progress/destruction/[tournamentId]/images
├ ƒ /progress/destruction/[tournamentId]/images/[imageIndex]
├ ƒ /progress/destruction/[tournamentId]/mvp-vote
├ ƒ /progress/event
├ ƒ /progress/event/[eventId]
├ ƒ /random-team
├ ƒ /rankings
├ ƒ /rankings/mmr
├ ƒ /recruit
├ ƒ /recruit-helper
├ ƒ /recruits
├ ƒ /riot-api
├ ○ /robots.txt
├ ƒ /signup
├ ○ /sitemap.xml                                                                1h      1y
├ ƒ /start
├ ƒ /team-balance
├ ƒ /team-balance/drafts/[draftId]
├ ƒ /terms
├ ƒ /tools/coin-toss
├ ƒ /tools/random-team
├ ƒ /tools/team-balance
├ ƒ /tools/team-balance/drafts
└ ƒ /tools/team-balance/drafts/[draftId]


ƒ Proxy (Middleware)

○  (Static)   prerendered as static content
ƒ  (Dynamic)  server-rendered on demand

